Fecha	T.ida	T.vuelta
20240112	37000	27201
20240112	27201	27101
20240112	27101	27106
20240112	27106	27206
20240112	27206	21629
20240112	21629	32949
20240112	32949	21028
20240112	21028	21640
20240112	21640	27233
20240112	27233	27133
20240112	27133	27132
20240112	27132	27232
20240112	27232	21673
20240112	21673	32969
20240112	32969	
20240112	37000	27201
20240112	27201	27101
20240112	27101	27106
20240112	27106	27206
20240112	27206	21629
20240112	21629	32949
20240112	32949	21028
20240112	21028	21640
20240112	21640	27233
20240112	27233	27133
20240112	27133	27132
20240112	27132	27232
20240112	27232	21673
20240112	21673	32969
20240112	32969	
20240112	21401	21702
20240112	21702	21805
20240112	21805	37092
20240112	37092	
20240112	21401	21702
20240112	21702	21805
20240112	21805	37092
20240112	37092	
20240112	21409	32937
20240112	32937	21018
20240112	21018	39166
20240112	39166	
20240112	21409	32937
20240112	32937	21018
20240112	21018	39166
20240112	39166	
20240112	37074	21404
20240112	21404	21715
20240112	21715	27815
20240112	27815	27925
20240112	27925	21724
20240112	21724	35059
20240112	35059	21514
20240112	21514	21745
20240112	21745	27845
20240112	27845	27955
20240112	27955	21754
20240112	21754	35085
20240112	35085	21446
20240112	21446	21461
20240112	21461	
20240112	37074	21404
20240112	21404	21715
20240112	21715	27815
20240112	27815	27925
20240112	27925	21724
20240112	21724	35059
20240112	35059	21514
20240112	21514	21745
20240112	21745	27845
20240112	27845	27955
20240112	27955	21754
20240112	21754	35085
20240112	35085	21446
20240112	21446	21461
20240112	21461	
20240112	32938	21624
20240112	21624	27217
20240112	27217	27117
20240112	27117	27118
20240112	27118	27218
20240112	27218	21647
20240112	21647	21041
20240112	21041	21040
20240112	21040	21668
20240112	21668	27247
20240112	27247	27147
20240112	27147	
20240112	32938	21624
20240112	21624	27217
20240112	27217	27117
20240112	27117	27118
20240112	27118	27218
20240112	27218	21647
20240112	21647	21041
20240112	21041	21040
20240112	21040	21668
20240112	21668	27247
20240112	27247	27147
20240112	27147	
20240112	27203	27103
20240112	27103	27108
20240112	27108	27208
20240112	27208	27219
20240112	27219	27119
20240112	27119	27120
20240112	27120	27220
20240112	27220	21651
20240112	21651	21045
20240112	21045	32946
20240112	32946	27234
20240112	27234	27249
20240112	27249	27149
20240112	27149	
20240112	27203	27103
20240112	27103	27108
20240112	27108	27208
20240112	27208	27219
20240112	27219	27119
20240112	27119	27120
20240112	27120	27220
20240112	27220	21651
20240112	21651	21045
20240112	21045	32946
20240112	32946	27234
20240112	27234	27249
20240112	27249	27149
20240112	27149	
20240112	37002	21603
20240112	21603	32935
20240112	32935	32940
20240112	32940	21626
20240112	21626	32083
20240112	32083	21420
20240112	21420	21735
20240112	21735	27835
20240112	27835	27945
20240112	27945	21744
20240112	21744	35077
20240112	35077	21524
20240112	21524	21765
20240112	21765	27865
20240112	27865	27975
20240112	27975	
20240112	37002	21603
20240112	21603	32935
20240112	32935	32940
20240112	32940	21626
20240112	21626	32083
20240112	32083	21420
20240112	21420	21735
20240112	21735	27835
20240112	27835	27945
20240112	27945	21744
20240112	21744	35077
20240112	35077	21524
20240112	21524	21765
20240112	21765	27865
20240112	27865	27975
20240112	27975	
20240112	27205	27105
20240112	27105	27110
20240112	27110	27210
20240112	27210	21631
20240112	21631	21027
20240112	21027	21030
20240112	21030	21646
20240112	21646	27235
20240112	27235	27135
20240112	27135	27136
20240112	27136	27236
20240112	27236	21675
20240112	21675	21069
20240112	21069	37082
20240112	37082	
20240112	27205	27105
20240112	27105	27110
20240112	27110	27210
20240112	27210	21631
20240112	21631	21027
20240112	21027	21030
20240112	21030	21646
20240112	21646	27235
20240112	27235	27135
20240112	27135	27136
20240112	27136	27236
20240112	27236	21675
20240112	21675	21069
20240112	21069	37082
20240112	37082	
20240112	21600	21611
20240112	21611	21015
20240112	21015	21020
20240112	21020	21630
20240112	21630	27221
20240112	27221	27121
20240112	27121	27122
20240112	27122	27222
20240112	27222	27237
20240112	27237	32959
20240112	32959	32948
20240112	32948	21442
20240112	21442	21771
20240112	21771	27871
20240112	27871	
20240112	21600	21611
20240112	21611	21015
20240112	21015	21020
20240112	21020	21630
20240112	21630	27221
20240112	27221	27121
20240112	27121	27122
20240112	27122	27222
20240112	27222	27237
20240112	27237	32959
20240112	32959	32948
20240112	32948	21442
20240112	21442	21771
20240112	21771	27871
20240112	27871	
20240112	37006	21605
20240112	21605	
20240112	37006	21605
20240112	21605	
20240112	21607	32941
20240112	32941	21048
20240112	21048	27238
20240112	27238	
20240112	21607	32941
20240112	32941	21048
20240112	21048	27238
20240112	27238	
20240112	37083	21006
20240112	21006	21622
20240112	21622	21627
20240112	21627	32947
20240112	32947	21026
20240112	21026	21636
20240112	21636	21643
20240112	21643	32957
20240112	32957	21038
20240112	21038	21662
20240112	21662	27245
20240112	27245	27145
20240112	27145	27146
20240112	27146	27244
20240112	27244	37001
20240112	37001	
20240112	37083	21006
20240112	21006	21622
20240112	21622	21627
20240112	21627	32947
20240112	32947	21026
20240112	21026	21636
20240112	21636	21643
20240112	21643	32957
20240112	32957	21038
20240112	21038	21662
20240112	21662	27245
20240112	27245	27145
20240112	27145	27146
20240112	27146	27244
20240112	27244	37001
20240112	37001	
20240112	21602	27209
20240112	27209	27109
20240112	27109	27112
20240112	27112	27212
20240112	27212	21633
20240112	21633	21029
20240112	21029	21032
20240112	21032	21652
20240112	21652	27239
20240112	27239	27139
20240112	27139	27140
20240112	27140	27240
20240112	27240	21677
20240112	21677	
20240112	21602	27209
20240112	27209	27109
20240112	27109	27112
20240112	27112	27212
20240112	27212	21633
20240112	21633	21029
20240112	21029	21032
20240112	21032	21652
20240112	21652	27239
20240112	27239	27139
20240112	27139	27140
20240112	27140	27240
20240112	27240	21677
20240112	21677	
20240112	21604	21713
20240112	21713	27813
20240112	27813	27923
20240112	27923	21722
20240112	21722	35057
20240112	35057	21512
20240112	21512	21743
20240112	21743	27843
20240112	27843	27953
20240112	27953	21752
20240112	21752	35083
20240112	35083	21444
20240112	21444	21773
20240112	21773	
20240112	21604	21713
20240112	21713	27813
20240112	27813	27923
20240112	27923	21722
20240112	21722	35057
20240112	35057	21512
20240112	21512	21743
20240112	21743	27843
20240112	27843	27953
20240112	27953	21752
20240112	21752	35083
20240112	35083	21444
20240112	21444	21773
20240112	21773	
20240112	21403	27000
20240112	27000	27213
20240112	27213	27113
20240112	27113	27114
20240112	27114	27214
20240112	27214	21635
20240112	21635	
20240112	27213	27113
20240112	27113	27114
20240112	27114	27214
20240112	27214	21635
20240112	21635	
20240112	37068	21606
20240112	21606	27005
20240112	27005	21504
20240112	21504	21721
20240112	21721	27821
20240112	27821	27931
20240112	27931	21730
20240112	21730	35065
20240112	35065	21428
20240112	21428	21751
20240112	21751	27851
20240112	27851	27961
20240112	27961	21760
20240112	21760	21457
20240112	21457	
20240112	37068	21606
20240112	21606	27005
20240112	27005	21504
20240112	21504	21721
20240112	21721	27821
20240112	27821	27931
20240112	27931	21730
20240112	21730	35065
20240112	35065	21428
20240112	21428	21751
20240112	21751	27851
20240112	27851	27961
20240112	27961	21760
20240112	21760	21457
20240112	21457	
20240112	27007	21506
20240112	21506	21723
20240112	21723	27823
20240112	27823	27933
20240112	27933	21732
20240112	21732	35067
20240112	35067	21430
20240112	21430	21753
20240112	21753	27853
20240112	27853	27963
20240112	27963	21762
20240112	21762	21459
20240112	21459	37063
20240112	37063	
20240112	27007	21506
20240112	21506	21723
20240112	21723	27823
20240112	27823	27933
20240112	27933	21732
20240112	21732	35067
20240112	35067	21430
20240112	21430	21753
20240112	21753	27853
20240112	27853	27963
20240112	27963	21762
20240112	21762	21459
20240112	21459	37063
20240112	37063	
20240112	37072	21610
20240112	21610	21613
20240112	21613	27006
20240112	27006	27225
20240112	27225	27125
20240112	27125	27126
20240112	27126	27226
20240112	27226	27243
20240112	27243	27143
20240112	27143	27142
20240112	27142	27242
20240112	27242	
20240112	37072	21610
20240112	21610	21613
20240112	21613	27006
20240112	27006	27225
20240112	27225	27125
20240112	27125	27126
20240112	27126	27226
20240112	27226	27243
20240112	27243	27143
20240112	27143	27142
20240112	27142	27242
20240112	27242	
20240112	32801	35054
20240112	35054	21725
20240112	21725	27825
20240112	27825	27935
20240112	27935	21734
20240112	21734	35069
20240112	35069	21432
20240112	21432	21755
20240112	21755	27855
20240112	27855	27965
20240112	27965	21764
20240112	21764	
20240112	32801	35054
20240112	35054	21725
20240112	21725	27825
20240112	27825	27935
20240112	27935	21734
20240112	21734	35069
20240112	35069	21432
20240112	21432	21755
20240112	21755	27855
20240112	27855	27965
20240112	27965	21764
20240112	21764	
20240112	39075	21614
20240112	21614	21717
20240112	21717	27817
20240112	27817	27927
20240112	27927	21726
20240112	21726	35061
20240112	35061	21516
20240112	21516	21747
20240112	21747	27847
20240112	27847	27957
20240112	27957	21756
20240112	21756	32817
20240112	32817	39086
20240112	39086	
20240112	39075	21614
20240112	21614	21717
20240112	21717	27817
20240112	27817	27927
20240112	27927	21726
20240112	21726	35061
20240112	35061	21516
20240112	21516	21747
20240112	21747	27847
20240112	27847	27957
20240112	27957	21756
20240112	21756	32817
20240112	32817	39086
20240112	39086	
20240112	37081	32930
20240112	32930	21616
20240112	21616	21809
20240112	21809	39168
20240112	39168	
20240112	37081	32930
20240112	32930	21616
20240112	21616	21809
20240112	21809	39168
20240112	39168	
20240112	21405	21618
20240112	21618	21621
20240112	21621	27008
20240112	27008	35063
20240112	35063	21518
20240112	21518	21749
20240112	21749	27849
20240112	27849	27959
20240112	27959	21758
20240112	21758	21455
20240112	21455	37061
20240112	37061	
20240112	21405	21618
20240112	21618	21621
20240112	21621	27008
20240112	27008	35063
20240112	35063	21518
20240112	21518	21749
20240112	21749	27849
20240112	27849	27959
20240112	27959	21758
20240112	21758	21455
20240112	21455	37061
20240112	37061	
20240112	21704	21509
20240112	21509	32943
20240112	32943	21022
20240112	21022	21632
20240112	21632	27223
20240112	27223	27123
20240112	27123	27124
20240112	27124	27224
20240112	27224	27241
20240112	27241	32963
20240112	32963	21052
20240112	21052	21676
20240112	21676	
20240112	21704	21509
20240112	21509	32943
20240112	32943	21022
20240112	21022	21632
20240112	21632	27223
20240112	27223	27123
20240112	27123	27124
20240112	27124	27224
20240112	27224	27241
20240112	27241	32963
20240112	32963	21052
20240112	21052	21676
20240112	21676	
20240112	27100	27200
20240112	27200	21623
20240112	21623	
20240112	27100	27200
20240112	27200	21623
20240112	21623	
20240112	27102	27202
20240112	27202	27231
20240112	27231	27131
20240112	27131	27130
20240112	27130	27230
20240112	27230	21671
20240112	21671	32967
20240112	32967	
20240112	27102	27202
20240112	27202	27231
20240112	27231	27131
20240112	27131	27130
20240112	27130	27230
20240112	27230	21671
20240112	21671	32967
20240112	32967	
20240112	27104	27204
20240112	27204	27229
20240112	27229	27129
20240112	27129	
20240112	27104	27204
20240112	27204	27229
20240112	27229	27129
20240112	27129	
20240112	39083	21620
20240112	21620	27215
20240112	27215	27115
20240112	27115	27116
20240112	27116	27216
20240112	27216	21639
20240112	21639	32953
20240112	32953	32944
20240112	32944	21658
20240112	21658	21665
20240112	21665	32965
20240112	32965	21054
20240112	21054	21678
20240112	21678	
20240112	39083	21620
20240112	21620	27215
20240112	27215	27115
20240112	27115	27116
20240112	27116	27216
20240112	27216	21639
20240112	21639	32953
20240112	32953	32944
20240112	32944	21658
20240112	21658	21665
20240112	21665	32965
20240112	32965	21054
20240112	21054	21678
20240112	21678	
20240112	21601	21003
20240112	21003	21024
20240112	21024	21634
20240112	21634	27227
20240112	27227	27127
20240112	27127	27128
20240112	27128	27228
20240112	27228	
20240112	21601	21003
20240112	21003	21024
20240112	21024	21634
20240112	21634	27227
20240112	27227	27127
20240112	27127	27128
20240112	27128	27228
20240112	27228	
20240112	27032	
20240112	37085	37080
20240112	37080	
20240112	32951	21034
20240112	21034	
20240112	32951	21034
20240112	21034	
20240112	37027	37022
20240112	37022	27801
20240112	27801	27911
20240112	27911	21710
20240112	21710	21517
20240112	21517	35060
20240112	35060	21731
20240112	21731	27831
20240112	27831	27941
20240112	27941	21740
20240112	21740	35073
20240112	35073	21520
20240112	21520	21761
20240112	21761	27861
20240112	27861	27971
20240112	27971	21770
20240112	21770	
20240112	37027	37022
20240112	37022	27801
20240112	27801	27911
20240112	27911	21710
20240112	21710	21517
20240112	21517	35060
20240112	35060	21731
20240112	21731	27831
20240112	27831	27941
20240112	27941	21740
20240112	21740	35073
20240112	35073	21520
20240112	21520	21761
20240112	21761	27861
20240112	27861	27971
20240112	27971	21770
20240112	21770	
20240112	39018	21707
20240112	21707	27807
20240112	27807	27917
20240112	27917	21716
20240112	21716	32807
20240112	32807	35064
20240112	35064	21737
20240112	21737	27837
20240112	27837	27947
20240112	27947	21746
20240112	21746	35079
20240112	35079	21526
20240112	21526	21767
20240112	21767	27867
20240112	27867	27977
20240112	27977	
20240112	39018	21707
20240112	21707	27807
20240112	27807	27917
20240112	27917	21716
20240112	21716	32807
20240112	32807	35064
20240112	35064	21737
20240112	21737	27837
20240112	27837	27947
20240112	27947	21746
20240112	21746	35079
20240112	35079	21526
20240112	21526	21767
20240112	21767	27867
20240112	27867	27977
20240112	27977	
20240112	37070	21700
20240112	21700	21711
20240112	21711	27811
20240112	27811	27921
20240112	27921	21720
20240112	21720	35055
20240112	35055	21426
20240112	21426	21741
20240112	21741	27841
20240112	27841	27951
20240112	27951	21750
20240112	21750	32821
20240112	32821	32086
20240112	32086	
20240112	37070	21700
20240112	21700	21711
20240112	21711	27811
20240112	27811	27921
20240112	27921	21720
20240112	21720	35055
20240112	35055	21426
20240112	21426	21741
20240112	21741	27841
20240112	27841	27951
20240112	27951	21750
20240112	21750	32821
20240112	32821	32086
20240112	32086	
20240112	21709	27809
20240112	27809	27919
20240112	27919	21718
20240112	21718	21431
20240112	21431	35066
20240112	35066	21739
20240112	21739	27839
20240112	27839	27949
20240112	27949	21748
20240112	21748	35081
20240112	35081	21438
20240112	21438	21769
20240112	21769	27869
20240112	27869	27979
20240112	27979	37021
20240112	37021	
20240112	21709	27809
20240112	27809	27919
20240112	27919	21718
20240112	21718	21431
20240112	21431	35066
20240112	35066	21739
20240112	21739	27839
20240112	27839	27949
20240112	27949	21748
20240112	21748	35081
20240112	35081	21438
20240112	21438	21769
20240112	21769	27869
20240112	27869	27979
20240112	27979	37021
20240112	37021	
20240112	27907	21706
20240112	21706	21423
20240112	21423	32945
20240112	32945	
20240112	27907	21706
20240112	21706	21423
20240112	21423	32945
20240112	32945	
20240112	21004	21408
20240112	21408	21421
20240112	21421	35056
20240112	35056	21727
20240112	21727	27827
20240112	27827	27937
20240112	27937	21736
20240112	21736	21441
20240112	21441	
20240112	21004	21408
20240112	21408	21421
20240112	21421	35056
20240112	35056	21727
20240112	21727	27827
20240112	27827	27937
20240112	27937	21736
20240112	21736	21441
20240112	21441	
20240112	21195	27803
20240112	27803	27913
20240112	27913	21712
20240112	21712	32803
20240112	32803	35062
20240112	35062	21733
20240112	21733	27833
20240112	27833	27943
20240112	27943	21742
20240112	21742	35075
20240112	35075	21522
20240112	21522	21763
20240112	21763	27863
20240112	27863	27973
20240112	27973	21772
20240112	21772	37067
20240112	37067	
20240112	21195	27803
20240112	27803	27913
20240112	27913	21712
20240112	21712	32803
20240112	32803	35062
20240112	35062	21733
20240112	21733	27833
20240112	27833	27943
20240112	27943	21742
20240112	21742	35075
20240112	35075	21522
20240112	21522	21763
20240112	21763	27863
20240112	27863	27973
20240112	27973	21772
20240112	21772	37067
20240112	37067	
20240112	27799	27909
20240112	27909	21708
20240112	21708	21515
20240112	21515	35058
20240112	35058	21729
20240112	21729	27829
20240112	27829	27939
20240112	27939	21738
20240112	21738	35071
20240112	35071	21436
20240112	21436	21759
20240112	21759	27859
20240112	27859	27969
20240112	27969	21768
20240112	21768	
20240112	27799	27909
20240112	27909	21708
20240112	21708	21515
20240112	21515	35058
20240112	35058	21729
20240112	21729	27829
20240112	27829	27939
20240112	27939	21738
20240112	21738	35071
20240112	35071	21436
20240112	21436	21759
20240112	21759	27859
20240112	27859	27969
20240112	27969	21768
20240112	21768	
20240112	21705	27805
20240112	27805	27915
20240112	27915	21714
20240112	21714	32805
20240112	32805	32080
20240112	32080	32087
20240112	32087	21642
20240112	21642	27025
20240112	27025	21434
20240112	21434	21757
20240112	21757	27857
20240112	27857	27967
20240112	27967	21766
20240112	21766	
20240112	21705	27805
20240112	27805	27915
20240112	27915	21714
20240112	21714	32805
20240112	32805	32080
20240112	32080	32087
20240112	32087	21642
20240112	21642	27025
20240112	27025	21434
20240112	21434	21757
20240112	21757	27857
20240112	27857	27967
20240112	27967	21766
20240112	21766	
20240112	21001	32934
20240112	32934	32800
20240112	32800	21719
20240112	21719	27819
20240112	27819	27929
20240112	27929	21728
20240112	21728	21521
20240112	21521	
20240112	21001	32934
20240112	32934	32800
20240112	32800	21719
20240112	21719	27819
20240112	27819	27929
20240112	27929	21728
20240112	21728	21521
20240112	21521	
20240112	37090	21102
20240112	21102	21209
20240112	21209	21116
20240112	21116	21223
20240112	21223	21130
20240112	21130	21237
20240112	21237	21144
20240112	21144	21251
20240112	21251	21158
20240112	21158	21265
20240112	21265	21170
20240112	21170	
20240112	37090	21102
20240112	21102	21209
20240112	21209	21116
20240112	21116	21223
20240112	21223	21130
20240112	21130	21237
20240112	21237	21144
20240112	21144	21251
20240112	21251	21158
20240112	21158	21265
20240112	21265	21170
20240112	21170	
20240112	21100	21207
20240112	21207	21114
20240112	21114	21221
20240112	21221	21128
20240112	21128	21235
20240112	21235	21142
20240112	21142	21249
20240112	21249	21156
20240112	21156	21263
20240112	21263	21168
20240112	21168	39013
20240112	39013	
20240112	21100	21207
20240112	21207	21114
20240112	21114	21221
20240112	21221	21128
20240112	21128	21235
20240112	21235	21142
20240112	21142	21249
20240112	21249	21156
20240112	21156	21263
20240112	21263	21168
20240112	21168	39013
20240112	39013	
20240112	21104	21211
20240112	21211	21118
20240112	21118	21225
20240112	21225	21132
20240112	21132	21239
20240112	21239	21146
20240112	21146	21253
20240112	21253	37088
20240112	37088	39090
20240112	39090	
20240112	21104	21211
20240112	21211	21118
20240112	21118	21225
20240112	21225	21132
20240112	21132	21239
20240112	21239	21146
20240112	21146	21253
20240112	21253	37088
20240112	37088	39090
20240112	39090	
20240112	39007	21106
20240112	21106	21213
20240112	21213	21120
20240112	21120	21227
20240112	21227	21134
20240112	21134	21241
20240112	21241	21148
20240112	21148	21255
20240112	21255	21160
20240112	21160	21267
20240112	21267	
20240112	39007	21106
20240112	21106	21213
20240112	21213	21120
20240112	21120	21227
20240112	21227	21134
20240112	21134	21241
20240112	21241	21148
20240112	21148	21255
20240112	21255	21160
20240112	21160	21267
20240112	21267	
20240112	37020	27797
20240112	27797	21201
20240112	21201	21108
20240112	21108	21215
20240112	21215	21122
20240112	21122	21229
20240112	21229	21136
20240112	21136	21243
20240112	21243	21150
20240112	21150	21257
20240112	21257	21162
20240112	21162	21269
20240112	21269	
20240112	37020	27797
20240112	27797	21201
20240112	21201	21108
20240112	21108	21215
20240112	21215	21122
20240112	21122	21229
20240112	21229	21136
20240112	21136	21243
20240112	21243	21150
20240112	21150	21257
20240112	21257	21162
20240112	21162	21269
20240112	21269	
20240112	21203	21110
20240112	21110	21217
20240112	21217	21124
20240112	21124	21231
20240112	21231	21138
20240112	21138	21245
20240112	21245	21152
20240112	21152	21259
20240112	21259	21164
20240112	21164	
20240112	21203	21110
20240112	21110	21217
20240112	21217	21124
20240112	21124	21231
20240112	21231	21138
20240112	21138	21245
20240112	21245	21152
20240112	21152	21259
20240112	21259	21164
20240112	21164	
20240112	21205	21112
20240112	21112	21219
20240112	21219	21126
20240112	21126	21233
20240112	21233	21140
20240112	21140	21247
20240112	21247	21154
20240112	21154	21261
20240112	21261	21166
20240112	21166	
20240112	21205	21112
20240112	21112	21219
20240112	21219	21126
20240112	21126	21233
20240112	21233	21140
20240112	21140	21247
20240112	21247	21154
20240112	21154	21261
20240112	21261	21166
20240112	21166	
20240112	21184	21290
20240112	21290	
20240112	21182	21292
20240112	21292	
20240112	20001	20008
20240112	20008	20173
20240112	20173	20663
20240112	20663	37132
20240112	37132	
20240112	20001	20008
20240112	20008	20173
20240112	20173	20663
20240112	20663	37132
20240112	37132	
20240112	20103	20100
20240112	20100	20117
20240112	20117	20116
20240112	20116	20031
20240112	20031	20040
20240112	20040	20141
20240112	20141	20136
20240112	20136	20155
20240112	20155	20064
20240112	20064	20165
20240112	20165	20152
20240112	20152	20085
20240112	20085	
20240112	20103	20100
20240112	20100	20117
20240112	20117	20116
20240112	20116	20031
20240112	20031	20040
20240112	20040	20141
20240112	20141	20136
20240112	20136	20155
20240112	20155	20064
20240112	20064	20165
20240112	20165	20152
20240112	20152	20085
20240112	20085	
20240112	20107	20102
20240112	20102	20017
20240112	20017	20038
20240112	20038	35937
20240112	35937	20132
20240112	20132	20059
20240112	20059	20060
20240112	20060	20163
20240112	20163	20148
20240112	20148	20081
20240112	20081	20084
20240112	20084	
20240112	20107	20102
20240112	20102	20017
20240112	20017	20038
20240112	20038	35937
20240112	35937	20132
20240112	20132	20059
20240112	20059	20060
20240112	20060	20163
20240112	20163	20148
20240112	20148	20081
20240112	20081	20084
20240112	20084	
20240112	20111	35916
20240112	35916	20119
20240112	20119	20120
20240112	20120	20027
20240112	20027	20032
20240112	20032	20131
20240112	20131	20130
20240112	20130	
20240112	20111	35916
20240112	35916	20119
20240112	20119	20120
20240112	20120	20027
20240112	20027	20032
20240112	20032	20131
20240112	20131	20130
20240112	20130	
20240112	20171	20110
20240112	20110	20023
20240112	20023	20028
20240112	20028	20127
20240112	20127	20126
20240112	20126	20041
20240112	20041	20044
20240112	20044	20145
20240112	20145	20138
20240112	20138	20067
20240112	20067	20070
20240112	20070	
20240112	20171	20110
20240112	20110	20023
20240112	20023	20028
20240112	20028	20127
20240112	20127	20126
20240112	20126	20041
20240112	20041	20044
20240112	20044	20145
20240112	20145	20138
20240112	20138	20067
20240112	20067	20070
20240112	20070	
20240112	20000	20003
20240112	20003	20012
20240112	20012	20019
20240112	20019	20024
20240112	20024	20125
20240112	20125	20124
20240112	20124	20035
20240112	20035	20042
20240112	20042	20053
20240112	20053	20054
20240112	20054	20157
20240112	20157	20144
20240112	20144	20075
20240112	20075	20082
20240112	20082	20087
20240112	20087	
20240112	20000	20003
20240112	20003	20012
20240112	20012	20019
20240112	20019	20024
20240112	20024	20125
20240112	20125	20124
20240112	20124	20035
20240112	20035	20042
20240112	20042	20053
20240112	20053	20054
20240112	20054	20157
20240112	20157	20144
20240112	20144	20075
20240112	20075	20082
20240112	20082	20087
20240112	20087	
20240112	20002	20005
20240112	20005	20221
20240112	20221	20238
20240112	20238	20245
20240112	20245	
20240112	20002	20005
20240112	20005	20221
20240112	20221	20238
20240112	20238	20245
20240112	20245	
20240112	20004	20007
20240112	20007	20020
20240112	20020	20123
20240112	20123	20122
20240112	20122	20029
20240112	20029	20034
20240112	20034	20045
20240112	20045	20046
20240112	20046	20055
20240112	20055	20058
20240112	20058	
20240112	20004	20007
20240112	20007	20020
20240112	20020	20123
20240112	20123	20122
20240112	20122	20029
20240112	20029	20034
20240112	20034	20045
20240112	20045	20046
20240112	20046	20055
20240112	20055	20058
20240112	20058	
20240112	20006	20011
20240112	20011	20022
20240112	20022	20025
20240112	20025	20030
20240112	20030	20129
20240112	20129	20128
20240112	20128	20047
20240112	20047	20048
20240112	20048	20151
20240112	20151	20140
20240112	20140	20069
20240112	20069	
20240112	20006	20011
20240112	20011	20022
20240112	20022	20025
20240112	20025	20030
20240112	20030	20129
20240112	20129	20128
20240112	20128	20047
20240112	20047	20048
20240112	20048	20151
20240112	20151	20140
20240112	20140	20069
20240112	20069	
20240112	20174	
20240112	20174	
20240112	20175	20176
20240112	20176	
20240112	20175	20176
20240112	20176	
20240112	37041	
20240112	37040	20105
20240112	20105	
20240112	20105	
20240112	20602	20623
20240112	20623	20630
20240112	20630	20249
20240112	20249	
20240112	20602	20623
20240112	20623	20630
20240112	20630	20249
20240112	20249	
20240112	39196	20253
20240112	20253	20218
20240112	20218	20225
20240112	20225	20242
20240112	20242	20172
20240112	20172	20143
20240112	20143	20056
20240112	20056	20063
20240112	20063	20066
20240112	20066	20167
20240112	20167	20154
20240112	20154	
20240112	39196	20253
20240112	20253	20218
20240112	20218	20225
20240112	20225	20242
20240112	20242	20172
20240112	20172	20143
20240112	20143	20056
20240112	20056	20063
20240112	20063	20066
20240112	20066	20167
20240112	20167	20154
20240112	20154	
20240112	20604	20625
20240112	20625	20632
20240112	20632	20833
20240112	20833	20836
20240112	20836	20849
20240112	20849	20852
20240112	20852	20865
20240112	20865	20868
20240112	20868	20881
20240112	20881	20884
20240112	20884	20897
20240112	20897	20900
20240112	20900	20517
20240112	20517	
20240112	20604	20625
20240112	20625	20632
20240112	20632	20833
20240112	20833	20836
20240112	20836	20849
20240112	20849	20852
20240112	20852	20865
20240112	20865	20868
20240112	20868	20881
20240112	20881	20884
20240112	20884	20897
20240112	20897	20900
20240112	20900	20517
20240112	20517	
20240112	20202	20261
20240112	20261	20228
20240112	20228	20235
20240112	20235	20252
20240112	20252	20917
20240112	20917	20840
20240112	20840	20853
20240112	20853	20856
20240112	20856	20869
20240112	20869	20872
20240112	20872	20885
20240112	20885	20888
20240112	20888	20901
20240112	20901	20904
20240112	20904	
20240112	20202	20261
20240112	20261	20228
20240112	20228	20235
20240112	20235	20252
20240112	20252	20917
20240112	20917	20840
20240112	20840	20853
20240112	20853	20856
20240112	20856	20869
20240112	20869	20872
20240112	20872	20885
20240112	20885	20888
20240112	20888	20901
20240112	20901	20904
20240112	20904	
20240112	20603	20606
20240112	20606	20627
20240112	20627	20634
20240112	20634	39047
20240112	39047	47043
20240112	47043	
20240112	20603	20606
20240112	20606	20627
20240112	20627	20634
20240112	20634	39047
20240112	39047	47043
20240112	47043	
20240112	20206	20215
20240112	20215	20232
20240112	20232	20239
20240112	20239	20254
20240112	20254	20919
20240112	20919	20842
20240112	20842	20855
20240112	20855	20858
20240112	20858	20871
20240112	20871	20706
20240112	20706	20887
20240112	20887	20890
20240112	20890	20903
20240112	20903	20906
20240112	20906	39197
20240112	39197	
20240112	20206	20215
20240112	20215	20232
20240112	20232	20239
20240112	20239	20254
20240112	20254	20919
20240112	20919	20842
20240112	20842	20855
20240112	20855	20858
20240112	20858	20871
20240112	20871	20706
20240112	20706	20887
20240112	20887	20890
20240112	20890	20903
20240112	20903	20906
20240112	20906	39197
20240112	39197	
20240112	20208	20617
20240112	20617	20624
20240112	20624	20645
20240112	20645	
20240112	20208	20617
20240112	20617	20624
20240112	20624	20645
20240112	20645	
20240112	20224	20231
20240112	20231	20248
20240112	20248	20170
20240112	20170	20051
20240112	20051	20050
20240112	20050	20061
20240112	20061	20062
20240112	20062	20071
20240112	20071	20078
20240112	20078	20169
20240112	20169	
20240112	20224	20231
20240112	20231	20248
20240112	20248	20170
20240112	20170	20051
20240112	20051	20050
20240112	20050	20061
20240112	20061	20062
20240112	20062	20071
20240112	20071	20078
20240112	20078	20169
20240112	20169	
20240112	39045	20209
20240112	20209	20226
20240112	20226	20233
20240112	20233	20250
20240112	20250	20433
20240112	20433	20442
20240112	20442	20447
20240112	20447	20456
20240112	20456	20461
20240112	20461	20470
20240112	20470	20475
20240112	20475	20484
20240112	20484	20489
20240112	20489	20498
20240112	20498	20503
20240112	20503	20512
20240112	20512	
20240112	39045	20209
20240112	20209	20226
20240112	20226	20233
20240112	20233	20250
20240112	20250	20433
20240112	20433	20442
20240112	20442	20447
20240112	20447	20456
20240112	20456	20461
20240112	20461	20470
20240112	20470	20475
20240112	20475	20484
20240112	20484	20489
20240112	20489	20498
20240112	20498	20503
20240112	20503	20512
20240112	20512	
20240112	37052	20609
20240112	20609	20614
20240112	20614	20635
20240112	20635	20642
20240112	20642	20437
20240112	20437	20446
20240112	20446	20451
20240112	20451	20460
20240112	20460	20465
20240112	20465	20474
20240112	20474	20479
20240112	20479	20488
20240112	20488	20493
20240112	20493	20502
20240112	20502	20515
20240112	20515	20200
20240112	20200	
20240112	37052	20609
20240112	20609	20614
20240112	20614	20635
20240112	20635	20642
20240112	20642	20437
20240112	20437	20446
20240112	20446	20451
20240112	20451	20460
20240112	20460	20465
20240112	20465	20474
20240112	20474	20479
20240112	20479	20488
20240112	20488	20493
20240112	20493	20502
20240112	20502	20515
20240112	20515	20200
20240112	20200	
20240112	20204	20213
20240112	20213	20230
20240112	20230	20237
20240112	20237	
20240112	20204	20213
20240112	20213	20230
20240112	20230	20237
20240112	20237	
20240112	49036	39030
20240112	39030	20214
20240112	20214	20621
20240112	20621	20628
20240112	20628	20649
20240112	20649	20834
20240112	20834	20847
20240112	20847	20850
20240112	20850	20863
20240112	20863	20866
20240112	20866	20879
20240112	20879	20882
20240112	20882	20895
20240112	20895	20898
20240112	20898	39126
20240112	39126	
20240112	49036	39030
20240112	39030	20214
20240112	20214	20621
20240112	20621	20628
20240112	20628	20649
20240112	20649	20834
20240112	20834	20847
20240112	20847	20850
20240112	20850	20863
20240112	20863	20866
20240112	20866	20879
20240112	20879	20882
20240112	20882	20895
20240112	20895	20898
20240112	20898	39126
20240112	39126	
20240112	20611	20618
20240112	20618	20639
20240112	20639	
20240112	20611	20618
20240112	20618	20639
20240112	20639	
20240112	37046	20207
20240112	20207	20222
20240112	20222	20229
20240112	20229	20246
20240112	20246	20431
20240112	20431	20440
20240112	20440	20445
20240112	20445	20454
20240112	20454	20459
20240112	20459	20468
20240112	20468	20473
20240112	20473	20482
20240112	20482	20487
20240112	20487	20496
20240112	20496	20501
20240112	20501	20510
20240112	20510	
20240112	37046	20207
20240112	20207	20222
20240112	20222	20229
20240112	20229	20246
20240112	20246	20431
20240112	20431	20440
20240112	20440	20445
20240112	20445	20454
20240112	20454	20459
20240112	20459	20468
20240112	20468	20473
20240112	20473	20482
20240112	20482	20487
20240112	20487	20496
20240112	20496	20501
20240112	20501	20510
20240112	20510	
20240112	20605	20610
20240112	20610	20631
20240112	20631	20638
20240112	20638	39053
20240112	39053	
20240112	20605	20610
20240112	20610	20631
20240112	20631	20638
20240112	20638	39053
20240112	39053	
20240112	37047	20615
20240112	20615	20622
20240112	20622	20643
20240112	20643	20830
20240112	20830	20843
20240112	20843	20846
20240112	20846	20859
20240112	20859	20862
20240112	20862	20875
20240112	20875	20878
20240112	20878	20891
20240112	20891	20894
20240112	20894	
20240112	37047	20615
20240112	20615	20622
20240112	20622	20643
20240112	20643	20830
20240112	20830	20843
20240112	20843	20846
20240112	20846	20859
20240112	20859	20862
20240112	20862	20875
20240112	20875	20878
20240112	20878	20891
20240112	20891	20894
20240112	20894	
20240112	37054	20613
20240112	20613	20620
20240112	20620	20641
20240112	20641	20828
20240112	20828	20841
20240112	20841	20844
20240112	20844	20857
20240112	20857	20860
20240112	20860	20873
20240112	20873	20876
20240112	20876	20889
20240112	20889	20730
20240112	20730	20905
20240112	20905	20908
20240112	20908	
20240112	37054	20613
20240112	20613	20620
20240112	20620	20641
20240112	20641	20828
20240112	20828	20841
20240112	20841	20844
20240112	20844	20857
20240112	20857	20860
20240112	20860	20873
20240112	20873	20876
20240112	20876	20889
20240112	20889	20730
20240112	20730	20905
20240112	20905	20908
20240112	20908	
20240112	39129	20601
20240112	20601	20600
20240112	20600	20219
20240112	20219	20236
20240112	20236	20243
20240112	20243	20434
20240112	20434	20439
20240112	20439	20448
20240112	20448	20453
20240112	20453	20462
20240112	20462	20467
20240112	20467	20476
20240112	20476	20481
20240112	20481	20490
20240112	20490	20495
20240112	20495	20504
20240112	20504	20929
20240112	20929	
20240112	39129	20601
20240112	20601	20600
20240112	20600	20219
20240112	20219	20236
20240112	20236	20243
20240112	20243	20434
20240112	20434	20439
20240112	20439	20448
20240112	20448	20453
20240112	20453	20462
20240112	20462	20467
20240112	20467	20476
20240112	20476	20481
20240112	20481	20490
20240112	20490	20495
20240112	20495	20504
20240112	20504	20929
20240112	20929	
20240112	49038	39060
20240112	39060	20210
20240112	20210	20217
20240112	20217	20234
20240112	20234	20241
20240112	20241	20256
20240112	20256	
20240112	49038	39060
20240112	39060	20210
20240112	20210	20217
20240112	20217	20234
20240112	20234	20241
20240112	20241	20256
20240112	20256	
20240112	20205	20220
20240112	20220	20227
20240112	20227	20244
20240112	20244	20429
20240112	20429	20438
20240112	20438	20443
20240112	20443	20452
20240112	20452	20457
20240112	20457	20466
20240112	20466	20471
20240112	20471	20480
20240112	20480	20485
20240112	20485	20494
20240112	20494	20499
20240112	20499	20508
20240112	20508	
20240112	20205	20220
20240112	20220	20227
20240112	20227	20244
20240112	20244	20429
20240112	20429	20438
20240112	20438	20443
20240112	20443	20452
20240112	20452	20457
20240112	20457	20466
20240112	20466	20471
20240112	20471	20480
20240112	20480	20485
20240112	20485	20494
20240112	20494	20499
20240112	20499	20508
20240112	20508	
20240112	20607	20612
20240112	20612	20633
20240112	20633	20640
20240112	20640	20435
20240112	20435	20444
20240112	20444	20449
20240112	20449	20458
20240112	20458	20463
20240112	20463	20472
20240112	20472	20315
20240112	20315	20486
20240112	20486	20491
20240112	20491	20500
20240112	20500	20907
20240112	20907	20752
20240112	20752	
20240112	20607	20612
20240112	20612	20633
20240112	20633	20640
20240112	20640	20435
20240112	20435	20444
20240112	20444	20449
20240112	20449	20458
20240112	20458	20463
20240112	20463	20472
20240112	20472	20315
20240112	20315	20486
20240112	20486	20491
20240112	20491	20500
20240112	20500	20907
20240112	20907	20752
20240112	20752	
20240112	20216	20223
20240112	20223	20240
20240112	20240	20247
20240112	20247	20436
20240112	20436	20441
20240112	20441	20450
20240112	20450	20511
20240112	20511	20464
20240112	20464	20469
20240112	20469	20478
20240112	20478	20483
20240112	20483	20492
20240112	20492	20497
20240112	20497	20506
20240112	20506	39050
20240112	39050	
20240112	20216	20223
20240112	20223	20240
20240112	20240	20247
20240112	20247	20436
20240112	20436	20441
20240112	20441	20450
20240112	20450	20511
20240112	20511	20464
20240112	20464	20469
20240112	20469	20478
20240112	20478	20483
20240112	20483	20492
20240112	20492	20497
20240112	20497	20506
20240112	20506	39050
20240112	39050	
20240112	20201	20212
20240112	20212	20619
20240112	20619	20626
20240112	20626	20647
20240112	20647	20832
20240112	20832	20845
20240112	20845	20848
20240112	20848	20861
20240112	20861	20864
20240112	20864	20877
20240112	20877	20714
20240112	20714	20893
20240112	20893	20896
20240112	20896	39055
20240112	39055	
20240112	20201	20212
20240112	20212	20619
20240112	20619	20626
20240112	20626	20647
20240112	20647	20832
20240112	20832	20845
20240112	20845	20848
20240112	20848	20861
20240112	20861	20864
20240112	20864	20877
20240112	20877	20714
20240112	20714	20893
20240112	20893	20896
20240112	20896	39055
20240112	39055	
20240112	20608	20629
20240112	20629	20636
20240112	20636	20835
20240112	20835	20838
20240112	20838	20851
20240112	20851	20854
20240112	20854	20867
20240112	20867	20870
20240112	20870	20883
20240112	20883	20722
20240112	20722	20899
20240112	20899	20902
20240112	20902	20509
20240112	20509	
20240112	20608	20629
20240112	20629	20636
20240112	20636	20835
20240112	20835	20838
20240112	20838	20851
20240112	20851	20854
20240112	20854	20867
20240112	20867	20870
20240112	20870	20883
20240112	20883	20722
20240112	20722	20899
20240112	20899	20902
20240112	20902	20509
20240112	20509	
20240112	39029	20616
20240112	20616	20637
20240112	20637	37128
20240112	37128	
20240112	39029	20616
20240112	20616	20637
20240112	20637	37128
20240112	37128	
20240112	49501	19501
20240112	19501	19502
20240112	19502	49502
20240112	49502	49525
20240112	49525	19525
20240112	19525	27338
20240112	27338	27353
20240112	27353	27400
20240112	27400	27393
20240112	27393	19642
20240112	19642	19673
20240112	19673	27464
20240112	27464	27463
20240112	27463	27534
20240112	27534	27533
20240112	27533	19810
20240112	19810	49810
20240112	49810	49845
20240112	49845	19845
20240112	19845	19834
20240112	19834	37105
20240112	37105	
20240112	49501	19501
20240112	19501	19502
20240112	19502	49502
20240112	49502	49525
20240112	49525	19525
20240112	19525	27338
20240112	27338	27353
20240112	27353	27400
20240112	27400	27393
20240112	27393	19642
20240112	19642	19673
20240112	19673	27464
20240112	27464	27463
20240112	27463	27534
20240112	27534	27533
20240112	27533	19810
20240112	19810	49810
20240112	49810	49845
20240112	49845	19845
20240112	19845	19834
20240112	19834	37103
20240112	37103	
20240112	19500	49500
20240112	49500	49503
20240112	49503	19503
20240112	19503	27306
20240112	27306	27313
20240112	27313	27374
20240112	27374	27377
20240112	27377	19626
20240112	19626	19657
20240112	19657	19654
20240112	19654	19699
20240112	19699	27480
20240112	27480	27473
20240112	27473	19740
20240112	19740	19783
20240112	19783	27542
20240112	27542	27543
20240112	27543	19814
20240112	19814	19847
20240112	19847	
20240112	19500	49500
20240112	49500	49503
20240112	49503	19503
20240112	19503	27306
20240112	27306	27313
20240112	27313	27374
20240112	27374	27377
20240112	27377	19626
20240112	19626	19657
20240112	19657	19654
20240112	19654	19699
20240112	19699	27480
20240112	27480	27473
20240112	27473	19740
20240112	19740	19783
20240112	19783	27542
20240112	27542	27543
20240112	27543	19814
20240112	19814	19847
20240112	19847	
20240112	47119	37111
20240112	37111	37104
20240112	37104	47110
20240112	47110	49513
20240112	49513	19513
20240112	19513	27318
20240112	27318	27329
20240112	27329	27392
20240112	27392	27385
20240112	27385	19634
20240112	19634	19665
20240112	19665	19666
20240112	19666	49666
20240112	49666	49721
20240112	49721	19721
20240112	19721	19722
20240112	19722	19763
20240112	19763	27520
20240112	27520	27519
20240112	27519	19796
20240112	19796	19837
20240112	19837	19824
20240112	19824	49824
20240112	49824	49853
20240112	49853	19853
20240112	19853	
20240112	47119	37111
20240112	37111	37104
20240112	37104	47110
20240112	47110	49513
20240112	49513	19513
20240112	19513	27318
20240112	27318	27329
20240112	27329	27392
20240112	27392	27385
20240112	27385	19634
20240112	19634	19665
20240112	19665	19666
20240112	19666	49666
20240112	49666	49721
20240112	49721	19721
20240112	19721	19722
20240112	19722	19763
20240112	19763	27520
20240112	27520	27519
20240112	27519	19796
20240112	19796	19837
20240112	19837	19824
20240112	19824	49824
20240112	49824	49853
20240112	49853	19853
20240112	19853	
20240112	49505	19505
20240112	19505	19532
20240112	19532	19579
20240112	19579	27384
20240112	27384	27381
20240112	27381	19630
20240112	19630	19661
20240112	19661	19660
20240112	19660	19705
20240112	19705	19712
20240112	19712	49712
20240112	49712	49793
20240112	49793	19793
20240112	19793	19786
20240112	19786	19833
20240112	19833	19820
20240112	19820	49820
20240112	49820	49851
20240112	49851	19851
20240112	19851	
20240112	49505	19505
20240112	19505	19532
20240112	19532	19579
20240112	19579	27384
20240112	27384	27381
20240112	27381	19630
20240112	19630	19661
20240112	19661	19660
20240112	19660	19705
20240112	19705	19712
20240112	19712	49712
20240112	49712	49793
20240112	49793	19793
20240112	19793	19786
20240112	19786	19833
20240112	19833	19820
20240112	19820	49820
20240112	49820	49851
20240112	49851	19851
20240112	19851	
20240112	49509	19509
20240112	19509	27314
20240112	27314	27323
20240112	27323	19600
20240112	19600	19637
20240112	19637	27416
20240112	27416	27409
20240112	27409	19662
20240112	19662	49662
20240112	49662	49711
20240112	49711	19711
20240112	19711	27490
20240112	27490	27477
20240112	27477	19746
20240112	19746	19789
20240112	19789	27544
20240112	27544	27545
20240112	27545	19818
20240112	19818	49818
20240112	49818	
20240112	49509	19509
20240112	19509	27314
20240112	27314	27323
20240112	27323	19600
20240112	19600	19637
20240112	19637	27416
20240112	27416	27409
20240112	27409	19662
20240112	19662	49662
20240112	49662	49711
20240112	49711	19711
20240112	19711	27490
20240112	27490	27477
20240112	27477	19746
20240112	19746	19789
20240112	19789	27544
20240112	27544	27545
20240112	27545	19818
20240112	19818	49818
20240112	49818	
20240112	49517	19517
20240112	19517	19548
20240112	19548	19603
20240112	19603	
20240112	49517	19517
20240112	19517	19548
20240112	19548	19603
20240112	19603	
20240112	19521	27334
20240112	27334	27347
20240112	27347	19614
20240112	19614	19645
20240112	19645	27424
20240112	27424	27417
20240112	27417	27460
20240112	27460	27457
20240112	27457	19726
20240112	19726	19767
20240112	19767	27524
20240112	27524	35439
20240112	35439	19800
20240112	19800	19839
20240112	19839	19826
20240112	19826	
20240112	19521	27334
20240112	27334	27347
20240112	27347	19614
20240112	19614	19645
20240112	19645	27424
20240112	27424	27417
20240112	27417	27460
20240112	27460	27457
20240112	27457	19726
20240112	19726	19767
20240112	19767	27524
20240112	27524	35439
20240112	35439	19800
20240112	19800	19839
20240112	19839	19826
20240112	19826	
20240112	49529	19529
20240112	19529	27346
20240112	27346	27359
20240112	27359	19618
20240112	19618	19649
20240112	19649	27428
20240112	27428	27421
20240112	27421	19688
20240112	19688	19741
20240112	19741	19730
20240112	19730	19771
20240112	19771	27530
20240112	27530	27529
20240112	27529	19806
20240112	19806	19841
20240112	19841	
20240112	49529	19529
20240112	19529	27346
20240112	27346	27359
20240112	27359	19618
20240112	19618	19649
20240112	19649	27428
20240112	27428	27421
20240112	27421	19688
20240112	19688	19741
20240112	19741	19730
20240112	19730	19771
20240112	19771	27530
20240112	27530	27529
20240112	27529	19806
20240112	19806	19841
20240112	19841	
20240112	19531	19564
20240112	19564	19621
20240112	19621	27404
20240112	27404	27397
20240112	27397	19646
20240112	19646	19679
20240112	19679	19690
20240112	19690	49690
20240112	49690	
20240112	19531	19564
20240112	19564	19621
20240112	19621	27404
20240112	27404	27397
20240112	27397	19646
20240112	19646	19679
20240112	19679	19690
20240112	19690	49690
20240112	49690	
20240112	49541	19541
20240112	19541	27356
20240112	27356	27367
20240112	27367	27456
20240112	27456	27453
20240112	27453	
20240112	49541	19541
20240112	19541	27356
20240112	27356	27367
20240112	27367	27456
20240112	27456	27453
20240112	27453	
20240112	19547	27364
20240112	27364	27371
20240112	27371	19622
20240112	19622	19653
20240112	19653	27432
20240112	27432	27423
20240112	27423	19694
20240112	19694	19745
20240112	19745	27506
20240112	27506	27495
20240112	27495	19766
20240112	19766	19815
20240112	19815	27562
20240112	27562	27555
20240112	27555	19832
20240112	19832	37103
20240112	37103	
20240112	19547	27364
20240112	27364	27371
20240112	27371	19622
20240112	19622	19653
20240112	19653	27432
20240112	27432	27423
20240112	27423	19694
20240112	19694	19745
20240112	19745	27506
20240112	27506	27495
20240112	27495	19766
20240112	19766	19815
20240112	19815	27562
20240112	27562	27555
20240112	27555	19832
20240112	19832	37105
20240112	37105	
20240112	19553	27368
20240112	27368	27375
20240112	27375	19680
20240112	19680	19733
20240112	19733	27504
20240112	27504	27491
20240112	27491	19762
20240112	19762	19809
20240112	19809	27558
20240112	27558	27553
20240112	27553	19828
20240112	19828	19857
20240112	19857	
20240112	19553	27368
20240112	27368	27375
20240112	27375	19680
20240112	19680	19733
20240112	19733	27504
20240112	27504	27491
20240112	27491	19762
20240112	19762	19809
20240112	19809	27558
20240112	27558	27553
20240112	27553	19828
20240112	19828	19857
20240112	19857	
20240112	49557	19557
20240112	19557	19580
20240112	19580	49580
20240112	49580	49685
20240112	49685	19685
20240112	19685	19696
20240112	19696	49696
20240112	49696	
20240112	49557	19557
20240112	19557	19580
20240112	19580	49580
20240112	49580	49685
20240112	49685	19685
20240112	19685	19696
20240112	19696	49696
20240112	49696	
20240112	49573	19573
20240112	19573	
20240112	49573	19573
20240112	19573	
20240112	19506	19527
20240112	19527	19558
20240112	19558	19615
20240112	19615	
20240112	19506	19527
20240112	19527	19558
20240112	19558	19615
20240112	19615	
20240112	19510	19537
20240112	19537	27352
20240112	27352	27363
20240112	27363	27446
20240112	27446	27445
20240112	27445	27494
20240112	27494	27481
20240112	27481	19752
20240112	19752	19799
20240112	19799	27552
20240112	27552	27549
20240112	27549	19822
20240112	19822	
20240112	19510	19537
20240112	19537	27352
20240112	27352	27363
20240112	27363	27446
20240112	27446	27445
20240112	27445	27494
20240112	27494	27481
20240112	27481	19752
20240112	19752	19799
20240112	19799	27552
20240112	27552	27549
20240112	27549	19822
20240112	19822	
20240112	19512	49512
20240112	49512	49549
20240112	49549	19549
20240112	19549	19576
20240112	19576	49576
20240112	49576	
20240112	19512	49512
20240112	49512	49549
20240112	49549	19549
20240112	19549	19576
20240112	19576	49576
20240112	49576	
20240112	27300	27303
20240112	27303	19572
20240112	19572	19629
20240112	19629	27408
20240112	27408	27401
20240112	27401	19650
20240112	19650	19691
20240112	19691	27476
20240112	27476	27471
20240112	27471	19736
20240112	19736	19777
20240112	19777	27538
20240112	27538	27539
20240112	27539	19812
20240112	19812	49812
20240112	49812	
20240112	27300	27303
20240112	27303	19572
20240112	19572	19629
20240112	19629	27408
20240112	27408	27401
20240112	27401	19650
20240112	19650	19691
20240112	19691	27476
20240112	27476	27471
20240112	27471	19736
20240112	19736	19777
20240112	19777	27538
20240112	27538	27539
20240112	27539	19812
20240112	19812	49812
20240112	49812	
20240112	19520	19563
20240112	19563	19586
20240112	19586	19633
20240112	19633	27412
20240112	27412	27405
20240112	27405	27440
20240112	27440	27433
20240112	27433	19708
20240112	19708	19755
20240112	19755	27512
20240112	27512	27505
20240112	27505	19782
20240112	19782	19829
20240112	19829	27566
20240112	27566	27557
20240112	27557	19838
20240112	19838	49838
20240112	49838	47113
20240112	47113	37107
20240112	37107	37102
20240112	37102	47108
20240112	47108	
20240112	19520	19563
20240112	19563	19586
20240112	19586	19633
20240112	19633	27412
20240112	27412	27405
20240112	27405	27440
20240112	27440	27433
20240112	27433	19708
20240112	19708	19755
20240112	19755	27512
20240112	27512	27505
20240112	27505	19782
20240112	19782	19829
20240112	19829	27566
20240112	27566	27557
20240112	27557	19838
20240112	19838	49838
20240112	49838	47113
20240112	47113	37107
20240112	37107	37102
20240112	37102	47108
20240112	47108	
20240112	19524	19571
20240112	19571	27376
20240112	27376	27427
20240112	27427	19702
20240112	19702	19751
20240112	19751	27508
20240112	27508	27501
20240112	27501	19776
20240112	19776	19823
20240112	19823	
20240112	19524	19571
20240112	19571	27376
20240112	27376	27427
20240112	27427	19702
20240112	19702	19751
20240112	19751	27508
20240112	27508	27501
20240112	27501	19776
20240112	19776	19823
20240112	19823	
20240112	27310	27321
20240112	27321	19594
20240112	19594	49594
20240112	49594	
20240112	27310	27321
20240112	27321	19594
20240112	19594	49594
20240112	49594	
20240112	19538	19585
20240112	19585	27388
20240112	27388	27439
20240112	27439	19716
20240112	19716	49716
20240112	49716	49759
20240112	49759	19759
20240112	19759	27516
20240112	27516	27513
20240112	27513	19792
20240112	19792	49792
20240112	49792	
20240112	19538	19585
20240112	19585	27388
20240112	27388	27439
20240112	27439	19716
20240112	19716	49716
20240112	49716	49759
20240112	49759	19759
20240112	19759	27516
20240112	27516	27513
20240112	27513	19792
20240112	19792	49792
20240112	49792	
20240112	19542	19591
20240112	19591	19606
20240112	19606	19641
20240112	19641	27420
20240112	27420	27413
20240112	27413	27450
20240112	27450	27449
20240112	27449	
20240112	19542	19591
20240112	19591	19606
20240112	19606	19641
20240112	19641	27420
20240112	27420	27413
20240112	27413	27450
20240112	27450	27449
20240112	27449	
20240112	27322	27335
20240112	27335	19610
20240112	19610	49610
20240112	49610	49171
20240112	49171	47500
20240112	47500	49709
20240112	49709	49710
20240112	49710	49713
20240112	49713	47502
20240112	47502	49933
20240112	49933	49932
20240112	49932	49935
20240112	49935	49934
20240112	49934	49867
20240112	49867	49868
20240112	49868	49869
20240112	49869	49870
20240112	49870	49877
20240112	49877	49874
20240112	49874	49879
20240112	49879	49876
20240112	49876	49123
20240112	49123	37113
20240112	37113	
20240112	27322	27335
20240112	27335	19610
20240112	19610	49610
20240112	49610	49123
20240112	49123	37113
20240112	37113	
20240112	27328	27339
20240112	27339	27396
20240112	27396	27389
20240112	27389	19638
20240112	19638	19669
20240112	19669	19674
20240112	19674	19727
20240112	19727	27498
20240112	27498	27487
20240112	27487	19758
20240112	19758	19803
20240112	19803	27556
20240112	27556	27551
20240112	27551	
20240112	27328	27339
20240112	27339	27396
20240112	27396	27389
20240112	27389	19638
20240112	19638	19669
20240112	19669	19674
20240112	19674	19727
20240112	19727	27498
20240112	27498	27487
20240112	27487	19758
20240112	19758	19803
20240112	19803	27556
20240112	27556	27551
20240112	27551	
20240112	19552	19607
20240112	19607	
20240112	19552	19607
20240112	19607	
20240112	49000	39130
20240112	39130	49040
20240112	49040	
20240112	49000	39130
20240112	39130	49040
20240112	49040	
20240112	49001	
20240112	49001	
20240112	21901	21900
20240112	21900	21905
20240112	21905	21904
20240112	21904	21909
20240112	21909	21908
20240112	21908	21913
20240112	21913	21912
20240112	21912	21917
20240112	21917	21916
20240112	21916	
20240112	37788	31529
20240112	31529	31502
20240112	31502	31507
20240112	31507	31506
20240112	31506	31511
20240112	31511	37798
20240112	37798	37771
20240112	37771	31528
20240112	31528	31533
20240112	31533	31534
20240112	31534	31539
20240112	31539	31538
20240112	31538	37755
20240112	37755	
20240112	31505	31504
20240112	31504	31509
20240112	31509	31508
20240112	31508	31513
20240112	31513	31510
20240112	31510	31515
20240112	31515	31512
20240112	31512	31517
20240112	31517	31514
20240112	31514	31519
20240112	31519	31516
20240112	31516	31521
20240112	31521	31518
20240112	31518	31523
20240112	31523	31520
20240112	31520	31525
20240112	31525	31522
20240112	31522	31527
20240112	31527	31526
20240112	31526	31531
20240112	31531	31530
20240112	31530	37727
20240112	37727	31540
20240112	31540	31543
20240112	31543	31542
20240112	31542	
20240112	31545	
20240112	39382	38330
20240112	38330	23303
20240112	23303	23302
20240112	23302	23153
20240112	23153	23152
20240112	23152	39307
20240112	39307	38370
20240112	38370	23161
20240112	23161	23160
20240112	23160	23165
20240112	23165	23164
20240112	23164	38383
20240112	38383	38373
20240112	38373	23171
20240112	23171	23170
20240112	23170	23175
20240112	23175	23174
20240112	23174	38387
20240112	38387	
20240112	39382	38351
20240112	38351	23305
20240112	23305	23304
20240112	23304	23315
20240112	23315	23314
20240112	23314	23325
20240112	23325	23324
20240112	23324	23335
20240112	23335	23334
20240112	23334	23345
20240112	23345	23344
20240112	23344	23355
20240112	23355	23354
20240112	23354	23365
20240112	23365	23364
20240112	23364	23375
20240112	23375	23374
20240112	23374	23385
20240112	23385	23384
20240112	23384	23395
20240112	23395	23394
20240112	23394	23403
20240112	23403	23402
20240112	23402	38337
20240112	38337	
20240112	38336	23307
20240112	23307	23306
20240112	23306	23317
20240112	23317	23316
20240112	23316	23327
20240112	23327	23326
20240112	23326	23337
20240112	23337	23336
20240112	23336	23347
20240112	23347	23346
20240112	23346	23357
20240112	23357	23356
20240112	23356	23367
20240112	23367	23366
20240112	23366	23377
20240112	23377	23376
20240112	23376	23387
20240112	23387	23386
20240112	23386	23397
20240112	23397	23396
20240112	23396	38389
20240112	38389	
20240112	38336	38357
20240112	38357	23309
20240112	23309	23308
20240112	23308	23319
20240112	23319	23318
20240112	23318	23329
20240112	23329	23328
20240112	23328	23339
20240112	23339	23338
20240112	23338	23349
20240112	23349	23348
20240112	23348	23359
20240112	23359	23358
20240112	23358	23369
20240112	23369	23368
20240112	23368	23379
20240112	23379	23378
20240112	23378	23389
20240112	23389	23388
20240112	23388	23399
20240112	23399	23398
20240112	23398	38349
20240112	38349	
20240112	38359	23311
20240112	23311	23310
20240112	23310	23321
20240112	23321	23320
20240112	23320	23331
20240112	23331	23330
20240112	23330	23341
20240112	23341	23340
20240112	23340	23351
20240112	23351	23350
20240112	23350	23361
20240112	23361	23360
20240112	23360	23371
20240112	23371	23370
20240112	23370	23381
20240112	23381	23380
20240112	23380	23391
20240112	23391	23390
20240112	23390	38385
20240112	38385	
20240112	38375	35151
20240112	35151	35150
20240112	35150	23313
20240112	23313	23312
20240112	23312	23323
20240112	23323	23322
20240112	23322	23333
20240112	23333	23332
20240112	23332	23343
20240112	23343	23342
20240112	23342	23353
20240112	23353	23352
20240112	23352	23363
20240112	23363	23362
20240112	23362	23373
20240112	23373	23372
20240112	23372	23383
20240112	23383	23382
20240112	23382	23393
20240112	23393	23392
20240112	23392	23401
20240112	23401	23400
20240112	23400	38391
20240112	38391	38337
20240112	38337	
20240112	38361	23155
20240112	23155	23154
20240112	23154	23157
20240112	23157	23156
20240112	23156	23159
20240112	23159	23158
20240112	23158	23163
20240112	23163	23162
20240112	23162	23167
20240112	23167	23166
20240112	23166	23169
20240112	23169	23168
20240112	23168	23173
20240112	23173	23172
20240112	23172	23177
20240112	23177	23176
20240112	23176	23405
20240112	23405	23404
20240112	23404	38393
20240112	38393	39301
20240112	39301	
20240112	78003	78038
20240112	78038	78039
20240112	78039	78088
20240112	78088	
20240112	78003	78038
20240112	78038	78039
20240112	78039	78088
20240112	78088	
20240112	78016	78021
20240112	78021	78056
20240112	78056	78063
20240112	78063	
20240112	78016	78021
20240112	78021	78056
20240112	78056	78063
20240112	78063	
20240112	36200	78001
20240112	78001	78024
20240112	78024	36205
20240112	36205	36202
20240112	36202	78067
20240112	78067	78092
20240112	78092	78093
20240112	78093	
20240112	36200	78001
20240112	78001	78024
20240112	78024	36205
20240112	36205	36202
20240112	36202	78067
20240112	78067	78092
20240112	78092	78093
20240112	78093	
20240112	78101	78112
20240112	78112	78121
20240112	78121	78172
20240112	78172	78081
20240112	78081	
20240112	78101	78112
20240112	78112	78121
20240112	78121	78172
20240112	78172	78081
20240112	78081	
20240112	78105	78116
20240112	78116	78125
20240112	78125	78130
20240112	78130	78141
20240112	78141	78140
20240112	78140	78151
20240112	78151	78156
20240112	78156	78059
20240112	78059	78084
20240112	78084	36207
20240112	36207	
20240112	78105	78116
20240112	78116	78125
20240112	78125	78130
20240112	78130	78141
20240112	78141	78140
20240112	78140	78151
20240112	78151	78156
20240112	78156	78059
20240112	78059	78084
20240112	78084	36207
20240112	36207	
20240112	78007	78034
20240112	78034	78031
20240112	78031	78052
20240112	78052	78055
20240112	78055	78080
20240112	78080	78087
20240112	78087	
20240112	78007	78034
20240112	78034	78031
20240112	78031	78052
20240112	78052	78055
20240112	78055	78080
20240112	78080	78087
20240112	78087	
20240112	78011	78032
20240112	78032	78029
20240112	78029	78068
20240112	78068	78075
20240112	78075	78096
20240112	78096	
20240112	78011	78032
20240112	78032	78029
20240112	78029	78068
20240112	78068	78075
20240112	78075	78096
20240112	78096	
20240112	36275	78108
20240112	78108	78117
20240112	78117	36212
20240112	36212	78166
20240112	78166	78177
20240112	78177	78182
20240112	78182	
20240112	36275	78108
20240112	78108	78117
20240112	78117	36212
20240112	36212	78166
20240112	78166	78177
20240112	78177	78182
20240112	78182	
20240112	78106	78111
20240112	78111	78124
20240112	78124	78135
20240112	78135	78148
20240112	78148	78161
20240112	78161	78162
20240112	78162	78069
20240112	78069	78086
20240112	78086	78091
20240112	78091	
20240112	78106	78111
20240112	78111	78124
20240112	78124	78135
20240112	78135	78148
20240112	78148	78161
20240112	78161	78162
20240112	78162	78069
20240112	78069	78086
20240112	78086	78091
20240112	78091	
20240112	36279	78118
20240112	78118	36203
20240112	36203	36204
20240112	36204	78073
20240112	78073	78090
20240112	78090	36561
20240112	36561	78374
20240112	78374	
20240112	36279	78118
20240112	78118	36203
20240112	36203	36204
20240112	36204	78073
20240112	78073	78090
20240112	78090	36561
20240112	36561	78376
20240112	78376	
20240112	78110	36201
20240112	36201	36206
20240112	36206	78079
20240112	78079	
20240112	78110	36201
20240112	36201	36206
20240112	36206	78079
20240112	78079	
20240112	78008	78013
20240112	78013	78046
20240112	78046	78049
20240112	78049	78070
20240112	78070	78181
20240112	78181	
20240112	78008	78013
20240112	78013	78046
20240112	78046	78049
20240112	78049	78070
20240112	78070	78181
20240112	78181	
20240112	78010	78017
20240112	78017	78042
20240112	78042	78043
20240112	78043	78066
20240112	78066	78071
20240112	78071	
20240112	78010	78017
20240112	78017	78042
20240112	78042	78043
20240112	78043	78066
20240112	78066	78071
20240112	78071	
20240112	78014	78019
20240112	78019	78040
20240112	78040	78147
20240112	78147	78150
20240112	78150	78053
20240112	78053	78076
20240112	78076	78085
20240112	78085	
20240112	78014	78019
20240112	78019	78040
20240112	78040	78147
20240112	78147	78150
20240112	78150	78053
20240112	78053	78076
20240112	78076	78085
20240112	78085	
20240112	78018	78035
20240112	78035	78060
20240112	78060	78061
20240112	78061	78078
20240112	78078	78191
20240112	78191	
20240112	78018	78035
20240112	78035	78060
20240112	78060	78061
20240112	78061	78078
20240112	78078	78191
20240112	78191	
20240112	78000	78015
20240112	78015	78036
20240112	78036	78033
20240112	78033	78064
20240112	78064	78173
20240112	78173	78180
20240112	78180	78089
20240112	78089	
20240112	78000	78015
20240112	78015	78036
20240112	78036	78033
20240112	78033	78064
20240112	78064	78173
20240112	78173	78180
20240112	78180	78089
20240112	78089	
20240112	78012	78119
20240112	78119	78128
20240112	78128	78139
20240112	78139	78138
20240112	78138	78045
20240112	78045	78062
20240112	78062	78065
20240112	78065	78082
20240112	78082	78193
20240112	78193	
20240112	78012	78119
20240112	78119	78128
20240112	78128	78139
20240112	78139	78138
20240112	78138	78045
20240112	78045	78062
20240112	78062	78065
20240112	78065	78082
20240112	78082	78193
20240112	78193	
20240112	78020	78023
20240112	78023	78044
20240112	78044	78047
20240112	78047	78072
20240112	78072	78083
20240112	78083	
20240112	78020	78023
20240112	78023	78044
20240112	78044	78047
20240112	78047	78072
20240112	78072	78083
20240112	78083	
20240112	78028	78025
20240112	78025	78050
20240112	78050	78163
20240112	78163	78164
20240112	78164	78175
20240112	78175	36270
20240112	36270	
20240112	78028	78025
20240112	78025	78050
20240112	78050	78163
20240112	78163	78164
20240112	78164	78175
20240112	78175	36270
20240112	36270	
20240112	78030	78027
20240112	78027	78048
20240112	78048	78051
20240112	78051	78094
20240112	78094	
20240112	78030	78027
20240112	78027	78048
20240112	78048	78051
20240112	78051	78094
20240112	78094	
20240112	77350	77351
20240112	77351	36210
20240112	36210	77375
20240112	77375	
20240112	77312	77301
20240112	77301	39590
20240112	39590	36581
20240112	36581	77302
20240112	77302	77319
20240112	77319	77328
20240112	77328	77325
20240112	77325	
20240112	77310	77353
20240112	77353	77352
20240112	77352	77357
20240112	77357	77334
20240112	77334	77333
20240112	77333	
20240112	77314	77355
20240112	77355	77354
20240112	77354	77303
20240112	77303	36582
20240112	36582	36583
20240112	36583	77304
20240112	77304	77363
20240112	77363	77362
20240112	77362	77327
20240112	77327	77336
20240112	77336	77373
20240112	77373	36210
20240112	36210	77377
20240112	77377	
20240112	77320	77315
20240112	77315	77324
20240112	77324	77361
20240112	77361	77360
20240112	77360	77323
20240112	77323	77332
20240112	77332	77369
20240112	77369	77368
20240112	77368	77335
20240112	77335	
20240112	77316	77311
20240112	77311	77322
20240112	77322	77305
20240112	77305	36584
20240112	36584	36585
20240112	36585	77306
20240112	77306	77367
20240112	77367	77366
20240112	77366	77331
20240112	77331	
20240112	77318	77359
20240112	77359	77358
20240112	77358	77321
20240112	77321	77330
20240112	77330	77365
20240112	77365	77364
20240112	77364	77329
20240112	77329	
20240112	36299	77300
20240112	77300	77317
20240112	77317	77326
20240112	77326	77307
20240112	77307	36586
20240112	36586	36587
20240112	36587	77308
20240112	77308	77371
20240112	77371	77370
20240112	77370	77337
20240112	77337	
20240112	77400	77518
20240112	77518	77428
20240112	77428	77546
20240112	77546	77456
20240112	77456	
20240112	77400	77518
20240112	77518	77428
20240112	77428	77546
20240112	77546	77456
20240112	77456	
20240112	77402	77520
20240112	77520	36221
20240112	36221	36226
20240112	36226	77426
20240112	77426	77544
20240112	77544	36245
20240112	36245	36250
20240112	36250	77450
20240112	77450	77568
20240112	77568	
20240112	77402	77520
20240112	77520	36221
20240112	36221	36226
20240112	36226	77426
20240112	77426	77544
20240112	77544	36245
20240112	36245	36250
20240112	36250	77450
20240112	77450	77568
20240112	77568	
20240112	77404	77522
20240112	77522	77432
20240112	77432	77550
20240112	77550	77460
20240112	77460	
20240112	77404	77522
20240112	77522	77432
20240112	77432	77550
20240112	77550	77460
20240112	77460	
20240112	77600	77514
20240112	77514	77424
20240112	77424	77542
20240112	77542	77452
20240112	77452	77570
20240112	77570	36528
20240112	36528	
20240112	77600	77514
20240112	77514	77424
20240112	77424	77542
20240112	77542	77452
20240112	77452	77570
20240112	77570	36528
20240112	36528	
20240112	77602	77516
20240112	77516	36217
20240112	36217	36222
20240112	36222	77422
20240112	77422	77540
20240112	77540	36241
20240112	36241	36246
20240112	36246	77446
20240112	77446	77564
20240112	77564	
20240112	77602	77516
20240112	77516	36217
20240112	36217	36222
20240112	36222	77422
20240112	77422	77540
20240112	77540	36241
20240112	36241	36246
20240112	36246	77446
20240112	77446	77564
20240112	77564	
20240112	36521	77604
20240112	77604	77714
20240112	77714	77618
20240112	77618	77728
20240112	77728	77632
20240112	77632	77742
20240112	77742	77646
20240112	77646	77756
20240112	77756	77660
20240112	77660	77574
20240112	77574	
20240112	36521	77604
20240112	77604	77714
20240112	77714	77618
20240112	77618	77728
20240112	77728	77632
20240112	77632	77742
20240112	77742	77646
20240112	77646	77756
20240112	77756	77660
20240112	77660	77574
20240112	77574	
20240112	77702	77606
20240112	77606	77716
20240112	77716	77620
20240112	77620	77730
20240112	77730	77634
20240112	77634	77744
20240112	77744	77648
20240112	77648	77758
20240112	77758	77662
20240112	77662	
20240112	77702	77606
20240112	77606	77716
20240112	77716	77620
20240112	77620	77730
20240112	77730	77634
20240112	77634	77744
20240112	77744	77648
20240112	77648	77758
20240112	77758	77662
20240112	77662	
20240112	36283	77708
20240112	77708	77612
20240112	77612	77722
20240112	77722	77626
20240112	77626	77736
20240112	77736	77640
20240112	77640	77750
20240112	77750	77654
20240112	77654	36260
20240112	36260	
20240112	36283	77708
20240112	77708	77612
20240112	77612	77722
20240112	77722	77626
20240112	77626	77736
20240112	77736	77640
20240112	77640	77750
20240112	77750	77654
20240112	77654	36260
20240112	36260	
20240112	77704	77608
20240112	77608	77718
20240112	77718	77622
20240112	77622	77732
20240112	77732	77636
20240112	77636	77746
20240112	77746	77650
20240112	77650	77760
20240112	77760	77664
20240112	77664	
20240112	77704	77608
20240112	77608	77718
20240112	77718	77622
20240112	77622	77732
20240112	77732	77636
20240112	77636	77746
20240112	77746	77650
20240112	77650	77760
20240112	77760	77664
20240112	77664	
20240112	36285	77500
20240112	77500	77420
20240112	77420	77538
20240112	77538	77448
20240112	77448	77566
20240112	77566	
20240112	36285	77500
20240112	77500	77420
20240112	77420	77538
20240112	77538	77448
20240112	77448	77566
20240112	77566	
20240112	36287	77710
20240112	77710	77614
20240112	77614	77724
20240112	77724	77628
20240112	77628	77738
20240112	77738	77642
20240112	77642	77752
20240112	77752	77656
20240112	77656	
20240112	36287	77710
20240112	77710	77614
20240112	77614	77724
20240112	77724	77628
20240112	77628	77738
20240112	77738	77642
20240112	77642	77752
20240112	77752	77656
20240112	77656	
20240112	77406	77524
20240112	77524	36225
20240112	36225	36230
20240112	36230	77430
20240112	77430	77548
20240112	77548	36249
20240112	36249	36254
20240112	36254	77454
20240112	77454	77572
20240112	77572	
20240112	77406	77524
20240112	77524	36225
20240112	36225	36230
20240112	36230	77430
20240112	77430	77548
20240112	77548	36249
20240112	36249	36254
20240112	36254	77454
20240112	77454	77572
20240112	77572	
20240112	77408	77526
20240112	77526	77436
20240112	77436	77554
20240112	77554	77464
20240112	77464	
20240112	77408	77526
20240112	77526	77436
20240112	77436	77554
20240112	77554	77464
20240112	77464	
20240112	77502	77410
20240112	77410	77528
20240112	77528	36229
20240112	36229	36234
20240112	36234	77434
20240112	77434	77552
20240112	77552	36253
20240112	36253	36258
20240112	36258	77458
20240112	77458	36280
20240112	36280	
20240112	77502	77410
20240112	77410	77528
20240112	77528	36229
20240112	36229	36234
20240112	36234	77434
20240112	77434	77552
20240112	77552	36253
20240112	36253	36258
20240112	36258	77458
20240112	77458	36280
20240112	36280	
20240112	77506	
20240112	77506	
20240112	77504	77412
20240112	77412	77530
20240112	77530	77440
20240112	77440	77558
20240112	77558	77468
20240112	77468	
20240112	77504	77412
20240112	77412	77530
20240112	77530	77440
20240112	77440	77558
20240112	77558	77468
20240112	77468	
20240112	77508	77416
20240112	77416	77534
20240112	77534	77444
20240112	77444	77562
20240112	77562	
20240112	77508	77416
20240112	77416	77534
20240112	77534	77444
20240112	77444	77562
20240112	77562	
20240112	36278	77706
20240112	77706	77610
20240112	77610	77720
20240112	77720	77624
20240112	77624	77734
20240112	77734	77638
20240112	77638	77748
20240112	77748	77652
20240112	77652	77762
20240112	77762	36548
20240112	36548	
20240112	36278	77706
20240112	77706	77610
20240112	77610	77720
20240112	77720	77624
20240112	77624	77734
20240112	77734	77638
20240112	77638	77748
20240112	77748	77652
20240112	77652	77762
20240112	77762	36548
20240112	36548	
20240112	77510	36211
20240112	36211	36214
20240112	36214	77414
20240112	77414	77532
20240112	77532	36233
20240112	36233	36238
20240112	36238	77438
20240112	77438	77556
20240112	77556	36257
20240112	36257	36262
20240112	36262	77462
20240112	77462	
20240112	77510	36211
20240112	36211	36214
20240112	36214	77414
20240112	77414	77532
20240112	77532	36233
20240112	36233	36238
20240112	36238	77438
20240112	77438	77556
20240112	77556	36257
20240112	36257	36262
20240112	36262	77462
20240112	77462	
20240112	77512	36215
20240112	36215	36218
20240112	36218	77418
20240112	77418	77536
20240112	77536	36237
20240112	36237	36242
20240112	36242	77442
20240112	77442	77560
20240112	77560	36261
20240112	36261	36266
20240112	36266	77466
20240112	77466	
20240112	77512	36215
20240112	36215	36218
20240112	36218	77418
20240112	77418	77536
20240112	77536	36237
20240112	36237	36242
20240112	36242	77442
20240112	77442	77560
20240112	77560	36261
20240112	36261	36266
20240112	36266	77466
20240112	77466	
20240112	77712	77616
20240112	77616	77726
20240112	77726	77630
20240112	77630	77740
20240112	77740	77644
20240112	77644	77754
20240112	77754	77658
20240112	77658	
20240112	77712	77616
20240112	77616	77726
20240112	77726	77630
20240112	77630	77740
20240112	77740	77644
20240112	77644	77754
20240112	77754	77658
20240112	77658	
20240112	77983	77990
20240112	77990	77985
20240112	77985	77994
20240112	77994	
20240112	36274	77801
20240112	77801	77800
20240112	77800	77805
20240112	77805	77804
20240112	77804	77873
20240112	77873	36520
20240112	36520	36518
20240112	36518	77855
20240112	77855	77850
20240112	77850	77859
20240112	77859	77854
20240112	77854	77863
20240112	77863	77858
20240112	77858	77867
20240112	77867	77862
20240112	77862	36277
20240112	36277	
20240112	36276	77803
20240112	77803	77802
20240112	77802	77871
20240112	77871	36288
20240112	36288	36526
20240112	36526	77853
20240112	77853	77896
20240112	77896	36517
20240112	36517	
20240112	25562	25511
20240112	25511	25516
20240112	25516	25525
20240112	25525	25530
20240112	25530	25541
20240112	25541	25546
20240112	25546	25555
20240112	25555	25560
20240112	25560	25567
20240112	25567	
20240112	25506	25519
20240112	25519	25524
20240112	25524	25535
20240112	25535	25540
20240112	25540	25549
20240112	25549	25554
20240112	25554	
20240112	28557	28556
20240112	28556	28267
20240112	28267	28272
20240112	28272	28277
20240112	28277	37869
20240112	37869	25558
20240112	25558	
20240112	28265	25486
20240112	25486	25513
20240112	25513	25518
20240112	25518	25529
20240112	25529	25534
20240112	25534	25543
20240112	25543	25548
20240112	25548	25559
20240112	25559	39578
20240112	39578	
20240112	25488	25517
20240112	25517	25522
20240112	25522	25531
20240112	25531	25536
20240112	25536	25547
20240112	25547	25552
20240112	25552	25561
20240112	25561	
20240112	28263	28268
20240112	28268	28273
20240112	28273	28278
20240112	28278	25521
20240112	25521	25526
20240112	25526	28299
20240112	28299	28366
20240112	28366	28371
20240112	28371	28376
20240112	28376	25557
20240112	25557	25478
20240112	25478	
20240112	28275	28280
20240112	28280	28285
20240112	28285	28290
20240112	28290	25533
20240112	25533	25538
20240112	25538	28373
20240112	28373	28378
20240112	28378	28383
20240112	28383	28390
20240112	28390	
20240112	25400	28476
20240112	28476	37879
20240112	37879	28282
20240112	28282	28289
20240112	28289	28294
20240112	28294	25537
20240112	25537	25542
20240112	25542	28377
20240112	28377	28386
20240112	28386	31591
20240112	31591	
20240112	25400	28476
20240112	28476	37879
20240112	37879	28282
20240112	28282	28289
20240112	28289	28294
20240112	28294	25537
20240112	25537	25542
20240112	25542	28377
20240112	28377	28386
20240112	28386	28393
20240112	28393	
20240112	37979	28264
20240112	28264	28269
20240112	28269	28274
20240112	28274	
20240112	37979	28264
20240112	28264	28269
20240112	28269	28274
20240112	28274	
20240112	28502	28472
20240112	28472	37885
20240112	37885	
20240112	28502	28472
20240112	28472	37885
20240112	37885	
20240112	28504	28562
20240112	28562	28554
20240112	28554	28566
20240112	28566	28520
20240112	28520	28576
20240112	28576	28530
20240112	28530	28586
20240112	28586	28540
20240112	28540	28596
20240112	28596	28550
20240112	28550	
20240112	28271	25510
20240112	25510	28283
20240112	28283	28288
20240112	28288	28295
20240112	28295	28362
20240112	28362	28369
20240112	28369	28374
20240112	28374	28381
20240112	28381	
20240112	28271	25510
20240112	25510	28283
20240112	28283	28288
20240112	28288	28295
20240112	28295	28362
20240112	28362	28369
20240112	28369	28374
20240112	28374	28381
20240112	28381	
20240112	37871	28466
20240112	28466	25480
20240112	25480	37867
20240112	37867	28572
20240112	28572	28526
20240112	28526	28582
20240112	28582	28536
20240112	28536	28592
20240112	28592	28546
20240112	28546	28490
20240112	28490	
20240112	28402	25404
20240112	25404	28416
20240112	28416	25418
20240112	25418	28430
20240112	28430	25432
20240112	25432	28444
20240112	28444	25446
20240112	25446	28458
20240112	28458	25460
20240112	25460	
20240112	31560	25402
20240112	25402	28412
20240112	28412	25414
20240112	25414	28426
20240112	28426	25428
20240112	25428	28440
20240112	28440	25442
20240112	25442	28456
20240112	28456	25458
20240112	25458	28484
20240112	28484	25472
20240112	25472	
20240112	28470	37889
20240112	37889	37880
20240112	37880	
20240112	36509	78100
20240112	78100	78115
20240112	78115	78126
20240112	78126	78137
20240112	78137	78136
20240112	78136	78041
20240112	78041	78058
20240112	78058	78169
20240112	78169	78176
20240112	78176	78185
20240112	78185	36500
20240112	36500	
20240112	36273	78006
20240112	78006	78109
20240112	78109	78122
20240112	78122	78133
20240112	78133	78132
20240112	78132	78143
20240112	78143	78142
20240112	78142	78155
20240112	78155	78158
20240112	78158	78171
20240112	78171	78178
20240112	78178	78189
20240112	78189	36272
20240112	36272	
20240112	78103	78114
20240112	78114	78123
20240112	78123	78134
20240112	78134	78037
20240112	78037	78054
20240112	78054	78057
20240112	78057	78074
20240112	78074	78187
20240112	78187	78188
20240112	78188	
20240112	78103	78114
20240112	78114	78123
20240112	78123	78134
20240112	78134	78037
20240112	78037	78054
20240112	78054	78057
20240112	78057	78074
20240112	78074	78187
20240112	78187	78188
20240112	78188	
20240112	78127	
20240112	36265	78002
20240112	78002	78107
20240112	78107	78120
20240112	78120	78129
20240112	78129	78152
20240112	78152	78165
20240112	78165	
20240112	36269	78004
20240112	78004	78009
20240112	78009	78026
20240112	78026	78145
20240112	78145	78146
20240112	78146	78159
20240112	78159	78160
20240112	78160	77987
20240112	77987	36282
20240112	36282	
20240112	78102	78005
20240112	78005	78022
20240112	78022	78131
20240112	78131	78144
20240112	78144	78157
20240112	78157	78168
20240112	78168	78179
20240112	78179	78184
20240112	78184	
20240112	36273	78006
20240112	78006	78109
20240112	78109	78122
20240112	78122	78133
20240112	78133	78132
20240112	78132	78143
20240112	78143	78142
20240112	78142	78155
20240112	78155	78158
20240112	78158	78171
20240112	78171	78178
20240112	78178	78189
20240112	78189	36272
20240112	36272	
20240112	78104	78113
20240112	78113	36268
20240112	36268	
20240112	36509	78100
20240112	78100	78115
20240112	78115	78126
20240112	78126	78137
20240112	78137	78136
20240112	78136	78041
20240112	78041	78058
20240112	78058	78169
20240112	78169	78176
20240112	78176	78185
20240112	78185	36500
20240112	36500	
20240112	28506	28560
20240112	28560	25490
20240112	25490	28570
20240112	28570	28524
20240112	28524	28580
20240112	28580	28534
20240112	28534	28590
20240112	28590	28544
20240112	28544	
20240112	28506	28560
20240112	28560	25490
20240112	25490	28570
20240112	28570	28524
20240112	28524	28580
20240112	28580	28534
20240112	28534	28590
20240112	28590	28544
20240112	28544	
20240112	25504	25515
20240112	25515	25520
20240112	25520	28293
20240112	28293	28298
20240112	28298	28365
20240112	28365	28370
20240112	28370	25551
20240112	25551	25556
20240112	25556	31565
20240112	31565	
20240112	25504	25515
20240112	25515	25520
20240112	25520	28293
20240112	28293	28298
20240112	28298	28365
20240112	28365	28370
20240112	28370	25551
20240112	25551	25556
20240112	25556	31565
20240112	31565	
20240112	37865	25502
20240112	25502	25509
20240112	25509	25514
20240112	25514	28287
20240112	28287	28292
20240112	28292	28297
20240112	28297	28364
20240112	28364	25545
20240112	25545	25550
20240112	25550	28387
20240112	28387	
20240112	37865	25502
20240112	25502	25509
20240112	25509	25514
20240112	25514	28287
20240112	28287	28292
20240112	28292	28297
20240112	28297	28364
20240112	28364	25545
20240112	25545	25550
20240112	25550	28387
20240112	28387	
20240112	25482	37975
20240112	37975	
20240112	25501	28276
20240112	28276	28281
20240112	28281	28286
20240112	28286	28291
20240112	28291	28296
20240112	28296	25539
20240112	25539	25544
20240112	25544	28379
20240112	28379	28384
20240112	28384	28389
20240112	28389	
20240112	25501	28276
20240112	28276	28281
20240112	28281	28286
20240112	28286	28291
20240112	28291	28296
20240112	28296	25539
20240112	25539	25544
20240112	25544	28379
20240112	28379	28384
20240112	28384	
20240112	25503	25508
20240112	25508	28279
20240112	28279	28284
20240112	28284	25527
20240112	25527	25532
20240112	25532	28367
20240112	28367	28372
20240112	28372	37863
20240112	37863	28512
20240112	28512	28514
20240112	28514	
20240112	25503	25508
20240112	25508	28279
20240112	28279	28284
20240112	28284	25527
20240112	25527	25532
20240112	25532	28367
20240112	28367	28372
20240112	28372	37863
20240112	37863	28558
20240112	28558	25564
20240112	25564	37977
20240112	37977	
20240112	28564	37872
20240112	37872	28382
20240112	28382	25563
20240112	25563	
20240112	37862	25507
20240112	25507	25512
20240112	25512	25523
20240112	25523	25528
20240112	25528	28363
20240112	28363	28368
20240112	28368	28375
20240112	28375	28380
20240112	28380	28385
20240112	28385	28388
20240112	28388	
20240112	37862	25507
20240112	25507	25512
20240112	25512	25523
20240112	25523	25528
20240112	25528	28363
20240112	28363	28368
20240112	28368	28375
20240112	28375	28380
20240112	28380	28385
20240112	28385	28388
20240112	28388	
20240112	31560	25402
20240112	25402	28412
20240112	28412	25414
20240112	25414	28426
20240112	28426	25428
20240112	25428	28440
20240112	28440	25442
20240112	25442	28456
20240112	28456	25458
20240112	25458	28484
20240112	28484	25472
20240112	25472	
20240112	28402	25404
20240112	25404	28416
20240112	28416	25418
20240112	25418	28430
20240112	28430	25432
20240112	25432	28444
20240112	28444	25446
20240112	25446	28458
20240112	28458	25460
20240112	25460	
20240112	37849	28406
20240112	28406	25408
20240112	25408	28420
20240112	28420	25422
20240112	25422	28434
20240112	28434	25436
20240112	25436	28448
20240112	28448	25450
20240112	25450	28462
20240112	28462	25464
20240112	25464	
20240112	37849	28406
20240112	28406	25408
20240112	25408	28420
20240112	28420	25422
20240112	25422	28434
20240112	28434	25436
20240112	25436	28448
20240112	28448	25450
20240112	25450	28462
20240112	28462	25464
20240112	25464	
20240112	28468	37899
20240112	37899	28510
20240112	28510	28574
20240112	28574	28528
20240112	28528	28584
20240112	28584	28538
20240112	28538	28594
20240112	28594	28548
20240112	28548	
20240112	28474	37893
20240112	37893	28382
20240112	28382	25563
20240112	25563	
20240112	28404	25406
20240112	25406	28418
20240112	28418	25420
20240112	25420	28432
20240112	28432	25434
20240112	25434	28446
20240112	28446	25448
20240112	25448	28460
20240112	28460	25462
20240112	25462	
20240112	28404	25406
20240112	25406	28418
20240112	28418	25420
20240112	25420	28432
20240112	28432	25434
20240112	25434	28446
20240112	28446	25448
20240112	25448	28460
20240112	28460	25462
20240112	25462	
20240112	28470	37889
20240112	37889	37880
20240112	37880	
20240112	28410	25412
20240112	25412	28424
20240112	28424	25426
20240112	25426	28438
20240112	28438	25440
20240112	25440	28452
20240112	28452	25454
20240112	25454	28480
20240112	28480	25468
20240112	25468	
20240112	28410	25412
20240112	25412	28424
20240112	28424	25426
20240112	25426	28438
20240112	28438	25440
20240112	25440	28452
20240112	28452	25454
20240112	25454	28480
20240112	28480	25468
20240112	25468	
20240112	28478	25484
20240112	25484	28568
20240112	28568	28522
20240112	28522	28578
20240112	28578	28532
20240112	28532	28588
20240112	28588	28542
20240112	28542	28598
20240112	28598	28552
20240112	28552	37888
20240112	37888	
20240112	28478	25484
20240112	25484	28568
20240112	28568	28522
20240112	28522	28578
20240112	28578	28532
20240112	28532	28588
20240112	28588	28542
20240112	28542	28598
20240112	28598	28552
20240112	28552	37888
20240112	37888	
20240112	28408	25410
20240112	25410	28422
20240112	28422	25424
20240112	25424	28436
20240112	28436	25438
20240112	25438	28450
20240112	28450	25452
20240112	25452	28464
20240112	28464	25466
20240112	25466	
20240112	28408	25410
20240112	25410	28422
20240112	28422	25424
20240112	25424	28436
20240112	28436	25438
20240112	25438	28450
20240112	28450	25452
20240112	25452	28464
20240112	28464	25466
20240112	25466	
20240112	28414	25416
20240112	25416	28428
20240112	28428	25430
20240112	25430	28442
20240112	28442	25444
20240112	25444	28454
20240112	28454	25456
20240112	25456	28482
20240112	28482	25470
20240112	25470	
20240112	28414	25416
20240112	25416	28428
20240112	28428	25430
20240112	25430	28442
20240112	28442	25444
20240112	25444	28454
20240112	28454	25456
20240112	25456	28482
20240112	28482	25470
20240112	25470	
20240112	78301	78300
20240112	78300	78309
20240112	78309	78308
20240112	78308	78317
20240112	78317	78316
20240112	78316	78325
20240112	78325	78324
20240112	78324	78333
20240112	78333	78332
20240112	78332	78341
20240112	78341	78340
20240112	78340	78349
20240112	78349	78348
20240112	78348	78357
20240112	78357	78356
20240112	78356	78365
20240112	78365	78364
20240112	78364	78373
20240112	78373	78372
20240112	78372	
20240112	78303	78302
20240112	78302	78311
20240112	78311	78310
20240112	78310	78319
20240112	78319	78318
20240112	78318	78327
20240112	78327	78326
20240112	78326	78335
20240112	78335	78334
20240112	78334	78343
20240112	78343	78342
20240112	78342	78351
20240112	78351	78350
20240112	78350	78359
20240112	78359	78358
20240112	78358	78367
20240112	78367	78366
20240112	78366	
20240112	78305	78304
20240112	78304	78313
20240112	78313	78312
20240112	78312	78321
20240112	78321	78320
20240112	78320	78329
20240112	78329	78328
20240112	78328	78337
20240112	78337	78336
20240112	78336	78345
20240112	78345	78344
20240112	78344	78353
20240112	78353	78352
20240112	78352	78361
20240112	78361	78360
20240112	78360	78369
20240112	78369	78368
20240112	78368	
20240112	78307	78306
20240112	78306	78315
20240112	78315	78314
20240112	78314	78323
20240112	78323	78322
20240112	78322	78331
20240112	78331	78330
20240112	78330	78339
20240112	78339	78338
20240112	78338	78347
20240112	78347	78346
20240112	78346	78355
20240112	78355	78354
20240112	78354	78363
20240112	78363	78362
20240112	78362	78371
20240112	78371	78370
20240112	78370	
20240112	36281	77982
20240112	77982	77981
20240112	77981	77988
20240112	77988	77989
20240112	77989	36284
20240112	36284	
20240112	36281	77980
20240112	77980	36505
20240112	36505	36508
20240112	36508	77886
20240112	77886	77878
20240112	77878	77821
20240112	77821	36522
20240112	36522	77991
20240112	77991	77992
20240112	77992	
20240112	36289	77984
20240112	77984	78149
20240112	78149	78154
20240112	78154	78167
20240112	78167	78174
20240112	78174	78183
20240112	78183	78186
20240112	78186	78195
20240112	78195	
20240112	36291	77986
20240112	77986	78153
20240112	78153	78170
20240112	78170	78077
20240112	78077	78098
20240112	78098	
20240112	36501	36502
20240112	36502	77880
20240112	77880	77872
20240112	77872	77875
20240112	77875	36290
20240112	36290	36524
20240112	36524	77851
20240112	77851	77894
20240112	77894	36515
20240112	36515	
20240112	36503	36504
20240112	36504	77882
20240112	77882	77874
20240112	77874	77877
20240112	77877	77814
20240112	77814	77823
20240112	77823	77818
20240112	77818	77827
20240112	77827	77822
20240112	77822	77831
20240112	77831	77826
20240112	77826	77835
20240112	77835	77830
20240112	77830	77839
20240112	77839	77834
20240112	77834	77843
20240112	77843	77838
20240112	77838	77847
20240112	77847	77890
20240112	77890	36511
20240112	36511	77857
20240112	77857	77852
20240112	77852	77861
20240112	77861	77856
20240112	77856	77865
20240112	77865	77860
20240112	77860	77869
20240112	77869	36292
20240112	36292	
20240112	36507	77884
20240112	77884	77876
20240112	77876	77819
20240112	77819	77816
20240112	77816	77825
20240112	77825	77820
20240112	77820	77829
20240112	77829	77824
20240112	77824	77833
20240112	77833	77828
20240112	77828	77837
20240112	77837	77832
20240112	77832	77841
20240112	77841	77836
20240112	77836	77845
20240112	77845	77840
20240112	77840	77849
20240112	77849	77892
20240112	77892	36513
20240112	36513	
20240112	78600	78634
20240112	78634	78604
20240112	78604	78638
20240112	78638	78608
20240112	78608	78642
20240112	78642	78612
20240112	78612	78646
20240112	78646	78616
20240112	78616	78650
20240112	78650	78620
20240112	78620	78654
20240112	78654	78624
20240112	78624	78658
20240112	78658	78628
20240112	78628	78662
20240112	78662	
20240112	78632	78602
20240112	78602	78636
20240112	78636	78606
20240112	78606	78640
20240112	78640	78610
20240112	78610	78644
20240112	78644	78614
20240112	78614	78648
20240112	78648	78618
20240112	78618	78652
20240112	78652	78622
20240112	78622	78656
20240112	78656	78626
20240112	78626	78660
20240112	78660	78630
20240112	78630	
20240112	88600	87702
20240112	87702	88602
20240112	88602	87704
20240112	87704	88604
20240112	88604	87708
20240112	87708	88606
20240112	88606	87712
20240112	87712	88608
20240112	88608	88638
20240112	88638	87620
20240112	87620	87718
20240112	87718	87624
20240112	87624	87722
20240112	87722	87628
20240112	87628	87726
20240112	87726	87632
20240112	87632	87730
20240112	87730	87636
20240112	87636	87734
20240112	87734	87640
20240112	87640	87738
20240112	87738	87644
20240112	87644	87742
20240112	87742	87648
20240112	87648	87746
20240112	87746	87650
20240112	87650	88654
20240112	88654	87652
20240112	87652	87750
20240112	87750	87654
20240112	87654	88656
20240112	88656	87656
20240112	87656	87754
20240112	87754	87660
20240112	87660	87758
20240112	87758	87664
20240112	87664	87762
20240112	87762	
20240112	87604	88632
20240112	88632	87608
20240112	87608	87706
20240112	87706	87612
20240112	87612	87710
20240112	87710	87616
20240112	87616	87714
20240112	87714	88610
20240112	88610	88640
20240112	88640	88612
20240112	88612	88642
20240112	88642	88614
20240112	88614	88644
20240112	88644	88616
20240112	88616	88646
20240112	88646	88618
20240112	88618	88648
20240112	88648	88620
20240112	88620	88650
20240112	88650	88622
20240112	88622	88652
20240112	88652	88624
20240112	88624	87748
20240112	87748	88626
20240112	88626	87752
20240112	87752	88628
20240112	88628	88658
20240112	88658	88630
20240112	88630	88660
20240112	88660	
20240112	87606	88634
20240112	88634	87614
20240112	87614	88636
20240112	88636	87618
20240112	87618	87716
20240112	87716	87622
20240112	87622	87720
20240112	87720	87626
20240112	87626	87724
20240112	87724	87630
20240112	87630	87728
20240112	87728	87634
20240112	87634	87732
20240112	87732	87638
20240112	87638	87736
20240112	87736	87642
20240112	87642	87740
20240112	87740	87646
20240112	87646	87744
20240112	87744	87658
20240112	87658	87756
20240112	87756	87662
20240112	87662	87760
20240112	87760	
20240112	87610	88662
20240112	88662	
20240112	37602	15826
20240112	15826	15808
20240112	15808	37605
20240112	37605	37616
20240112	37616	15838
20240112	15838	
20240112	37604	15828
20240112	15828	15810
20240112	15810	37607
20240112	37607	37616
20240112	37616	15838
20240112	15838	
20240112	37600	15824
20240112	15824	15812
20240112	15812	37609
20240112	37609	37618
20240112	37618	15840
20240112	15840	
20240112	36908	37612
20240112	37612	15836
20240112	15836	15820
20240112	15820	37619
20240112	37619	
20240112	36908	37612
20240112	37612	15836
20240112	15836	15820
20240112	15820	37619
20240112	37619	
20240112	15804	37601
20240112	37601	37606
20240112	37606	15830
20240112	15830	15814
20240112	15814	37611
20240112	37611	37618
20240112	37618	15840
20240112	15840	
20240112	15806	37603
20240112	37603	37608
20240112	37608	15832
20240112	15832	15818
20240112	15818	37617
20240112	37617	37698
20240112	37698	
20240112	30823	30828
20240112	30828	30831
20240112	30831	30840
20240112	30840	
20240112	30823	30828
20240112	30828	30831
20240112	30831	30840
20240112	30840	
20240112	30834	30839
20240112	30839	30888
20240112	30888	
20240112	30834	30839
20240112	30839	30888
20240112	30888	
20240112	30884	30824
20240112	30824	30829
20240112	30829	30836
20240112	30836	30841
20240112	30841	
20240112	30884	30824
20240112	30824	30829
20240112	30829	30836
20240112	30836	30841
20240112	30841	
20240112	34653	34656
20240112	34656	34663
20240112	34663	34666
20240112	34666	
20240112	34653	34656
20240112	34656	34663
20240112	34663	34666
20240112	34666	
20240112	34652	34657
20240112	34657	34662
20240112	34662	34667
20240112	34667	
20240112	34652	34657
20240112	34657	34662
20240112	34662	34667
20240112	34667	
20240112	34659	34664
20240112	34664	
20240112	34659	34664
20240112	34664	
20240112	34671	36208
20240112	36208	
20240112	34671	36208
20240112	36208	
20240112	34655	34658
20240112	34658	
20240112	34655	34658
20240112	34658	
20240112	34673	34654
20240112	34654	34665
20240112	34665	34670
20240112	34670	
20240112	34673	34654
20240112	34654	34665
20240112	34665	34670
20240112	34670	
20240112	30542	30521
20240112	30521	30524
20240112	30524	30541
20240112	30541	37658
20240112	37658	
20240112	30542	30541
20240112	30541	30541
20240112	30541	37658
20240112	37658	
20240112	30504	30523
20240112	30523	30528
20240112	30528	
20240112	30540	37915
20240112	37915	37852
20240112	37852	30511
20240112	30511	
20240112	30540	30540
20240112	30540	37915
20240112	37915	37852
20240112	37852	30511
20240112	30511	
20240112	30547	30546
20240112	30546	30517
20240112	30517	
20240112	30546	
20240112	30826	30837
20240112	30837	
20240112	30821	30826
20240112	30826	30837
20240112	30837	30844
20240112	30844	
20240112	36534	33851
20240112	33851	33850
20240112	33850	33853
20240112	33853	33852
20240112	33852	33855
20240112	33855	33854
20240112	33854	33857
20240112	33857	33856
20240112	33856	33859
20240112	33859	33858
20240112	33858	36535
20240112	36535	
20240112	33501	33500
20240112	33500	30531
20240112	30531	30530
20240112	30530	30533
20240112	30533	15504
20240112	15504	15505
20240112	15505	15500
20240112	15500	15501
20240112	15501	30532
20240112	30532	
20240112	33505	33504
20240112	33504	33513
20240112	33513	33514
20240112	33514	33519
20240112	33519	33520
20240112	33520	
20240112	33509	33512
20240112	33512	30543
20240112	30543	
20240112	30543	30543
20240112	30543	
20240112	39568	15900
20240112	15900	15066
20240112	15066	36961
20240112	36961	36950
20240112	36950	15078
20240112	15078	15002
20240112	15002	36937
20240112	36937	36952
20240112	36952	15080
20240112	15080	15904
20240112	15904	37626
20240112	37626	
20240112	39568	15900
20240112	15900	15066
20240112	15066	36961
20240112	36961	36950
20240112	36950	15078
20240112	15078	15002
20240112	15002	36937
20240112	36937	36952
20240112	36952	15080
20240112	15080	15904
20240112	15904	37626
20240112	37626	
20240112	36900	36940
20240112	36940	15008
20240112	15008	15068
20240112	15068	36963
20240112	36963	36932
20240112	36932	34604
20240112	34604	15072
20240112	15072	36969
20240112	36969	36994
20240112	36994	15082
20240112	15082	15000
20240112	15000	36935
20240112	36935	36930
20240112	36930	
20240112	36900	36940
20240112	36940	15008
20240112	15008	15068
20240112	15068	36963
20240112	36963	36932
20240112	36932	34604
20240112	34604	15072
20240112	15072	36969
20240112	36969	36994
20240112	36994	15082
20240112	15082	15000
20240112	15000	36935
20240112	36935	36930
20240112	36930	
20240112	37574	15010
20240112	15010	36941
20240112	36941	36946
20240112	36946	15076
20240112	15076	15070
20240112	15070	37665
20240112	37665	37642
20240112	37642	15012
20240112	15012	15092
20240112	15092	37675
20240112	37675	37636
20240112	37636	34608
20240112	34608	
20240112	37574	15010
20240112	15010	36941
20240112	36941	36946
20240112	36946	15076
20240112	15076	15070
20240112	15070	37665
20240112	37665	37642
20240112	37642	15012
20240112	15012	15092
20240112	15092	37675
20240112	37675	37636
20240112	37636	34608
20240112	34608	
20240112	15046	36945
20240112	36945	36920
20240112	36920	36906
20240112	36906	36972
20240112	36972	15096
20240112	15096	15018
20240112	15018	36953
20240112	36953	36964
20240112	36964	15086
20240112	15086	
20240112	15046	36945
20240112	36945	36920
20240112	36920	36906
20240112	36906	36972
20240112	36972	15096
20240112	15096	15018
20240112	15018	36953
20240112	36953	36964
20240112	36964	15086
20240112	15086	
20240112	15060	37647
20240112	37647	36924
20240112	36924	36904
20240112	36904	36980
20240112	36980	15910
20240112	15910	15902
20240112	15902	36977
20240112	36977	36962
20240112	36962	34684
20240112	34684	
20240112	15060	37647
20240112	37647	36924
20240112	36924	36904
20240112	36904	36980
20240112	36980	15910
20240112	15910	15902
20240112	15902	36977
20240112	36977	36962
20240112	36962	34684
20240112	34684	
20240112	15062	36951
20240112	36951	36970
20240112	36970	15094
20240112	15094	15090
20240112	15090	36973
20240112	36973	36992
20240112	36992	15098
20240112	15098	15074
20240112	15074	37671
20240112	37671	36976
20240112	36976	15916
20240112	15916	37575
20240112	37575	
20240112	15062	36951
20240112	36951	36970
20240112	36970	15094
20240112	15094	15090
20240112	15090	36973
20240112	36973	36992
20240112	36992	15098
20240112	15098	15074
20240112	15074	37671
20240112	37671	36976
20240112	36976	15916
20240112	15916	37575
20240112	37575	
20240112	37868	30501
20240112	30501	30506
20240112	30506	30833
20240112	30833	
20240112	30502	
20240112	30502	30503
20240112	30503	30508
20240112	30508	30833
20240112	30833	
20240112	30820	30825
20240112	30825	30832
20240112	30832	
20240112	30820	30825
20240112	30825	30832
20240112	30832	30515
20240112	30515	
20240112	30526	30505
20240112	30505	30510
20240112	30510	30525
20240112	30525	34632
20240112	34632	37997
20240112	37997	
20240112	30549	30548
20240112	30548	30525
20240112	30525	37610
20240112	37610	
20240112	37882	30527
20240112	30527	30522
20240112	30522	
20240112	30520	39563
20240112	39563	39566
20240112	39566	30513
20240112	30513	30514
20240112	30514	
20240112	37882	30527
20240112	30527	30520
20240112	30520	39563
20240112	39563	39566
20240112	39566	30513
20240112	30513	30514
20240112	30514	
20240112	30500	30509
20240112	30509	
20240112	30500	30509
20240112	30509	
20240112	15634	15631
20240112	15631	34622
20240112	34622	34625
20240112	34625	34626
20240112	34626	
20240112	34623	34630
20240112	34630	34635
20240112	34635	34624
20240112	34624	
20240112	30507	30512
20240112	30512	30529
20240112	30529	
20240112	34627	
20240112	37998	15633
20240112	15633	
20240113	37000	27203
20240113	27203	32933
20240113	32933	32942
20240113	32942	27208
20240113	27208	27219
20240113	27219	27119
20240113	27119	27120
20240113	27120	27220
20240113	27220	21651
20240113	21651	21045
20240113	21045	32946
20240113	32946	21674
20240113	21674	27249
20240113	27249	27149
20240113	27149	
20240113	37000	27203
20240113	27203	32933
20240113	32933	32942
20240113	32942	27208
20240113	27208	27219
20240113	27219	27119
20240113	27119	27120
20240113	27120	27220
20240113	27220	21651
20240113	21651	21045
20240113	21045	32946
20240113	32946	21674
20240113	21674	27249
20240113	27249	27149
20240113	27149	
20240113	27205	27105
20240113	27105	27110
20240113	27110	27210
20240113	27210	21631
20240113	21631	21027
20240113	21027	21030
20240113	21030	21646
20240113	21646	27235
20240113	27235	27135
20240113	27135	27136
20240113	27136	27236
20240113	27236	21675
20240113	21675	21069
20240113	21069	37082
20240113	37082	
20240113	27205	27105
20240113	27105	27110
20240113	27110	27210
20240113	27210	21631
20240113	21631	21027
20240113	21027	21030
20240113	21030	21646
20240113	21646	27235
20240113	27235	27135
20240113	27135	27136
20240113	27136	27236
20240113	27236	21675
20240113	21675	21069
20240113	21069	37082
20240113	37082	
20240113	21607	32941
20240113	32941	21020
20240113	21020	21630
20240113	21630	27221
20240113	27221	27121
20240113	27121	27122
20240113	27122	27222
20240113	27222	27237
20240113	27237	32959
20240113	32959	32950
20240113	32950	27238
20240113	27238	37003
20240113	37003	
20240113	21607	32941
20240113	32941	21020
20240113	21020	21630
20240113	21630	27221
20240113	27221	27121
20240113	27121	27122
20240113	27122	27222
20240113	27222	27237
20240113	27237	32959
20240113	32959	32950
20240113	32950	27238
20240113	27238	37003
20240113	37003	
20240113	27209	27109
20240113	27109	27112
20240113	27112	27212
20240113	27212	21633
20240113	21633	21029
20240113	21029	21032
20240113	21032	21652
20240113	21652	27239
20240113	27239	27139
20240113	27139	27140
20240113	27140	27240
20240113	27240	21677
20240113	21677	
20240113	27209	27109
20240113	27109	27112
20240113	27112	27212
20240113	27212	21633
20240113	21633	21029
20240113	21029	21032
20240113	21032	21652
20240113	21652	27239
20240113	27239	27139
20240113	27139	27140
20240113	27140	27240
20240113	27240	21677
20240113	21677	
20240113	21604	21613
20240113	21613	27111
20240113	27111	27144
20240113	27144	
20240113	37074	21612
20240113	21612	27213
20240113	27213	27113
20240113	27113	27114
20240113	27114	27214
20240113	27214	27225
20240113	27225	32951
20240113	32951	21036
20240113	21036	27226
20240113	27226	27243
20240113	27243	27143
20240113	27143	27142
20240113	27142	27242
20240113	27242	
20240113	37074	21612
20240113	21612	27213
20240113	27213	27113
20240113	27113	27114
20240113	27114	27214
20240113	27214	27225
20240113	27225	32951
20240113	32951	21036
20240113	21036	27226
20240113	27226	27243
20240113	27243	27143
20240113	27143	27142
20240113	27142	27242
20240113	27242	
20240113	21800	21619
20240113	21619	32945
20240113	32945	21024
20240113	21024	21634
20240113	21634	27227
20240113	27227	27127
20240113	27127	27128
20240113	27128	27228
20240113	27228	21665
20240113	21665	32965
20240113	32965	21054
20240113	21054	21678
20240113	21678	
20240113	21800	21619
20240113	21619	32945
20240113	32945	21024
20240113	21024	21634
20240113	21634	27227
20240113	27227	27127
20240113	27127	27128
20240113	27128	27228
20240113	27228	21665
20240113	21665	32965
20240113	32965	21054
20240113	21054	21678
20240113	21678	
20240113	27102	27202
20240113	27202	21627
20240113	21627	32947
20240113	32947	21026
20240113	21026	21636
20240113	21636	27231
20240113	27231	27131
20240113	27131	27130
20240113	27130	27230
20240113	27230	21671
20240113	21671	32967
20240113	32967	
20240113	27102	27202
20240113	27202	21627
20240113	21627	32947
20240113	32947	21026
20240113	21026	21636
20240113	21636	27231
20240113	27231	27131
20240113	27131	27130
20240113	27130	27230
20240113	27230	21671
20240113	21671	32967
20240113	32967	
20240113	27106	27206
20240113	27206	21629
20240113	21629	32949
20240113	32949	21028
20240113	21028	21640
20240113	21640	27233
20240113	27233	27133
20240113	27133	27132
20240113	27132	27232
20240113	27232	21673
20240113	21673	32969
20240113	32969	
20240113	27106	27206
20240113	27206	21629
20240113	21629	32949
20240113	32949	21028
20240113	21028	21640
20240113	21640	27233
20240113	27233	27133
20240113	27133	27132
20240113	27132	27232
20240113	27232	21673
20240113	21673	32969
20240113	32969	
20240113	21017	21022
20240113	21022	21632
20240113	21632	27223
20240113	27223	27123
20240113	27123	27124
20240113	27124	27224
20240113	27224	27241
20240113	27241	32963
20240113	32963	21052
20240113	21052	21676
20240113	21676	
20240113	21017	21022
20240113	21022	21632
20240113	21632	27223
20240113	27223	27123
20240113	27123	27124
20240113	27124	27224
20240113	27224	27241
20240113	27241	32963
20240113	32963	21052
20240113	21052	21676
20240113	21676	
20240113	32932	27200
20240113	27200	27215
20240113	27215	27115
20240113	27115	27116
20240113	27116	27216
20240113	27216	21641
20240113	21641	32955
20240113	32955	21038
20240113	21038	21662
20240113	21662	27245
20240113	27245	27145
20240113	27145	27146
20240113	27146	27244
20240113	27244	37001
20240113	37001	
20240113	32932	27200
20240113	27200	27215
20240113	27215	27115
20240113	27115	27116
20240113	27116	27216
20240113	27216	21641
20240113	21641	32955
20240113	32955	21038
20240113	21038	21662
20240113	21662	27245
20240113	27245	27145
20240113	27145	27146
20240113	27146	27244
20240113	27244	37001
20240113	37001	
20240113	21704	35233
20240113	35233	36117
20240113	36117	35823
20240113	35823	21128
20240113	21128	36041
20240113	36041	35256
20240113	35256	35269
20240113	35269	36153
20240113	36153	35859
20240113	35859	21164
20240113	21164	
20240113	21704	35233
20240113	35233	36117
20240113	36117	35823
20240113	35823	21128
20240113	21128	36041
20240113	36041	35256
20240113	35256	35269
20240113	35269	36153
20240113	36153	35859
20240113	35859	21164
20240113	21164	
20240113	37081	32930
20240113	32930	21616
20240113	21616	35231
20240113	35231	36115
20240113	36115	36025
20240113	36025	35240
20240113	35240	35253
20240113	35253	36137
20240113	36137	35843
20240113	35843	21148
20240113	21148	36061
20240113	36061	35276
20240113	35276	35289
20240113	35289	
20240113	37081	32930
20240113	32930	21616
20240113	21616	35231
20240113	35231	36115
20240113	36115	36025
20240113	36025	35240
20240113	35240	35253
20240113	35253	36137
20240113	36137	35843
20240113	35843	21148
20240113	21148	36061
20240113	36061	35276
20240113	35276	35289
20240113	35289	
20240113	37087	37080
20240113	37080	
20240113	32936	32802
20240113	32802	27217
20240113	27217	27117
20240113	27117	27118
20240113	27118	27218
20240113	27218	21647
20240113	21647	21041
20240113	21041	21040
20240113	21040	21668
20240113	21668	27247
20240113	27247	27147
20240113	27147	
20240113	32936	32802
20240113	32802	27217
20240113	27217	27117
20240113	27117	27118
20240113	27118	27218
20240113	27218	21647
20240113	21647	21041
20240113	21041	21040
20240113	21040	21668
20240113	21668	27247
20240113	27247	27147
20240113	27147	
20240113	39026	27801
20240113	27801	36011
20240113	36011	35222
20240113	35222	21723
20240113	21723	36123
20240113	36123	35829
20240113	35829	21134
20240113	21134	36047
20240113	36047	35262
20240113	35262	35275
20240113	35275	36159
20240113	36159	27969
20240113	27969	21768
20240113	21768	
20240113	39026	27801
20240113	27801	36011
20240113	36011	35222
20240113	35222	21723
20240113	21723	36123
20240113	36123	35829
20240113	35829	21134
20240113	21134	36047
20240113	36047	35262
20240113	35262	35275
20240113	35275	36159
20240113	36159	27969
20240113	27969	21768
20240113	21768	
20240113	21711	27811
20240113	27811	36021
20240113	36021	35236
20240113	35236	35249
20240113	35249	36133
20240113	36133	35839
20240113	35839	21144
20240113	21144	36057
20240113	36057	35272
20240113	35272	35285
20240113	35285	36169
20240113	36169	27979
20240113	27979	37021
20240113	37021	
20240113	21711	27811
20240113	27811	36021
20240113	36021	35236
20240113	35236	35249
20240113	35249	36133
20240113	36133	35839
20240113	35839	21144
20240113	21144	36057
20240113	36057	35272
20240113	35272	35285
20240113	35285	36169
20240113	36169	27979
20240113	27979	37021
20240113	37021	
20240113	21700	21713
20240113	21713	27813
20240113	27813	36023
20240113	36023	35238
20240113	35238	35251
20240113	35251	36135
20240113	36135	21241
20240113	21241	21146
20240113	21146	36059
20240113	36059	35274
20240113	35274	35287
20240113	35287	36171
20240113	36171	
20240113	21700	21713
20240113	21713	27813
20240113	27813	36023
20240113	36023	35238
20240113	35238	35251
20240113	35251	36135
20240113	36135	21241
20240113	21241	21146
20240113	21146	36059
20240113	36059	35274
20240113	35274	35287
20240113	35287	36171
20240113	36171	
20240113	27799	27909
20240113	27909	35220
20240113	35220	35237
20240113	35237	36121
20240113	36121	35827
20240113	35827	21132
20240113	21132	36045
20240113	36045	35260
20240113	35260	35273
20240113	35273	36157
20240113	36157	
20240113	27799	27909
20240113	27909	35220
20240113	35220	35237
20240113	35237	36121
20240113	36121	35827
20240113	35827	21132
20240113	21132	36045
20240113	36045	35260
20240113	35260	35273
20240113	35273	36157
20240113	36157	
20240113	21705	27805
20240113	27805	36015
20240113	36015	35230
20240113	35230	35243
20240113	35243	36127
20240113	36127	35833
20240113	35833	21138
20240113	21138	36051
20240113	36051	35266
20240113	35266	35279
20240113	35279	36163
20240113	36163	27973
20240113	27973	21772
20240113	21772	37067
20240113	37067	
20240113	21705	27805
20240113	27805	36015
20240113	36015	35230
20240113	35230	35243
20240113	35243	36127
20240113	36127	35833
20240113	35833	21138
20240113	21138	36051
20240113	36051	35266
20240113	35266	35279
20240113	35279	36163
20240113	36163	27973
20240113	27973	21772
20240113	21772	37067
20240113	37067	
20240113	21709	27809
20240113	27809	36019
20240113	36019	35234
20240113	35234	35247
20240113	35247	36131
20240113	36131	35837
20240113	35837	21142
20240113	21142	36055
20240113	36055	35270
20240113	35270	35283
20240113	35283	36167
20240113	36167	27977
20240113	27977	
20240113	21709	27809
20240113	27809	36019
20240113	36019	35234
20240113	35234	35247
20240113	35247	36131
20240113	36131	35837
20240113	35837	21142
20240113	21142	36055
20240113	36055	35270
20240113	35270	35283
20240113	35283	36167
20240113	36167	27977
20240113	27977	
20240113	21702	21505
20240113	21505	
20240113	21702	21505
20240113	21505	
20240113	37020	27797
20240113	27797	36007
20240113	36007	35218
20240113	35218	35235
20240113	35235	36119
20240113	36119	35825
20240113	35825	21130
20240113	21130	36043
20240113	36043	35258
20240113	35258	35271
20240113	35271	36155
20240113	36155	35861
20240113	35861	21166
20240113	21166	
20240113	37020	27797
20240113	27797	36007
20240113	36007	35218
20240113	35218	35235
20240113	35235	36119
20240113	36119	35825
20240113	35825	21130
20240113	21130	36043
20240113	36043	35258
20240113	35258	35271
20240113	35271	36155
20240113	36155	35861
20240113	35861	21166
20240113	21166	
20240113	21707	27807
20240113	27807	36017
20240113	36017	35232
20240113	35232	35245
20240113	35245	36129
20240113	36129	21235
20240113	21235	21140
20240113	21140	36053
20240113	36053	35268
20240113	35268	35281
20240113	35281	36165
20240113	36165	27975
20240113	27975	
20240113	21707	27807
20240113	27807	36017
20240113	36017	35232
20240113	35232	35245
20240113	35245	36129
20240113	36129	21235
20240113	21235	21140
20240113	21140	36053
20240113	36053	35268
20240113	35268	35281
20240113	35281	36165
20240113	36165	27975
20240113	27975	
20240113	37072	37024
20240113	37024	27803
20240113	27803	36013
20240113	36013	35224
20240113	35224	35241
20240113	35241	36125
20240113	36125	35831
20240113	35831	21136
20240113	21136	36049
20240113	36049	35264
20240113	35264	35277
20240113	35277	36161
20240113	36161	27971
20240113	27971	21770
20240113	21770	
20240113	37072	37024
20240113	37024	27803
20240113	27803	36013
20240113	36013	35224
20240113	35224	35241
20240113	35241	36125
20240113	36125	35831
20240113	35831	21136
20240113	21136	36049
20240113	36049	35264
20240113	35264	35277
20240113	35277	36161
20240113	36161	27971
20240113	27971	21770
20240113	21770	
20240113	37090	21102
20240113	21102	21209
20240113	21209	21114
20240113	21114	35821
20240113	35821	21126
20240113	21126	36039
20240113	36039	35254
20240113	35254	35267
20240113	35267	36151
20240113	36151	21257
20240113	21257	21162
20240113	21162	35869
20240113	35869	
20240113	37090	21102
20240113	21102	21209
20240113	21209	21114
20240113	21114	35821
20240113	35821	21126
20240113	21126	36039
20240113	36039	35254
20240113	35254	35267
20240113	35267	36151
20240113	36151	21257
20240113	21257	21162
20240113	21162	35869
20240113	35869	
20240113	21106	35813
20240113	35813	21118
20240113	21118	36031
20240113	36031	35246
20240113	35246	35259
20240113	35259	36143
20240113	36143	35849
20240113	35849	21154
20240113	21154	36067
20240113	36067	35282
20240113	35282	
20240113	21106	35813
20240113	35813	21118
20240113	21118	36031
20240113	36031	35246
20240113	35246	35259
20240113	35259	36143
20240113	36143	35849
20240113	35849	21154
20240113	21154	36067
20240113	36067	35282
20240113	35282	
20240113	21104	35811
20240113	35811	21116
20240113	21116	36029
20240113	36029	35244
20240113	35244	35257
20240113	35257	36141
20240113	36141	35847
20240113	35847	21152
20240113	21152	36065
20240113	36065	35280
20240113	35280	
20240113	21104	35811
20240113	35811	21116
20240113	21116	36029
20240113	36029	35244
20240113	35244	35257
20240113	35257	36141
20240113	36141	35847
20240113	35847	21152
20240113	21152	36065
20240113	36065	35280
20240113	35280	
20240113	35803	21108
20240113	21108	35815
20240113	35815	21120
20240113	21120	36033
20240113	36033	35248
20240113	35248	35261
20240113	35261	36145
20240113	36145	35851
20240113	35851	21156
20240113	21156	35863
20240113	35863	21168
20240113	21168	39013
20240113	39013	
20240113	35803	21108
20240113	21108	35815
20240113	35815	21120
20240113	21120	36033
20240113	36033	35248
20240113	35248	35261
20240113	35261	36145
20240113	36145	35851
20240113	35851	21156
20240113	21156	35863
20240113	35863	21168
20240113	21168	39013
20240113	39013	
20240113	21100	35807
20240113	35807	21112
20240113	21112	35819
20240113	35819	21124
20240113	21124	36037
20240113	36037	35252
20240113	35252	35265
20240113	35265	36149
20240113	36149	21255
20240113	21255	21160
20240113	21160	35867
20240113	35867	
20240113	21100	35807
20240113	35807	21112
20240113	21112	35819
20240113	35819	21124
20240113	21124	36037
20240113	36037	35252
20240113	35252	35265
20240113	35265	36149
20240113	36149	21255
20240113	21255	21160
20240113	21160	35867
20240113	35867	
20240113	35805	21110
20240113	21110	35817
20240113	35817	21122
20240113	21122	36035
20240113	36035	35250
20240113	35250	35263
20240113	35263	36147
20240113	36147	35853
20240113	35853	21158
20240113	21158	35865
20240113	35865	21170
20240113	21170	
20240113	35805	21110
20240113	21110	35817
20240113	35817	21122
20240113	21122	36035
20240113	36035	35250
20240113	35250	35263
20240113	35263	36147
20240113	36147	35853
20240113	35853	21158
20240113	21158	35865
20240113	35865	21170
20240113	21170	
20240113	36027	35242
20240113	35242	35255
20240113	35255	36139
20240113	36139	35845
20240113	35845	21150
20240113	21150	36063
20240113	36063	35278
20240113	35278	
20240113	36027	35242
20240113	35242	35255
20240113	35255	36139
20240113	36139	35845
20240113	35845	21150
20240113	21150	36063
20240113	36063	35278
20240113	35278	
20240113	20001	20008
20240113	20008	20011
20240113	20011	20022
20240113	20022	20035
20240113	20035	20042
20240113	20042	20053
20240113	20053	20054
20240113	20054	20155
20240113	20155	20064
20240113	20064	20165
20240113	20165	20152
20240113	20152	20085
20240113	20085	
20240113	37040	20105
20240113	20105	20102
20240113	20102	35915
20240113	35915	20038
20240113	20038	20047
20240113	20047	20048
20240113	20048	20059
20240113	20059	20060
20240113	20060	20163
20240113	20163	20148
20240113	20148	20081
20240113	20081	20084
20240113	20084	
20240113	20113	20110
20240113	20110	20023
20240113	20023	20028
20240113	20028	20127
20240113	20127	20126
20240113	20126	20041
20240113	20041	20044
20240113	20044	20145
20240113	20145	20138
20240113	20138	20063
20240113	20063	20066
20240113	20066	20167
20240113	20167	20154
20240113	20154	37041
20240113	37041	
20240113	20045	20046
20240113	20046	20055
20240113	20055	20058
20240113	20058	20067
20240113	20067	20070
20240113	20070	
20240113	20000	20003
20240113	20003	20012
20240113	20012	20019
20240113	20019	20024
20240113	20024	20125
20240113	20125	20124
20240113	20124	20031
20240113	20031	20040
20240113	20040	20141
20240113	20141	20136
20240113	20136	20061
20240113	20061	20062
20240113	20062	20071
20240113	20071	20078
20240113	20078	20169
20240113	20169	
20240113	20004	20007
20240113	20007	20020
20240113	20020	20123
20240113	20123	20122
20240113	20122	20029
20240113	20029	20034
20240113	20034	35937
20240113	35937	20132
20240113	20132	
20240113	20100	20117
20240113	20117	20116
20240113	20116	20025
20240113	20025	20030
20240113	20030	20129
20240113	20129	20128
20240113	20128	20051
20240113	20051	20050
20240113	20050	20151
20240113	20151	20140
20240113	20140	20069
20240113	20069	
20240113	35916	20119
20240113	20119	20120
20240113	20120	20027
20240113	20027	20032
20240113	20032	20131
20240113	20131	20130
20240113	20130	20143
20240113	20143	20056
20240113	20056	20157
20240113	20157	20144
20240113	20144	20075
20240113	20075	20082
20240113	20082	20087
20240113	20087	
20240113	39196	20203
20240113	20203	20408
20240113	20408	20413
20240113	20413	20422
20240113	20422	20427
20240113	20427	20436
20240113	20436	20441
20240113	20441	20450
20240113	20450	20455
20240113	20455	20464
20240113	20464	20469
20240113	20469	20478
20240113	20478	20483
20240113	20483	20492
20240113	20492	20497
20240113	20497	20506
20240113	20506	
20240113	37048	20805
20240113	20805	20808
20240113	20808	20821
20240113	20821	20824
20240113	20824	20837
20240113	20837	20840
20240113	20840	20853
20240113	20853	20856
20240113	20856	20869
20240113	20869	20872
20240113	20872	20885
20240113	20885	20888
20240113	20888	20901
20240113	20901	20904
20240113	20904	
20240113	20807	20810
20240113	20810	20823
20240113	20823	20826
20240113	20826	20839
20240113	20839	20842
20240113	20842	20855
20240113	20855	20858
20240113	20858	20871
20240113	20871	20706
20240113	20706	20887
20240113	20887	20890
20240113	20890	20903
20240113	20903	20906
20240113	20906	
20240113	20811	20814
20240113	20814	20827
20240113	20827	20830
20240113	20830	20843
20240113	20843	20846
20240113	20846	20859
20240113	20859	20862
20240113	20862	20875
20240113	20875	20878
20240113	20878	20891
20240113	20891	20894
20240113	20894	20907
20240113	20907	20752
20240113	20752	
20240113	39196	20403
20240113	20403	20412
20240113	20412	20417
20240113	20417	20426
20240113	20426	20431
20240113	20431	20440
20240113	20440	20445
20240113	20445	20454
20240113	20454	20459
20240113	20459	20468
20240113	20468	20473
20240113	20473	20482
20240113	20482	20487
20240113	20487	20496
20240113	20496	20501
20240113	20501	20510
20240113	20510	
20240113	20202	20405
20240113	20405	20414
20240113	20414	20419
20240113	20419	20428
20240113	20428	20433
20240113	20433	20442
20240113	20442	20447
20240113	20447	20456
20240113	20456	20461
20240113	20461	20470
20240113	20470	20475
20240113	20475	20484
20240113	20484	20489
20240113	20489	20498
20240113	20498	20503
20240113	20503	20512
20240113	20512	
20240113	20400	20809
20240113	20809	20812
20240113	20812	20825
20240113	20825	20828
20240113	20828	20841
20240113	20841	20844
20240113	20844	20857
20240113	20857	20860
20240113	20860	20873
20240113	20873	20876
20240113	20876	20889
20240113	20889	20730
20240113	20730	20905
20240113	20905	20908
20240113	20908	
20240113	20404	20409
20240113	20409	20418
20240113	20418	20423
20240113	20423	20432
20240113	20432	20437
20240113	20437	20446
20240113	20446	20451
20240113	20451	20460
20240113	20460	20465
20240113	20465	20474
20240113	20474	20479
20240113	20479	20488
20240113	20488	20493
20240113	20493	20502
20240113	20502	20909
20240113	20909	
20240113	20201	20406
20240113	20406	20411
20240113	20411	20420
20240113	20420	20425
20240113	20425	20434
20240113	20434	20439
20240113	20439	20448
20240113	20448	20453
20240113	20453	20462
20240113	20462	20467
20240113	20467	20476
20240113	20476	20481
20240113	20481	20490
20240113	20490	20495
20240113	20495	20504
20240113	20504	
20240113	20801	20804
20240113	20804	20817
20240113	20817	20820
20240113	20820	20833
20240113	20833	20836
20240113	20836	20849
20240113	20849	20852
20240113	20852	20865
20240113	20865	20868
20240113	20868	20881
20240113	20881	20884
20240113	20884	20897
20240113	20897	20900
20240113	20900	20507
20240113	20507	
20240113	20401	20410
20240113	20410	20415
20240113	20415	20424
20240113	20424	20429
20240113	20429	20438
20240113	20438	20443
20240113	20443	20452
20240113	20452	20457
20240113	20457	20466
20240113	20466	20471
20240113	20471	20480
20240113	20480	20485
20240113	20485	20494
20240113	20494	20499
20240113	20499	20508
20240113	20508	
20240113	20601	20802
20240113	20802	20815
20240113	20815	20818
20240113	20818	20831
20240113	20831	20834
20240113	20834	20847
20240113	20847	20850
20240113	20850	20863
20240113	20863	20866
20240113	20866	20879
20240113	20879	20882
20240113	20882	20895
20240113	20895	20898
20240113	20898	
20240113	20402	20407
20240113	20407	20416
20240113	20416	20421
20240113	20421	20430
20240113	20430	20435
20240113	20435	20444
20240113	20444	20449
20240113	20449	20458
20240113	20458	20463
20240113	20463	20472
20240113	20472	20315
20240113	20315	20486
20240113	20486	20491
20240113	20491	20500
20240113	20500	20505
20240113	20505	20200
20240113	20200	
20240113	20803	20806
20240113	20806	20819
20240113	20819	20822
20240113	20822	20835
20240113	20835	20838
20240113	20838	20851
20240113	20851	20854
20240113	20854	20867
20240113	20867	20870
20240113	20870	20883
20240113	20883	20722
20240113	20722	20899
20240113	20899	20902
20240113	20902	20509
20240113	20509	
20240113	20800	20813
20240113	20813	20816
20240113	20816	20829
20240113	20829	20832
20240113	20832	20845
20240113	20845	20848
20240113	20848	20861
20240113	20861	20864
20240113	20864	20877
20240113	20877	20714
20240113	20714	20893
20240113	20893	20896
20240113	20896	
20240113	49501	19501
20240113	19501	19508
20240113	19508	19529
20240113	19529	27344
20240113	27344	27361
20240113	27361	19618
20240113	19618	19649
20240113	19649	27428
20240113	27428	27421
20240113	27421	19684
20240113	19684	19737
20240113	19737	27504
20240113	27504	27491
20240113	27491	19762
20240113	19762	19809
20240113	19809	27558
20240113	27558	27553
20240113	27553	19828
20240113	19828	19857
20240113	19857	
20240113	49501	19501
20240113	19501	19508
20240113	19508	19529
20240113	19529	27344
20240113	27344	27361
20240113	27361	19618
20240113	19618	19649
20240113	19649	27428
20240113	27428	27421
20240113	27421	19684
20240113	19684	19737
20240113	19737	27504
20240113	27504	27491
20240113	27491	19762
20240113	19762	19809
20240113	19809	27558
20240113	27558	27553
20240113	27553	19828
20240113	19828	19857
20240113	19857	
20240113	19500	49500
20240113	49500	47115
20240113	47115	37109
20240113	37109	19504
20240113	19504	49504
20240113	49504	49523
20240113	49523	19523
20240113	19523	19556
20240113	19556	19613
20240113	19613	27400
20240113	27400	27393
20240113	27393	19642
20240113	19642	19673
20240113	19673	27462
20240113	27462	27459
20240113	27459	19726
20240113	19726	19767
20240113	19767	27524
20240113	27524	35439
20240113	35439	19800
20240113	19800	19839
20240113	19839	19826
20240113	19826	49826
20240113	49826	
20240113	19500	49500
20240113	49500	47115
20240113	47115	37109
20240113	37109	19504
20240113	19504	49504
20240113	49504	49523
20240113	49523	19523
20240113	19523	19556
20240113	19556	19613
20240113	19613	27400
20240113	27400	27393
20240113	27393	19642
20240113	19642	19673
20240113	19673	27462
20240113	27462	27459
20240113	27459	19726
20240113	19726	19767
20240113	19767	27524
20240113	27524	35439
20240113	35439	19800
20240113	19800	19839
20240113	19839	19826
20240113	19826	49826
20240113	49826	
20240113	49507	19507
20240113	19507	19534
20240113	19534	19587
20240113	19587	27390
20240113	27390	27385
20240113	27385	19634
20240113	19634	19665
20240113	19665	27446
20240113	27446	27443
20240113	27443	19718
20240113	19718	19759
20240113	19759	27516
20240113	27516	27509
20240113	27509	19788
20240113	19788	19833
20240113	19833	19820
20240113	19820	49820
20240113	49820	49851
20240113	49851	19851
20240113	19851	
20240113	49507	19507
20240113	19507	19534
20240113	19534	19587
20240113	19587	27390
20240113	27390	27385
20240113	27385	19634
20240113	19634	19665
20240113	19665	27446
20240113	27446	27443
20240113	27443	19718
20240113	19718	19759
20240113	19759	27516
20240113	27516	27509
20240113	27509	19788
20240113	19788	19833
20240113	19833	19820
20240113	19820	49820
20240113	49820	49851
20240113	49851	19851
20240113	19851	
20240113	19511	19540
20240113	19540	19595
20240113	19595	19606
20240113	19606	19641
20240113	19641	27420
20240113	27420	27413
20240113	27413	19666
20240113	19666	19715
20240113	19715	27494
20240113	27494	27481
20240113	27481	19752
20240113	19752	19797
20240113	19797	27548
20240113	27548	27549
20240113	27549	19822
20240113	19822	49822
20240113	49822	
20240113	19511	19540
20240113	19540	19595
20240113	19595	19606
20240113	19606	19641
20240113	19641	27420
20240113	27420	27413
20240113	27413	19666
20240113	19666	19715
20240113	19715	27494
20240113	27494	27481
20240113	27481	19752
20240113	19752	19797
20240113	19797	27548
20240113	27548	27549
20240113	27549	19822
20240113	19822	49822
20240113	49822	
20240113	49517	19517
20240113	19517	19546
20240113	19546	19601
20240113	19601	27396
20240113	27396	27389
20240113	27389	19638
20240113	19638	19669
20240113	19669	27454
20240113	27454	27451
20240113	27451	19722
20240113	19722	19763
20240113	19763	27520
20240113	27520	27517
20240113	27517	19794
20240113	19794	19837
20240113	19837	19824
20240113	19824	49824
20240113	49824	49853
20240113	49853	19853
20240113	19853	
20240113	49517	19517
20240113	19517	19546
20240113	19546	19601
20240113	19601	27396
20240113	27396	27389
20240113	27389	19638
20240113	19638	19669
20240113	19669	27454
20240113	27454	27451
20240113	27451	19722
20240113	19722	19763
20240113	19763	27520
20240113	27520	27517
20240113	27517	19794
20240113	19794	19837
20240113	19837	19824
20240113	19824	49824
20240113	49824	49853
20240113	49853	19853
20240113	19853	
20240113	19559	27370
20240113	27370	27377
20240113	27377	19626
20240113	19626	19657
20240113	19657	27436
20240113	27436	27429
20240113	27429	19700
20240113	19700	19751
20240113	19751	27508
20240113	27508	27501
20240113	27501	19772
20240113	19772	19819
20240113	19819	19812
20240113	19812	37115
20240113	37115	
20240113	19559	27370
20240113	27370	27377
20240113	27377	19626
20240113	19626	19657
20240113	19657	27436
20240113	27436	27429
20240113	27429	19700
20240113	19700	19751
20240113	19751	27508
20240113	27508	27501
20240113	27501	19772
20240113	19772	19819
20240113	19819	19812
20240113	19812	37115
20240113	37115	
20240113	37106	19581
20240113	19581	19598
20240113	19598	19637
20240113	19637	27416
20240113	27416	27409
20240113	27409	19662
20240113	19662	19709
20240113	19709	27486
20240113	27486	27477
20240113	27477	19746
20240113	19746	19789
20240113	19789	27544
20240113	27544	27545
20240113	27545	19818
20240113	19818	49818
20240113	49818	
20240113	37106	19581
20240113	19581	19598
20240113	19598	19637
20240113	19637	27416
20240113	27416	27409
20240113	27409	19662
20240113	19662	19709
20240113	19709	27486
20240113	27486	27477
20240113	27477	19746
20240113	19746	19789
20240113	19789	27544
20240113	27544	27545
20240113	27545	19818
20240113	19818	49818
20240113	49818	
20240113	19516	49516
20240113	49516	49549
20240113	49549	19549
20240113	19549	19576
20240113	19576	19629
20240113	19629	27408
20240113	27408	27401
20240113	27401	19650
20240113	19650	19689
20240113	19689	27472
20240113	27472	27471
20240113	27471	19736
20240113	19736	19777
20240113	19777	27536
20240113	27536	27535
20240113	27535	19810
20240113	19810	19845
20240113	19845	19834
20240113	19834	37105
20240113	37105	
20240113	19516	49516
20240113	49516	49549
20240113	49549	19549
20240113	19549	19576
20240113	19576	19629
20240113	19629	27408
20240113	27408	27401
20240113	27401	19650
20240113	19650	19689
20240113	19689	27472
20240113	27472	27471
20240113	27471	19736
20240113	19736	19777
20240113	19777	27536
20240113	27536	27535
20240113	27535	19810
20240113	19810	19845
20240113	19845	19834
20240113	19834	37105
20240113	37105	
20240113	27302	27315
20240113	27315	19588
20240113	19588	19633
20240113	19633	27412
20240113	27412	27405
20240113	27405	19656
20240113	19656	19701
20240113	19701	27482
20240113	27482	27473
20240113	27473	19740
20240113	19740	19783
20240113	19783	27540
20240113	27540	27541
20240113	27541	19814
20240113	19814	19847
20240113	19847	
20240113	27302	27315
20240113	27315	19588
20240113	19588	19633
20240113	19633	27412
20240113	27412	27405
20240113	27405	19656
20240113	19656	19701
20240113	19701	27482
20240113	27482	27473
20240113	27473	19740
20240113	19740	19783
20240113	19783	27540
20240113	27540	27541
20240113	27541	19814
20240113	19814	19847
20240113	19847	
20240113	19528	49528
20240113	49528	49575
20240113	49575	19575
20240113	19575	27378
20240113	27378	27381
20240113	27381	19630
20240113	19630	19661
20240113	19661	27442
20240113	27442	27435
20240113	27435	19710
20240113	19710	19755
20240113	19755	27512
20240113	27512	27505
20240113	27505	19782
20240113	19782	19829
20240113	19829	27566
20240113	27566	27557
20240113	27557	19838
20240113	19838	49838
20240113	49838	47113
20240113	47113	37107
20240113	37107	37102
20240113	37102	47108
20240113	47108	
20240113	19528	49528
20240113	49528	49575
20240113	49575	19575
20240113	19575	27378
20240113	27378	27381
20240113	27381	19630
20240113	19630	19661
20240113	19661	27442
20240113	27442	27435
20240113	27435	19710
20240113	19710	19755
20240113	19755	27512
20240113	27512	27505
20240113	27505	19782
20240113	19782	19829
20240113	19829	27566
20240113	27566	27557
20240113	27557	19838
20240113	19838	49838
20240113	49838	47113
20240113	47113	37107
20240113	37107	37102
20240113	37102	47108
20240113	47108	
20240113	27330	27347
20240113	27347	19614
20240113	19614	19645
20240113	19645	27424
20240113	27424	27417
20240113	27417	19676
20240113	19676	19729
20240113	19729	27498
20240113	27498	27487
20240113	27487	19758
20240113	19758	19803
20240113	19803	27556
20240113	27556	27551
20240113	27551	
20240113	27330	27347
20240113	27347	19614
20240113	19614	19645
20240113	19645	27424
20240113	27424	27417
20240113	27417	19676
20240113	19676	19729
20240113	19729	27498
20240113	27498	27487
20240113	27487	19758
20240113	19758	19803
20240113	19803	27556
20240113	27556	27551
20240113	27551	
20240113	19566	19623
20240113	19623	27404
20240113	27404	27397
20240113	27397	19646
20240113	19646	19679
20240113	19679	27466
20240113	27466	27467
20240113	27467	19730
20240113	19730	19771
20240113	19771	27530
20240113	27530	27529
20240113	27529	19806
20240113	19806	19841
20240113	19841	
20240113	19566	19623
20240113	19623	27404
20240113	27404	27397
20240113	27397	19646
20240113	19646	19679
20240113	19679	27466
20240113	27466	27467
20240113	27467	19730
20240113	19730	19771
20240113	19771	27530
20240113	27530	27529
20240113	27529	19806
20240113	19806	19841
20240113	19841	
20240113	49539	19539
20240113	19539	27360
20240113	27360	27369
20240113	27369	19622
20240113	19622	19653
20240113	19653	27432
20240113	27432	27423
20240113	27423	19692
20240113	19692	19745
20240113	19745	27506
20240113	27506	27495
20240113	27495	19766
20240113	19766	19815
20240113	19815	27562
20240113	27562	27555
20240113	27555	19832
20240113	19832	37103
20240113	37103	
20240113	49539	19539
20240113	19539	27360
20240113	27360	27369
20240113	27369	19622
20240113	19622	19653
20240113	19653	27432
20240113	27432	27423
20240113	27423	19692
20240113	19692	19745
20240113	19745	27506
20240113	27506	27495
20240113	27495	19766
20240113	19766	19815
20240113	19815	27562
20240113	27562	27555
20240113	27555	19832
20240113	19832	37103
20240113	37103	
20240113	37108	49116
20240113	49116	48501
20240113	48501	48502
20240113	48502	48503
20240113	48503	48504
20240113	48504	48505
20240113	48505	48506
20240113	48506	48507
20240113	48507	48508
20240113	48508	48509
20240113	48509	48510
20240113	48510	48511
20240113	48511	48512
20240113	48512	48513
20240113	48513	48514
20240113	48514	48515
20240113	48515	48516
20240113	48516	48517
20240113	48517	48518
20240113	48518	48519
20240113	48519	48520
20240113	48520	49123
20240113	49123	37113
20240113	37113	
20240113	37108	49116
20240113	49116	49123
20240113	49123	37113
20240113	37113	
20240113	21901	21900
20240113	21900	21905
20240113	21905	21904
20240113	21904	21909
20240113	21909	21908
20240113	21908	21913
20240113	21913	21912
20240113	21912	21917
20240113	21917	21916
20240113	21916	
20240113	21903	21902
20240113	21902	21907
20240113	21907	21906
20240113	21906	21913
20240113	21913	21912
20240113	21912	21917
20240113	21917	21916
20240113	21916	
20240113	37793	31505
20240113	31505	31504
20240113	31504	31509
20240113	31509	31548
20240113	31548	31513
20240113	31513	31510
20240113	31510	31515
20240113	31515	31512
20240113	31512	31517
20240113	31517	31514
20240113	31514	31519
20240113	31519	31516
20240113	31516	31521
20240113	31521	31518
20240113	31518	31523
20240113	31523	31520
20240113	31520	31525
20240113	31525	31522
20240113	31522	31527
20240113	31527	31526
20240113	31526	31531
20240113	31531	31530
20240113	31530	31533
20240113	31533	31534
20240113	31534	31539
20240113	31539	31538
20240113	31538	37747
20240113	37747	31540
20240113	31540	31543
20240113	31543	31542
20240113	31542	
20240113	31545	
20240113	37729	
20240113	39382	38330
20240113	38330	23303
20240113	23303	23302
20240113	23302	23311
20240113	23311	23310
20240113	23310	23321
20240113	23321	23320
20240113	23320	23331
20240113	23331	23330
20240113	23330	23341
20240113	23341	23340
20240113	23340	23351
20240113	23351	23350
20240113	23350	23361
20240113	23361	23360
20240113	23360	23371
20240113	23371	23370
20240113	23370	23381
20240113	23381	23380
20240113	23380	23391
20240113	23391	23390
20240113	23390	38385
20240113	38385	
20240113	39382	38351
20240113	38351	23305
20240113	23305	23304
20240113	23304	23315
20240113	23315	23314
20240113	23314	23325
20240113	23325	23324
20240113	23324	23335
20240113	23335	23334
20240113	23334	23345
20240113	23345	23344
20240113	23344	23355
20240113	23355	23354
20240113	23354	23365
20240113	23365	23364
20240113	23364	23375
20240113	23375	23374
20240113	23374	23385
20240113	23385	23384
20240113	23384	23395
20240113	23395	23394
20240113	23394	23403
20240113	23403	23402
20240113	23402	38333
20240113	38333	
20240113	38336	23307
20240113	23307	23306
20240113	23306	23319
20240113	23319	23318
20240113	23318	23329
20240113	23329	23328
20240113	23328	23339
20240113	23339	23338
20240113	23338	23349
20240113	23349	23348
20240113	23348	23359
20240113	23359	23358
20240113	23358	23369
20240113	23369	23368
20240113	23368	23379
20240113	23379	23378
20240113	23378	23389
20240113	23389	23388
20240113	23388	23399
20240113	23399	23398
20240113	23398	38349
20240113	38349	
20240113	38361	23155
20240113	23155	23154
20240113	23154	23157
20240113	23157	23156
20240113	23156	23159
20240113	23159	23158
20240113	23158	23163
20240113	23163	23162
20240113	23162	23167
20240113	23167	23166
20240113	23166	23169
20240113	23169	23168
20240113	23168	23173
20240113	23173	23172
20240113	23172	23177
20240113	23177	23176
20240113	23176	23405
20240113	23405	23404
20240113	23404	38393
20240113	38393	39301
20240113	39301	
20240113	38363	23323
20240113	23323	23322
20240113	23322	23333
20240113	23333	23332
20240113	23332	23343
20240113	23343	23342
20240113	23342	23353
20240113	23353	23352
20240113	23352	23363
20240113	23363	23362
20240113	23362	23373
20240113	23373	23372
20240113	23372	23383
20240113	23383	23382
20240113	23382	23393
20240113	23393	23392
20240113	23392	23401
20240113	23401	23400
20240113	23400	38391
20240113	38391	
20240113	39300	38332
20240113	38332	23327
20240113	23327	23326
20240113	23326	23337
20240113	23337	23336
20240113	23336	23347
20240113	23347	23346
20240113	23346	23357
20240113	23357	23356
20240113	23356	23367
20240113	23367	23366
20240113	23366	23377
20240113	23377	23376
20240113	23376	23387
20240113	23387	23386
20240113	23386	23397
20240113	23397	23396
20240113	23396	38389
20240113	38389	
20240113	36200	78001
20240113	78001	78024
20240113	78024	78023
20240113	78023	78044
20240113	78044	78047
20240113	78047	78068
20240113	78068	36561
20240113	36561	78374
20240113	78374	
20240113	36200	78001
20240113	78001	78024
20240113	78024	78023
20240113	78023	78044
20240113	78044	78047
20240113	78047	78068
20240113	78068	36561
20240113	36561	78376
20240113	78376	
20240113	78003	78028
20240113	78028	78025
20240113	78025	78046
20240113	78046	78049
20240113	78049	78070
20240113	78070	78079
20240113	78079	
20240113	78003	78028
20240113	78028	78025
20240113	78025	78046
20240113	78046	78049
20240113	78049	78070
20240113	78070	78079
20240113	78079	
20240113	78013	78034
20240113	78034	78031
20240113	78031	78052
20240113	78052	78055
20240113	78055	78080
20240113	78080	78087
20240113	78087	
20240113	78013	78034
20240113	78034	78031
20240113	78031	78052
20240113	78052	78055
20240113	78055	78080
20240113	78080	78087
20240113	78087	
20240113	78209	78128
20240113	78128	78139
20240113	78139	78138
20240113	78138	78223
20240113	78223	78226
20240113	78226	78233
20240113	78233	78236
20240113	78236	78077
20240113	78077	78246
20240113	78246	36209
20240113	36209	
20240113	78209	78128
20240113	78128	78139
20240113	78139	78138
20240113	78138	78223
20240113	78223	78226
20240113	78226	78233
20240113	78233	78236
20240113	78236	78077
20240113	78077	78246
20240113	78246	36209
20240113	36209	
20240113	36269	78004
20240113	78004	78011
20240113	78011	78032
20240113	78032	78029
20240113	78029	78050
20240113	78050	78053
20240113	78053	78076
20240113	78076	78085
20240113	78085	
20240113	36269	78004
20240113	78004	78011
20240113	78011	78032
20240113	78032	78029
20240113	78029	78050
20240113	78050	78053
20240113	78053	78076
20240113	78076	78085
20240113	78085	
20240113	78002	78007
20240113	78007	78030
20240113	78030	78027
20240113	78027	78048
20240113	78048	78051
20240113	78051	78072
20240113	78072	78083
20240113	78083	
20240113	78002	78007
20240113	78007	78030
20240113	78030	78027
20240113	78027	78048
20240113	78048	78051
20240113	78051	78072
20240113	78072	78083
20240113	78083	
20240113	78118	36203
20240113	36203	36204
20240113	36204	78073
20240113	78073	78244
20240113	78244	78193
20240113	78193	
20240113	78118	36203
20240113	36203	36204
20240113	36204	78073
20240113	78073	78244
20240113	78244	78193
20240113	78193	
20240113	78008	78203
20240113	78203	78208
20240113	78208	78133
20240113	78133	78132
20240113	78132	78143
20240113	78143	78220
20240113	78220	78227
20240113	78227	78230
20240113	78230	78237
20240113	78237	78240
20240113	78240	78245
20240113	78245	
20240113	78008	78203
20240113	78203	78208
20240113	78208	78133
20240113	78133	78132
20240113	78132	78143
20240113	78143	78220
20240113	78220	78227
20240113	78227	78230
20240113	78230	78237
20240113	78237	78240
20240113	78240	78245
20240113	78245	
20240113	78020	78021
20240113	78021	78042
20240113	78042	78043
20240113	78043	78066
20240113	78066	78071
20240113	78071	78096
20240113	78096	
20240113	78020	78021
20240113	78021	78042
20240113	78042	78043
20240113	78043	78066
20240113	78066	78071
20240113	78071	78096
20240113	78096	
20240113	78000	78015
20240113	78015	78036
20240113	78036	78033
20240113	78033	78056
20240113	78056	78059
20240113	78059	78084
20240113	78084	78089
20240113	78089	
20240113	78000	78015
20240113	78015	78036
20240113	78036	78033
20240113	78033	78056
20240113	78056	78059
20240113	78059	78084
20240113	78084	78089
20240113	78089	
20240113	78012	78017
20240113	78017	78038
20240113	78038	78035
20240113	78035	78060
20240113	78060	78063
20240113	78063	78088
20240113	78088	78091
20240113	78091	
20240113	78012	78017
20240113	78017	78038
20240113	78038	78035
20240113	78035	78060
20240113	78060	78063
20240113	78063	78088
20240113	78088	78091
20240113	78091	
20240113	78016	78019
20240113	78019	78040
20240113	78040	78039
20240113	78039	78064
20240113	78064	78067
20240113	78067	78092
20240113	78092	
20240113	78016	78019
20240113	78019	78040
20240113	78040	78039
20240113	78039	78064
20240113	78064	78067
20240113	78067	78092
20240113	78092	
20240113	77310	77353
20240113	77353	77352
20240113	77352	77357
20240113	77357	77356
20240113	77356	77315
20240113	77315	77324
20240113	77324	77361
20240113	77361	77360
20240113	77360	77323
20240113	77323	77334
20240113	77334	77333
20240113	77333	
20240113	77314	77355
20240113	77355	77354
20240113	77354	77303
20240113	77303	36582
20240113	36582	36583
20240113	36583	77304
20240113	77304	77363
20240113	77363	77362
20240113	77362	77327
20240113	77327	77336
20240113	77336	77373
20240113	77373	36210
20240113	36210	77375
20240113	77375	
20240113	77312	77301
20240113	77301	39590
20240113	39590	36581
20240113	36581	77302
20240113	77302	77319
20240113	77319	77328
20240113	77328	77325
20240113	77325	
20240113	77316	77311
20240113	77311	77322
20240113	77322	77305
20240113	77305	36584
20240113	36584	36585
20240113	36585	77306
20240113	77306	77367
20240113	77367	77366
20240113	77366	77331
20240113	77331	36210
20240113	36210	77377
20240113	77377	
20240113	77320	77313
20240113	77313	77330
20240113	77330	77365
20240113	77365	77364
20240113	77364	77329
20240113	77329	
20240113	77318	77359
20240113	77359	77358
20240113	77358	77321
20240113	77321	77332
20240113	77332	77369
20240113	77369	77368
20240113	77368	77335
20240113	77335	
20240113	36299	77300
20240113	77300	77317
20240113	77317	77326
20240113	77326	77307
20240113	77307	36586
20240113	36586	36587
20240113	36587	77308
20240113	77308	77371
20240113	77371	77370
20240113	77370	77337
20240113	77337	
20240113	77600	77510
20240113	77510	36211
20240113	36211	36214
20240113	36214	77414
20240113	77414	77528
20240113	77528	36229
20240113	36229	36234
20240113	36234	77434
20240113	77434	77548
20240113	77548	36249
20240113	36249	36254
20240113	36254	77454
20240113	77454	
20240113	77600	77510
20240113	77510	36211
20240113	36211	36214
20240113	36214	77414
20240113	77414	77528
20240113	77528	36229
20240113	36229	36234
20240113	36234	77434
20240113	77434	77548
20240113	77548	36249
20240113	36249	36254
20240113	36254	77454
20240113	77454	
20240113	77400	77518
20240113	77518	77428
20240113	77428	77546
20240113	77546	77456
20240113	77456	
20240113	77400	77518
20240113	77518	77428
20240113	77428	77546
20240113	77546	77456
20240113	77456	
20240113	77404	77516
20240113	77516	36217
20240113	36217	36222
20240113	36222	77422
20240113	77422	77536
20240113	77536	36237
20240113	36237	36242
20240113	36242	77442
20240113	77442	77556
20240113	77556	36257
20240113	36257	36262
20240113	36262	77462
20240113	77462	36259
20240113	36259	
20240113	77404	77516
20240113	77516	36217
20240113	36217	36222
20240113	36222	77422
20240113	77422	77536
20240113	77536	36237
20240113	36237	36242
20240113	36242	77442
20240113	77442	77556
20240113	77556	36257
20240113	36257	36262
20240113	36262	77462
20240113	77462	36259
20240113	36259	
20240113	77408	77526
20240113	77526	77436
20240113	77436	77554
20240113	77554	77464
20240113	77464	
20240113	77408	77526
20240113	77526	77436
20240113	77436	77554
20240113	77554	77464
20240113	77464	
20240113	77410	77524
20240113	77524	36225
20240113	36225	36230
20240113	36230	77430
20240113	77430	77544
20240113	77544	36245
20240113	36245	36250
20240113	36250	77450
20240113	77450	77564
20240113	77564	
20240113	77410	77524
20240113	77524	36225
20240113	36225	36230
20240113	36230	77430
20240113	77430	77544
20240113	77544	36245
20240113	36245	36250
20240113	36250	77450
20240113	77450	77564
20240113	77564	
20240113	36553	77612
20240113	77612	77722
20240113	77722	77622
20240113	77622	77732
20240113	77732	77632
20240113	77632	77742
20240113	77742	77646
20240113	77646	77756
20240113	77756	77660
20240113	77660	
20240113	36553	77612
20240113	77612	77722
20240113	77722	77622
20240113	77622	77732
20240113	77732	77632
20240113	77632	77742
20240113	77742	77646
20240113	77646	77756
20240113	77756	77660
20240113	77660	
20240113	36555	77614
20240113	77614	77724
20240113	77724	77624
20240113	77624	77734
20240113	77734	77634
20240113	77634	77744
20240113	77744	77648
20240113	77648	77758
20240113	77758	
20240113	36555	77614
20240113	77614	77724
20240113	77724	77624
20240113	77624	77734
20240113	77734	77634
20240113	77634	77744
20240113	77744	77648
20240113	77648	77758
20240113	77758	
20240113	36551	77500
20240113	77500	77420
20240113	77420	77538
20240113	77538	77448
20240113	77448	77566
20240113	77566	
20240113	36551	77500
20240113	77500	77420
20240113	77420	77538
20240113	77538	77448
20240113	77448	77566
20240113	77566	
20240113	36557	77718
20240113	77718	77640
20240113	77640	77750
20240113	77750	77654
20240113	77654	
20240113	36557	77718
20240113	77718	77640
20240113	77640	77750
20240113	77750	77654
20240113	77654	
20240113	36559	77520
20240113	77520	36221
20240113	36221	36226
20240113	36226	77426
20240113	77426	77540
20240113	77540	36241
20240113	36241	36246
20240113	36246	77446
20240113	77446	77560
20240113	77560	36261
20240113	36261	36266
20240113	36266	77466
20240113	77466	
20240113	36559	77520
20240113	77520	36221
20240113	36221	36226
20240113	36226	77426
20240113	77426	77540
20240113	77540	36241
20240113	36241	36246
20240113	36246	77446
20240113	77446	77560
20240113	77560	36261
20240113	36261	36266
20240113	36266	77466
20240113	77466	
20240113	36556	77642
20240113	77642	77752
20240113	77752	77656
20240113	77656	77568
20240113	77568	36554
20240113	36554	
20240113	36556	77642
20240113	77642	77752
20240113	77752	77656
20240113	77656	77568
20240113	77568	36554
20240113	36554	
20240113	77504	77412
20240113	77412	77530
20240113	77530	77440
20240113	77440	77558
20240113	77558	77468
20240113	77468	
20240113	77504	77412
20240113	77412	77530
20240113	77530	77440
20240113	77440	77558
20240113	77558	77468
20240113	77468	
20240113	36256	77508
20240113	77508	77416
20240113	77416	77534
20240113	77534	77444
20240113	77444	77562
20240113	77562	
20240113	36256	77508
20240113	77508	77416
20240113	77416	77534
20240113	77534	77444
20240113	77444	77562
20240113	77562	
20240113	77712	77616
20240113	77616	77726
20240113	77726	77626
20240113	77626	77736
20240113	77736	77636
20240113	77636	77746
20240113	77746	77650
20240113	77650	77760
20240113	77760	77662
20240113	77662	
20240113	77712	77616
20240113	77616	77726
20240113	77726	77626
20240113	77626	77736
20240113	77736	77636
20240113	77636	77746
20240113	77746	77650
20240113	77650	77760
20240113	77760	77662
20240113	77662	
20240113	77714	77618
20240113	77618	77728
20240113	77728	77628
20240113	77628	77738
20240113	77738	77638
20240113	77638	77748
20240113	77748	77652
20240113	77652	36284
20240113	36284	
20240113	77714	77618
20240113	77618	77728
20240113	77728	77628
20240113	77628	77738
20240113	77738	77638
20240113	77638	77748
20240113	77748	77652
20240113	77652	36284
20240113	36284	
20240113	77716	77620
20240113	77620	77730
20240113	77730	77630
20240113	77630	77740
20240113	77740	77644
20240113	77644	77754
20240113	77754	77658
20240113	77658	
20240113	77716	77620
20240113	77620	77730
20240113	77730	77630
20240113	77630	77740
20240113	77740	77644
20240113	77644	77754
20240113	77754	77658
20240113	77658	
20240113	77512	36215
20240113	36215	36218
20240113	36218	77418
20240113	77418	77532
20240113	77532	36233
20240113	36233	36238
20240113	36238	77438
20240113	77438	77552
20240113	77552	36253
20240113	36253	36258
20240113	36258	77458
20240113	77458	77572
20240113	77572	
20240113	77512	36215
20240113	36215	36218
20240113	36218	77418
20240113	77418	77532
20240113	77532	36233
20240113	36233	36238
20240113	36238	77438
20240113	77438	77552
20240113	77552	36253
20240113	36253	36258
20240113	36258	77458
20240113	77458	77572
20240113	77572	
20240113	77514	77424
20240113	77424	77542
20240113	77542	77452
20240113	77452	77570
20240113	77570	
20240113	77514	77424
20240113	77424	77542
20240113	77542	77452
20240113	77452	77570
20240113	77570	
20240113	77522	77432
20240113	77432	77550
20240113	77550	77460
20240113	77460	
20240113	77522	77432
20240113	77432	77550
20240113	77550	77460
20240113	77460	
20240113	37876	25537
20240113	25537	25542
20240113	25542	25559
20240113	25559	39578
20240113	39578	
20240113	25558	
20240113	37877	28276
20240113	28276	25519
20240113	25519	25524
20240113	25524	25535
20240113	25535	25540
20240113	25540	25549
20240113	25549	25554
20240113	25554	
20240113	28557	28556
20240113	28556	28267
20240113	28267	28272
20240113	28272	28277
20240113	28277	28282
20240113	28282	25525
20240113	25525	25530
20240113	25530	25541
20240113	25541	25546
20240113	25546	25555
20240113	25555	25560
20240113	25560	25567
20240113	25567	39500
20240113	39500	
20240113	25501	25506
20240113	25506	25517
20240113	25517	25522
20240113	25522	25531
20240113	25531	25536
20240113	25536	25547
20240113	25547	25552
20240113	25552	25561
20240113	25561	
20240113	28269	28274
20240113	28274	28281
20240113	28281	28286
20240113	28286	28291
20240113	28291	28296
20240113	28296	25539
20240113	25539	25544
20240113	25544	28379
20240113	28379	28384
20240113	28384	31565
20240113	31565	
20240113	28275	28280
20240113	28280	28285
20240113	28285	28290
20240113	28290	25533
20240113	25533	25538
20240113	25538	28373
20240113	28373	28378
20240113	28378	28383
20240113	28383	28390
20240113	28390	
20240113	25486	25513
20240113	25513	25518
20240113	25518	25529
20240113	25529	25534
20240113	25534	25543
20240113	25543	25548
20240113	25548	
20240113	25486	25513
20240113	25513	25518
20240113	25518	25529
20240113	25529	25534
20240113	25534	25543
20240113	25543	25548
20240113	25548	
20240113	25511	25516
20240113	25516	28289
20240113	28289	28294
20240113	28294	28363
20240113	28363	28368
20240113	28368	28375
20240113	28375	28380
20240113	28380	28387
20240113	28387	
20240113	25511	25516
20240113	25516	28289
20240113	28289	28294
20240113	28294	28363
20240113	28363	28368
20240113	28368	28375
20240113	28375	28380
20240113	28380	28389
20240113	28389	
20240113	37892	28271
20240113	28271	25510
20240113	25510	28283
20240113	28283	28288
20240113	28288	28295
20240113	28295	28362
20240113	28362	28369
20240113	28369	28374
20240113	28374	28381
20240113	28381	28386
20240113	28386	
20240113	37892	28271
20240113	28271	25510
20240113	25510	28283
20240113	28283	28288
20240113	28288	28295
20240113	28295	28362
20240113	28362	28369
20240113	28369	28374
20240113	28374	28381
20240113	28381	28386
20240113	28386	
20240113	36273	78006
20240113	78006	78201
20240113	78201	78206
20240113	78206	78211
20240113	78211	78130
20240113	78130	78141
20240113	78141	78140
20240113	78140	78225
20240113	78225	78228
20240113	78228	78235
20240113	78235	78238
20240113	78238	78243
20240113	78243	78248
20240113	78248	78093
20240113	78093	
20240113	78114	78207
20240113	78207	78126
20240113	78126	78137
20240113	78137	78136
20240113	78136	78221
20240113	78221	78224
20240113	78224	78231
20240113	78231	78234
20240113	78234	78075
20240113	78075	78094
20240113	78094	
20240113	28406	25408
20240113	25408	28420
20240113	28420	25422
20240113	25422	28430
20240113	28430	25432
20240113	25432	28444
20240113	28444	25446
20240113	25446	28454
20240113	28454	25456
20240113	25456	28482
20240113	28482	25470
20240113	25470	
20240113	78205	78124
20240113	78124	78135
20240113	78135	78134
20240113	78134	78219
20240113	78219	78222
20240113	78222	78229
20240113	78229	78232
20240113	78232	78239
20240113	78239	78242
20240113	78242	78247
20240113	78247	
20240113	78205	78124
20240113	78124	78135
20240113	78135	78134
20240113	78134	78219
20240113	78219	78222
20240113	78222	78229
20240113	78229	78232
20240113	78232	78239
20240113	78239	78242
20240113	78242	78247
20240113	78247	
20240113	78102	78195
20240113	78195	
20240113	36273	78006
20240113	78006	78201
20240113	78201	78206
20240113	78206	78211
20240113	78211	78130
20240113	78130	78141
20240113	78141	78140
20240113	78140	78225
20240113	78225	78228
20240113	78228	78235
20240113	78235	78238
20240113	78238	78243
20240113	78243	78248
20240113	78248	78093
20240113	78093	
20240113	78114	78207
20240113	78207	78126
20240113	78126	78137
20240113	78137	78136
20240113	78136	78221
20240113	78221	78224
20240113	78224	78231
20240113	78231	78234
20240113	78234	78075
20240113	78075	78094
20240113	78094	
20240113	25502	25509
20240113	25509	25514
20240113	25514	28287
20240113	28287	28292
20240113	28292	28297
20240113	28297	28364
20240113	28364	25545
20240113	25545	25550
20240113	25550	28385
20240113	28385	28388
20240113	28388	37977
20240113	37977	
20240113	25502	25509
20240113	25509	25514
20240113	25514	28287
20240113	28287	28292
20240113	28292	28297
20240113	28297	28364
20240113	28364	25545
20240113	25545	25550
20240113	25550	28385
20240113	28385	
20240113	25504	25515
20240113	25515	25520
20240113	25520	28293
20240113	28293	28298
20240113	28298	28365
20240113	28365	28370
20240113	28370	25551
20240113	25551	25556
20240113	25556	31591
20240113	31591	31567
20240113	31567	
20240113	25504	25515
20240113	25515	25520
20240113	25520	28293
20240113	28293	28298
20240113	28298	28365
20240113	28365	28370
20240113	28370	25551
20240113	25551	25556
20240113	25556	31591
20240113	31591	
20240113	25400	28410
20240113	28410	25412
20240113	25412	28424
20240113	28424	25426
20240113	25426	28434
20240113	28434	25436
20240113	25436	28448
20240113	28448	25450
20240113	25450	28458
20240113	28458	25460
20240113	25460	28490
20240113	28490	39506
20240113	39506	
20240113	25400	28410
20240113	28410	25412
20240113	25412	28424
20240113	28424	25426
20240113	25426	28434
20240113	28434	25436
20240113	25436	28448
20240113	28448	25450
20240113	25450	28458
20240113	28458	25460
20240113	25460	28490
20240113	28490	39506
20240113	39506	
20240113	28263	28268
20240113	28268	28273
20240113	28273	28278
20240113	28278	25521
20240113	25521	25526
20240113	25526	28299
20240113	28299	28366
20240113	28366	28371
20240113	28371	28376
20240113	28376	25557
20240113	25557	
20240113	28263	28268
20240113	28268	28273
20240113	28273	28278
20240113	28278	25521
20240113	25521	25526
20240113	25526	28299
20240113	28299	28366
20240113	28366	28371
20240113	28371	28376
20240113	28376	25557
20240113	25557	
20240113	25503	25508
20240113	25508	28279
20240113	28279	28284
20240113	28284	25527
20240113	25527	25532
20240113	25532	28367
20240113	28367	28372
20240113	28372	28377
20240113	28377	28382
20240113	28382	25563
20240113	25563	
20240113	25503	25508
20240113	25508	28279
20240113	28279	28284
20240113	28284	25527
20240113	25527	25532
20240113	25532	28367
20240113	28367	28372
20240113	28372	28377
20240113	28377	28382
20240113	28382	28393
20240113	28393	39508
20240113	39508	
20240113	37862	25507
20240113	25507	25512
20240113	25512	25523
20240113	25523	25528
20240113	25528	
20240113	37862	25507
20240113	25507	25512
20240113	25512	25523
20240113	25523	25528
20240113	25528	
20240113	31560	25402
20240113	25402	28460
20240113	28460	25462
20240113	25462	
20240113	31560	25402
20240113	25402	28460
20240113	28460	25462
20240113	25462	
20240113	28402	25404
20240113	25404	28416
20240113	28416	25418
20240113	25418	28426
20240113	28426	25428
20240113	25428	28440
20240113	28440	25442
20240113	25442	28450
20240113	28450	25452
20240113	25452	28484
20240113	28484	25472
20240113	25472	
20240113	28402	25404
20240113	25404	28416
20240113	28416	25418
20240113	25418	28426
20240113	28426	25428
20240113	25428	28440
20240113	28440	25442
20240113	25442	28450
20240113	28450	25452
20240113	25452	28484
20240113	28484	25472
20240113	25472	
20240113	28404	25406
20240113	25406	28480
20240113	28480	25468
20240113	25468	
20240113	28404	25406
20240113	25406	28480
20240113	28480	25468
20240113	25468	
20240113	28406	25408
20240113	25408	28420
20240113	28420	25422
20240113	25422	28430
20240113	28430	25432
20240113	25432	28444
20240113	28444	25446
20240113	25446	28454
20240113	28454	25456
20240113	25456	28482
20240113	28482	25470
20240113	25470	
20240113	28412	25414
20240113	25414	28422
20240113	28422	25424
20240113	25424	28436
20240113	28436	25438
20240113	25438	28446
20240113	28446	25448
20240113	25448	28464
20240113	28464	25466
20240113	25466	
20240113	28412	25414
20240113	25414	28422
20240113	28422	25424
20240113	25424	28436
20240113	28436	25438
20240113	25438	28446
20240113	28446	25448
20240113	25448	28464
20240113	28464	25466
20240113	25466	
20240113	28408	25410
20240113	25410	28418
20240113	28418	25420
20240113	25420	28432
20240113	28432	25434
20240113	25434	28442
20240113	28442	25444
20240113	25444	28456
20240113	28456	25458
20240113	25458	
20240113	28408	25410
20240113	25410	28418
20240113	28418	25420
20240113	25420	28432
20240113	28432	25434
20240113	25434	28442
20240113	28442	25444
20240113	25444	28456
20240113	28456	25458
20240113	25458	
20240113	28414	25416
20240113	25416	28428
20240113	28428	25430
20240113	25430	28438
20240113	28438	25440
20240113	25440	28452
20240113	28452	25454
20240113	25454	28462
20240113	28462	25464
20240113	25464	
20240113	28414	25416
20240113	25416	28428
20240113	28428	25430
20240113	25430	28438
20240113	28438	25440
20240113	25440	28452
20240113	28452	25454
20240113	25454	28462
20240113	28462	25464
20240113	25464	
20240113	78305	78304
20240113	78304	78313
20240113	78313	78312
20240113	78312	78321
20240113	78321	78320
20240113	78320	78329
20240113	78329	78328
20240113	78328	78337
20240113	78337	78336
20240113	78336	78345
20240113	78345	78344
20240113	78344	78353
20240113	78353	78352
20240113	78352	78361
20240113	78361	78360
20240113	78360	78369
20240113	78369	78368
20240113	78368	
20240113	78307	78306
20240113	78306	78315
20240113	78315	78314
20240113	78314	78323
20240113	78323	78322
20240113	78322	78331
20240113	78331	78330
20240113	78330	78339
20240113	78339	78338
20240113	78338	78347
20240113	78347	78346
20240113	78346	78355
20240113	78355	78354
20240113	78354	78363
20240113	78363	78362
20240113	78362	78371
20240113	78371	78370
20240113	78370	
20240113	78309	78308
20240113	78308	78317
20240113	78317	78316
20240113	78316	78325
20240113	78325	78324
20240113	78324	78333
20240113	78333	78332
20240113	78332	78341
20240113	78341	78340
20240113	78340	78349
20240113	78349	78348
20240113	78348	78357
20240113	78357	78356
20240113	78356	78365
20240113	78365	78364
20240113	78364	78373
20240113	78373	78372
20240113	78372	
20240113	78311	78310
20240113	78310	78319
20240113	78319	78318
20240113	78318	78327
20240113	78327	78326
20240113	78326	78335
20240113	78335	78334
20240113	78334	78343
20240113	78343	78342
20240113	78342	78351
20240113	78351	78350
20240113	78350	78359
20240113	78359	78358
20240113	78358	78367
20240113	78367	78366
20240113	78366	
20240113	36274	77801
20240113	77801	77800
20240113	77800	77805
20240113	77805	77804
20240113	77804	77809
20240113	77809	77808
20240113	77808	77813
20240113	77813	77812
20240113	77812	77817
20240113	77817	77816
20240113	77816	77825
20240113	77825	77820
20240113	77820	77829
20240113	77829	77824
20240113	77824	77833
20240113	77833	77828
20240113	77828	77837
20240113	77837	77832
20240113	77832	77841
20240113	77841	77836
20240113	77836	77845
20240113	77845	77840
20240113	77840	77849
20240113	77849	77844
20240113	77844	77853
20240113	77853	77848
20240113	77848	77857
20240113	77857	77852
20240113	77852	77861
20240113	77861	77856
20240113	77856	77865
20240113	77865	77860
20240113	77860	77869
20240113	77869	36292
20240113	36292	
20240113	78600	78634
20240113	78634	78604
20240113	78604	78638
20240113	78638	78608
20240113	78608	78642
20240113	78642	78612
20240113	78612	78646
20240113	78646	78616
20240113	78616	78650
20240113	78650	78620
20240113	78620	78654
20240113	78654	78624
20240113	78624	78658
20240113	78658	78628
20240113	78628	78662
20240113	78662	
20240113	78632	78602
20240113	78602	78636
20240113	78636	78606
20240113	78606	78640
20240113	78640	78610
20240113	78610	78644
20240113	78644	78614
20240113	78614	78648
20240113	78648	78618
20240113	78618	78652
20240113	78652	78622
20240113	78622	78656
20240113	78656	78626
20240113	78626	78660
20240113	78660	78630
20240113	78630	
20240113	88600	88632
20240113	88632	88604
20240113	88604	88636
20240113	88636	87616
20240113	87616	87714
20240113	87714	87620
20240113	87620	88640
20240113	88640	88612
20240113	88612	88642
20240113	88642	88614
20240113	88614	88644
20240113	88644	88616
20240113	88616	88646
20240113	88646	88618
20240113	88618	88648
20240113	88648	88620
20240113	88620	88650
20240113	88650	87644
20240113	87644	87742
20240113	87742	87648
20240113	87648	87746
20240113	87746	87650
20240113	87650	88654
20240113	88654	87652
20240113	87652	87750
20240113	87750	87654
20240113	87654	88656
20240113	88656	87656
20240113	87656	87754
20240113	87754	87660
20240113	87660	88660
20240113	88660	
20240113	88602	88634
20240113	88634	87612
20240113	87612	87712
20240113	87712	88608
20240113	88608	88638
20240113	88638	88610
20240113	88610	87740
20240113	87740	88622
20240113	88622	88652
20240113	88652	88624
20240113	88624	87748
20240113	87748	88626
20240113	88626	87752
20240113	87752	88628
20240113	88628	88658
20240113	88658	88630
20240113	88630	88662
20240113	88662	
20240113	88606	87716
20240113	87716	87646
20240113	87646	87744
20240113	87744	87658
20240113	87658	87756
20240113	87756	
20240113	87614	
20240113	87618	
20240113	37666	15834
20240113	15834	15808
20240113	15808	37605
20240113	37605	37612
20240113	37612	15836
20240113	15836	
20240113	37620	15842
20240113	15842	15810
20240113	15810	37607
20240113	37607	37616
20240113	37616	15838
20240113	15838	15822
20240113	15822	37623
20240113	37623	
20240113	37620	15842
20240113	15842	15810
20240113	15810	37607
20240113	37607	37616
20240113	37616	15838
20240113	15838	15822
20240113	15822	37623
20240113	37623	
20240113	15804	37601
20240113	37601	37630
20240113	37630	15844
20240113	15844	15812
20240113	15812	37609
20240113	37609	37618
20240113	37618	15840
20240113	15840	
20240113	15804	37601
20240113	37601	37630
20240113	37630	15844
20240113	15844	15812
20240113	15812	37609
20240113	37609	37618
20240113	37618	15840
20240113	15840	
20240113	15806	37603
20240113	37603	37632
20240113	37632	15846
20240113	15846	15816
20240113	15816	36953
20240113	36953	
20240113	15806	37603
20240113	37603	37632
20240113	37632	15846
20240113	15846	15850
20240113	15850	36935
20240113	36935	
20240113	30884	30824
20240113	30824	30829
20240113	30829	30836
20240113	30836	30841
20240113	30841	
20240113	30884	30824
20240113	30824	30829
20240113	30829	30836
20240113	30836	30841
20240113	30841	
20240113	30826	30831
20240113	30831	30840
20240113	30840	39593
20240113	39593	
20240113	30826	30831
20240113	30831	30840
20240113	30840	39593
20240113	39593	
20240113	30823	30830
20240113	30830	30513
20240113	30513	30514
20240113	30514	
20240113	30823	30830
20240113	30830	30513
20240113	30513	30514
20240113	30514	
20240113	30827	30834
20240113	30834	30839
20240113	30839	30888
20240113	30888	
20240113	30827	30834
20240113	30834	30839
20240113	30839	30888
20240113	30888	
20240113	37666	15834
20240113	15834	15808
20240113	15808	37605
20240113	37605	37612
20240113	37612	15836
20240113	15836	
20240113	30821	30844
20240113	30844	
20240113	30821	30844
20240113	30844	
20240113	30542	30547
20240113	30547	30546
20240113	30546	
20240113	30542	30542
20240113	30542	30543
20240113	30543	
20240113	30540	30837
20240113	30837	
20240113	30540	30540
20240113	30540	30837
20240113	30837	
20240113	33505	33504
20240113	33504	33509
20240113	33509	33512
20240113	33512	
20240113	30502	
20240113	30502	33513
20240113	33513	33514
20240113	33514	33519
20240113	33519	33520
20240113	33520	
20240113	30822	33513
20240113	33513	33514
20240113	33514	33519
20240113	33519	33520
20240113	33520	
20240113	33851	33850
20240113	33850	33853
20240113	33853	33852
20240113	33852	33855
20240113	33855	33854
20240113	33854	33857
20240113	33857	33856
20240113	33856	33859
20240113	33859	33858
20240113	33858	
20240113	30531	30530
20240113	30530	30533
20240113	30533	15504
20240113	15504	15505
20240113	15505	15500
20240113	15500	15501
20240113	15501	30532
20240113	30532	
20240113	36902	36986
20240113	36986	15056
20240113	15056	15070
20240113	15070	37665
20240113	37665	36974
20240113	36974	15098
20240113	15098	15074
20240113	15074	37671
20240113	37671	36984
20240113	36984	15916
20240113	15916	
20240113	36902	36986
20240113	36986	15056
20240113	15056	15070
20240113	15070	37665
20240113	37665	36974
20240113	36974	15098
20240113	15098	15074
20240113	15074	37671
20240113	37671	36984
20240113	36984	15916
20240113	15916	
20240113	15046	36945
20240113	36945	36922
20240113	36922	
20240113	15046	36945
20240113	36945	36922
20240113	36922	
20240113	15060	37647
20240113	37647	36978
20240113	36978	15908
20240113	15908	15090
20240113	15090	36973
20240113	36973	36954
20240113	36954	15922
20240113	15922	
20240113	15060	37647
20240113	37647	36978
20240113	36978	15908
20240113	15908	15090
20240113	15090	36973
20240113	36973	36954
20240113	36954	15922
20240113	15922	
20240113	15066	36961
20240113	36961	36950
20240113	36950	15078
20240113	15078	15072
20240113	15072	36969
20240113	36969	36968
20240113	36968	15088
20240113	15088	
20240113	15066	36961
20240113	36961	36950
20240113	36950	15078
20240113	15078	15072
20240113	15072	36969
20240113	36969	36968
20240113	36968	15088
20240113	15088	
20240113	15068	36963
20240113	36963	36972
20240113	36972	15096
20240113	15096	15092
20240113	15092	37696
20240113	37696	
20240113	15068	36963
20240113	36963	36972
20240113	36972	15096
20240113	15096	15092
20240113	15092	37696
20240113	37696	
20240113	37868	30501
20240113	30501	30506
20240113	30506	30541
20240113	30541	
20240113	30503	30508
20240113	30508	30541
20240113	30541	
20240113	30828	30835
20240113	30835	
20240113	30828	30835
20240113	30835	
20240113	30527	30522
20240113	30522	30525
20240113	30525	34632
20240113	34632	37997
20240113	37997	
20240113	30526	30521
20240113	30521	30524
20240113	30524	30517
20240113	30517	39520
20240113	39520	
20240113	30520	30521
20240113	30521	30521
20240113	30521	30524
20240113	30524	30524
20240113	30524	
20240113	30549	30548
20240113	30548	30529
20240113	30529	
20240113	30500	30505
20240113	30505	30512
20240113	30512	
20240113	30500	30523
20240113	30523	30528
20240113	30528	
20240113	37996	15631
20240113	15631	34622
20240113	34622	34625
20240113	34625	34626
20240113	34626	
20240113	34623	34630
20240113	34630	34635
20240113	34635	34624
20240113	34624	
20240113	34627	
20240114	37000	27203
20240114	27203	32933
20240114	32933	32942
20240114	32942	27208
20240114	27208	27219
20240114	27219	27119
20240114	27119	27120
20240114	27120	27220
20240114	27220	21651
20240114	21651	21045
20240114	21045	32946
20240114	32946	21674
20240114	21674	27249
20240114	27249	27149
20240114	27149	
20240114	37000	27203
20240114	27203	32933
20240114	32933	32942
20240114	32942	27208
20240114	27208	27219
20240114	27219	27119
20240114	27119	27120
20240114	27120	27220
20240114	27220	21651
20240114	21651	21045
20240114	21045	32946
20240114	32946	21674
20240114	21674	27249
20240114	27249	27149
20240114	27149	
20240114	27205	27105
20240114	27105	27110
20240114	27110	27210
20240114	27210	21631
20240114	21631	21027
20240114	21027	21030
20240114	21030	21646
20240114	21646	27235
20240114	27235	27135
20240114	27135	27136
20240114	27136	27236
20240114	27236	21675
20240114	21675	21069
20240114	21069	37082
20240114	37082	
20240114	27205	27105
20240114	27105	27110
20240114	27110	27210
20240114	27210	21631
20240114	21631	21027
20240114	21027	21030
20240114	21030	21646
20240114	21646	27235
20240114	27235	27135
20240114	27135	27136
20240114	27136	27236
20240114	27236	21675
20240114	21675	21069
20240114	21069	37082
20240114	37082	
20240114	21607	32941
20240114	32941	21020
20240114	21020	21630
20240114	21630	27221
20240114	27221	27121
20240114	27121	27122
20240114	27122	27222
20240114	27222	27237
20240114	27237	32959
20240114	32959	32950
20240114	32950	27238
20240114	27238	37003
20240114	37003	
20240114	21607	32941
20240114	32941	21020
20240114	21020	21630
20240114	21630	27221
20240114	27221	27121
20240114	27121	27122
20240114	27122	27222
20240114	27222	27237
20240114	27237	32959
20240114	32959	32950
20240114	32950	27238
20240114	27238	37003
20240114	37003	
20240114	27209	27109
20240114	27109	27112
20240114	27112	27212
20240114	27212	21633
20240114	21633	21029
20240114	21029	21032
20240114	21032	21652
20240114	21652	27239
20240114	27239	27139
20240114	27139	27140
20240114	27140	27240
20240114	27240	21677
20240114	21677	
20240114	27209	27109
20240114	27109	27112
20240114	27112	27212
20240114	27212	21633
20240114	21633	21029
20240114	21029	21032
20240114	21032	21652
20240114	21652	27239
20240114	27239	27139
20240114	27139	27140
20240114	27140	27240
20240114	27240	21677
20240114	21677	
20240114	21604	21613
20240114	21613	27111
20240114	27111	27144
20240114	27144	
20240114	21612	27213
20240114	27213	27113
20240114	27113	27114
20240114	27114	27214
20240114	27214	27225
20240114	27225	32951
20240114	32951	21036
20240114	21036	27226
20240114	27226	27243
20240114	27243	27143
20240114	27143	27142
20240114	27142	27242
20240114	27242	
20240114	21612	27213
20240114	27213	27113
20240114	27113	27114
20240114	27114	27214
20240114	27214	27225
20240114	27225	32951
20240114	32951	21036
20240114	21036	27226
20240114	27226	27243
20240114	27243	27143
20240114	27143	27142
20240114	27142	27242
20240114	27242	
20240114	21800	21619
20240114	21619	32945
20240114	32945	21024
20240114	21024	21634
20240114	21634	27227
20240114	27227	27127
20240114	27127	27128
20240114	27128	27228
20240114	27228	21665
20240114	21665	32965
20240114	32965	21054
20240114	21054	21678
20240114	21678	
20240114	21800	21619
20240114	21619	32945
20240114	32945	21024
20240114	21024	21634
20240114	21634	27227
20240114	27227	27127
20240114	27127	27128
20240114	27128	27228
20240114	27228	21665
20240114	21665	32965
20240114	32965	21054
20240114	21054	21678
20240114	21678	
20240114	27102	27202
20240114	27202	21627
20240114	21627	32947
20240114	32947	21026
20240114	21026	21636
20240114	21636	27231
20240114	27231	27131
20240114	27131	27130
20240114	27130	27230
20240114	27230	21671
20240114	21671	32967
20240114	32967	
20240114	27102	27202
20240114	27202	21627
20240114	21627	32947
20240114	32947	21026
20240114	21026	21636
20240114	21636	27231
20240114	27231	27131
20240114	27131	27130
20240114	27130	27230
20240114	27230	21671
20240114	21671	32967
20240114	32967	
20240114	27106	27206
20240114	27206	21629
20240114	21629	32949
20240114	32949	21028
20240114	21028	21640
20240114	21640	27233
20240114	27233	27133
20240114	27133	27132
20240114	27132	27232
20240114	27232	21673
20240114	21673	32969
20240114	32969	
20240114	27106	27206
20240114	27206	21629
20240114	21629	32949
20240114	32949	21028
20240114	21028	21640
20240114	21640	27233
20240114	27233	27133
20240114	27133	27132
20240114	27132	27232
20240114	27232	21673
20240114	21673	32969
20240114	32969	
20240114	21017	21022
20240114	21022	21632
20240114	21632	27223
20240114	27223	27123
20240114	27123	27124
20240114	27124	27224
20240114	27224	27241
20240114	27241	32963
20240114	32963	21052
20240114	21052	21676
20240114	21676	
20240114	21017	21022
20240114	21022	21632
20240114	21632	27223
20240114	27223	27123
20240114	27123	27124
20240114	27124	27224
20240114	27224	27241
20240114	27241	32963
20240114	32963	21052
20240114	21052	21676
20240114	21676	
20240114	32932	27200
20240114	27200	27215
20240114	27215	27115
20240114	27115	27116
20240114	27116	27216
20240114	27216	21641
20240114	21641	32955
20240114	32955	21038
20240114	21038	21662
20240114	21662	27245
20240114	27245	27145
20240114	27145	27146
20240114	27146	27244
20240114	27244	37001
20240114	37001	
20240114	32932	27200
20240114	27200	27215
20240114	27215	27115
20240114	27115	27116
20240114	27116	27216
20240114	27216	21641
20240114	21641	32955
20240114	32955	21038
20240114	21038	21662
20240114	21662	27245
20240114	27245	27145
20240114	27145	27146
20240114	27146	27244
20240114	27244	37001
20240114	37001	
20240114	21704	35233
20240114	35233	36117
20240114	36117	35823
20240114	35823	21128
20240114	21128	36041
20240114	36041	35256
20240114	35256	35269
20240114	35269	36153
20240114	36153	35859
20240114	35859	21164
20240114	21164	
20240114	21704	35233
20240114	35233	36117
20240114	36117	35823
20240114	35823	21128
20240114	21128	36041
20240114	36041	35256
20240114	35256	35269
20240114	35269	36153
20240114	36153	35859
20240114	35859	21164
20240114	21164	
20240114	37081	32930
20240114	32930	21616
20240114	21616	35231
20240114	35231	36115
20240114	36115	36025
20240114	36025	35240
20240114	35240	35253
20240114	35253	36137
20240114	36137	35843
20240114	35843	21148
20240114	21148	36061
20240114	36061	35276
20240114	35276	35289
20240114	35289	
20240114	37081	32930
20240114	32930	21616
20240114	21616	35231
20240114	35231	36115
20240114	36115	36025
20240114	36025	35240
20240114	35240	35253
20240114	35253	36137
20240114	36137	35843
20240114	35843	21148
20240114	21148	36061
20240114	36061	35276
20240114	35276	35289
20240114	35289	
20240114	37087	37080
20240114	37080	
20240114	32936	32802
20240114	32802	27217
20240114	27217	27117
20240114	27117	27118
20240114	27118	27218
20240114	27218	21647
20240114	21647	21041
20240114	21041	21040
20240114	21040	21668
20240114	21668	27247
20240114	27247	27147
20240114	27147	
20240114	32936	32802
20240114	32802	27217
20240114	27217	27117
20240114	27117	27118
20240114	27118	27218
20240114	27218	21647
20240114	21647	21041
20240114	21041	21040
20240114	21040	21668
20240114	21668	27247
20240114	27247	27147
20240114	27147	
20240114	39026	27801
20240114	27801	36011
20240114	36011	35222
20240114	35222	21723
20240114	21723	36123
20240114	36123	35829
20240114	35829	21134
20240114	21134	36047
20240114	36047	35262
20240114	35262	35275
20240114	35275	36159
20240114	36159	27969
20240114	27969	21768
20240114	21768	
20240114	39026	27801
20240114	27801	36011
20240114	36011	35222
20240114	35222	21723
20240114	21723	36123
20240114	36123	35829
20240114	35829	21134
20240114	21134	36047
20240114	36047	35262
20240114	35262	35275
20240114	35275	36159
20240114	36159	27969
20240114	27969	21768
20240114	21768	
20240114	21711	27811
20240114	27811	36021
20240114	36021	35236
20240114	35236	35249
20240114	35249	36133
20240114	36133	35839
20240114	35839	21144
20240114	21144	36057
20240114	36057	35272
20240114	35272	35285
20240114	35285	36169
20240114	36169	21479
20240114	21479	37021
20240114	37021	
20240114	21711	27811
20240114	27811	36021
20240114	36021	35236
20240114	35236	35249
20240114	35249	36133
20240114	36133	35839
20240114	35839	21144
20240114	21144	36057
20240114	36057	35272
20240114	35272	35285
20240114	35285	36169
20240114	36169	21479
20240114	21479	37021
20240114	37021	
20240114	21700	21713
20240114	21713	27813
20240114	27813	36023
20240114	36023	35238
20240114	35238	35251
20240114	35251	36135
20240114	36135	21241
20240114	21241	21146
20240114	21146	36059
20240114	36059	35274
20240114	35274	35287
20240114	35287	36171
20240114	36171	
20240114	21700	21713
20240114	21713	27813
20240114	27813	36023
20240114	36023	35238
20240114	35238	35251
20240114	35251	36135
20240114	36135	21241
20240114	21241	21146
20240114	21146	36059
20240114	36059	35274
20240114	35274	35287
20240114	35287	36171
20240114	36171	
20240114	27799	27909
20240114	27909	35220
20240114	35220	35237
20240114	35237	36121
20240114	36121	35827
20240114	35827	21132
20240114	21132	36045
20240114	36045	35260
20240114	35260	35273
20240114	35273	36157
20240114	36157	
20240114	27799	27909
20240114	27909	35220
20240114	35220	35237
20240114	35237	36121
20240114	36121	35827
20240114	35827	21132
20240114	21132	36045
20240114	36045	35260
20240114	35260	35273
20240114	35273	36157
20240114	36157	
20240114	21705	27805
20240114	27805	36015
20240114	36015	35230
20240114	35230	35243
20240114	35243	36127
20240114	36127	35833
20240114	35833	21138
20240114	21138	36051
20240114	36051	35266
20240114	35266	35279
20240114	35279	36163
20240114	36163	27973
20240114	27973	21772
20240114	21772	37067
20240114	37067	
20240114	21705	27805
20240114	27805	36015
20240114	36015	35230
20240114	35230	35243
20240114	35243	36127
20240114	36127	35833
20240114	35833	21138
20240114	21138	36051
20240114	36051	35266
20240114	35266	35279
20240114	35279	36163
20240114	36163	27973
20240114	27973	21772
20240114	21772	37067
20240114	37067	
20240114	21709	27809
20240114	27809	36019
20240114	36019	35234
20240114	35234	35247
20240114	35247	36131
20240114	36131	35837
20240114	35837	21142
20240114	21142	36055
20240114	36055	35270
20240114	35270	35283
20240114	35283	36167
20240114	36167	27977
20240114	27977	
20240114	21709	27809
20240114	27809	36019
20240114	36019	35234
20240114	35234	35247
20240114	35247	36131
20240114	36131	35837
20240114	35837	21142
20240114	21142	36055
20240114	36055	35270
20240114	35270	35283
20240114	35283	36167
20240114	36167	27977
20240114	27977	
20240114	21702	21505
20240114	21505	
20240114	21702	21505
20240114	21505	
20240114	37020	27797
20240114	27797	36007
20240114	36007	35218
20240114	35218	35235
20240114	35235	36119
20240114	36119	35825
20240114	35825	21130
20240114	21130	36043
20240114	36043	35258
20240114	35258	35271
20240114	35271	36155
20240114	36155	35861
20240114	35861	21166
20240114	21166	
20240114	37020	27797
20240114	27797	36007
20240114	36007	35218
20240114	35218	35235
20240114	35235	36119
20240114	36119	35825
20240114	35825	21130
20240114	21130	36043
20240114	36043	35258
20240114	35258	35271
20240114	35271	36155
20240114	36155	35861
20240114	35861	21166
20240114	21166	
20240114	21707	27807
20240114	27807	36017
20240114	36017	35232
20240114	35232	35245
20240114	35245	36129
20240114	36129	21235
20240114	21235	21140
20240114	21140	36053
20240114	36053	35268
20240114	35268	35281
20240114	35281	36165
20240114	36165	27975
20240114	27975	
20240114	21707	27807
20240114	27807	36017
20240114	36017	35232
20240114	35232	35245
20240114	35245	36129
20240114	36129	21235
20240114	21235	21140
20240114	21140	36053
20240114	36053	35268
20240114	35268	35281
20240114	35281	36165
20240114	36165	27975
20240114	27975	
20240114	37072	37024
20240114	37024	27803
20240114	27803	36013
20240114	36013	35224
20240114	35224	35241
20240114	35241	36125
20240114	36125	35831
20240114	35831	21136
20240114	21136	36049
20240114	36049	35264
20240114	35264	35277
20240114	35277	36161
20240114	36161	27971
20240114	27971	21770
20240114	21770	
20240114	37072	37024
20240114	37024	27803
20240114	27803	36013
20240114	36013	35224
20240114	35224	35241
20240114	35241	36125
20240114	36125	35831
20240114	35831	21136
20240114	21136	36049
20240114	36049	35264
20240114	35264	35277
20240114	35277	36161
20240114	36161	27971
20240114	27971	21770
20240114	21770	
20240114	37090	21102
20240114	21102	21209
20240114	21209	21114
20240114	21114	35821
20240114	35821	21126
20240114	21126	36039
20240114	36039	35254
20240114	35254	35267
20240114	35267	36151
20240114	36151	21257
20240114	21257	21162
20240114	21162	35869
20240114	35869	
20240114	37090	21102
20240114	21102	21209
20240114	21209	21114
20240114	21114	35821
20240114	35821	21126
20240114	21126	36039
20240114	36039	35254
20240114	35254	35267
20240114	35267	36151
20240114	36151	21257
20240114	21257	21162
20240114	21162	35869
20240114	35869	
20240114	21106	35813
20240114	35813	21118
20240114	21118	36031
20240114	36031	35246
20240114	35246	35259
20240114	35259	36143
20240114	36143	35849
20240114	35849	21154
20240114	21154	36067
20240114	36067	35282
20240114	35282	
20240114	21106	35813
20240114	35813	21118
20240114	21118	36031
20240114	36031	35246
20240114	35246	35259
20240114	35259	36143
20240114	36143	35849
20240114	35849	21154
20240114	21154	36067
20240114	36067	35282
20240114	35282	
20240114	21104	35811
20240114	35811	21116
20240114	21116	36029
20240114	36029	35244
20240114	35244	35257
20240114	35257	36141
20240114	36141	35847
20240114	35847	21152
20240114	21152	36065
20240114	36065	35280
20240114	35280	
20240114	21104	35811
20240114	35811	21116
20240114	21116	36029
20240114	36029	35244
20240114	35244	35257
20240114	35257	36141
20240114	36141	35847
20240114	35847	21152
20240114	21152	36065
20240114	36065	35280
20240114	35280	
20240114	35803	21108
20240114	21108	35815
20240114	35815	21120
20240114	21120	36033
20240114	36033	35248
20240114	35248	35261
20240114	35261	36145
20240114	36145	35851
20240114	35851	21156
20240114	21156	35863
20240114	35863	21168
20240114	21168	
20240114	35803	21108
20240114	21108	35815
20240114	35815	21120
20240114	21120	36033
20240114	36033	35248
20240114	35248	35261
20240114	35261	36145
20240114	36145	35851
20240114	35851	21156
20240114	21156	35863
20240114	35863	21168
20240114	21168	
20240114	21100	35807
20240114	35807	21112
20240114	21112	35819
20240114	35819	21124
20240114	21124	36037
20240114	36037	35252
20240114	35252	35265
20240114	35265	36149
20240114	36149	21255
20240114	21255	21160
20240114	21160	35867
20240114	35867	
20240114	21100	35807
20240114	35807	21112
20240114	21112	35819
20240114	35819	21124
20240114	21124	36037
20240114	36037	35252
20240114	35252	35265
20240114	35265	36149
20240114	36149	21255
20240114	21255	21160
20240114	21160	35867
20240114	35867	
20240114	35805	21110
20240114	21110	35817
20240114	35817	21122
20240114	21122	36035
20240114	36035	35250
20240114	35250	35263
20240114	35263	36147
20240114	36147	35853
20240114	35853	21158
20240114	21158	35865
20240114	35865	21170
20240114	21170	
20240114	35805	21110
20240114	21110	35817
20240114	35817	21122
20240114	21122	36035
20240114	36035	35250
20240114	35250	35263
20240114	35263	36147
20240114	36147	35853
20240114	35853	21158
20240114	21158	35865
20240114	35865	21170
20240114	21170	
20240114	36027	35242
20240114	35242	35255
20240114	35255	36139
20240114	36139	35845
20240114	35845	21150
20240114	21150	36063
20240114	36063	35278
20240114	35278	
20240114	36027	35242
20240114	35242	35255
20240114	35255	36139
20240114	36139	35845
20240114	35845	21150
20240114	21150	36063
20240114	36063	35278
20240114	35278	
20240114	20001	20008
20240114	20008	20011
20240114	20011	20022
20240114	20022	20035
20240114	20035	20042
20240114	20042	20053
20240114	20053	20054
20240114	20054	20155
20240114	20155	20064
20240114	20064	20165
20240114	20165	20152
20240114	20152	20085
20240114	20085	
20240114	37040	20105
20240114	20105	20102
20240114	20102	35915
20240114	35915	20038
20240114	20038	20047
20240114	20047	20048
20240114	20048	20059
20240114	20059	20060
20240114	20060	20163
20240114	20163	20148
20240114	20148	20081
20240114	20081	20084
20240114	20084	
20240114	20113	20110
20240114	20110	20023
20240114	20023	20028
20240114	20028	20127
20240114	20127	20126
20240114	20126	20041
20240114	20041	20044
20240114	20044	20145
20240114	20145	20138
20240114	20138	20063
20240114	20063	20066
20240114	20066	20167
20240114	20167	20154
20240114	20154	39071
20240114	39071	
20240114	20045	20046
20240114	20046	20055
20240114	20055	20058
20240114	20058	20067
20240114	20067	20070
20240114	20070	
20240114	20000	20003
20240114	20003	20012
20240114	20012	20019
20240114	20019	20024
20240114	20024	20125
20240114	20125	20124
20240114	20124	20031
20240114	20031	20040
20240114	20040	20141
20240114	20141	20136
20240114	20136	20061
20240114	20061	20062
20240114	20062	20071
20240114	20071	20078
20240114	20078	20169
20240114	20169	
20240114	20004	20007
20240114	20007	20020
20240114	20020	20123
20240114	20123	20122
20240114	20122	20029
20240114	20029	20034
20240114	20034	35937
20240114	35937	20132
20240114	20132	
20240114	20100	20117
20240114	20117	20116
20240114	20116	20025
20240114	20025	20030
20240114	20030	20129
20240114	20129	20128
20240114	20128	20051
20240114	20051	20050
20240114	20050	20151
20240114	20151	20140
20240114	20140	20069
20240114	20069	
20240114	35916	20119
20240114	20119	20120
20240114	20120	20027
20240114	20027	20032
20240114	20032	20131
20240114	20131	20130
20240114	20130	20143
20240114	20143	20056
20240114	20056	20157
20240114	20157	20144
20240114	20144	20075
20240114	20075	20082
20240114	20082	20087
20240114	20087	
20240114	20203	20408
20240114	20408	20413
20240114	20413	20422
20240114	20422	20427
20240114	20427	20436
20240114	20436	20441
20240114	20441	20450
20240114	20450	20455
20240114	20455	20464
20240114	20464	20469
20240114	20469	20478
20240114	20478	20483
20240114	20483	20492
20240114	20492	20497
20240114	20497	20506
20240114	20506	
20240114	37048	20805
20240114	20805	20808
20240114	20808	20821
20240114	20821	20824
20240114	20824	20837
20240114	20837	20840
20240114	20840	20853
20240114	20853	20856
20240114	20856	20869
20240114	20869	20872
20240114	20872	20885
20240114	20885	20888
20240114	20888	20901
20240114	20901	20904
20240114	20904	
20240114	20807	20810
20240114	20810	20823
20240114	20823	20826
20240114	20826	20839
20240114	20839	20842
20240114	20842	20855
20240114	20855	20858
20240114	20858	20871
20240114	20871	20706
20240114	20706	20887
20240114	20887	20890
20240114	20890	20903
20240114	20903	20906
20240114	20906	
20240114	20811	20814
20240114	20814	20827
20240114	20827	20830
20240114	20830	20843
20240114	20843	20846
20240114	20846	20859
20240114	20859	20862
20240114	20862	20875
20240114	20875	20878
20240114	20878	20891
20240114	20891	20894
20240114	20894	20907
20240114	20907	20752
20240114	20752	
20240114	20403	20412
20240114	20412	20417
20240114	20417	20426
20240114	20426	20431
20240114	20431	20440
20240114	20440	20445
20240114	20445	20454
20240114	20454	20459
20240114	20459	20468
20240114	20468	20473
20240114	20473	20482
20240114	20482	20487
20240114	20487	20496
20240114	20496	20501
20240114	20501	20510
20240114	20510	
20240114	20202	20405
20240114	20405	20414
20240114	20414	20419
20240114	20419	20428
20240114	20428	20433
20240114	20433	20442
20240114	20442	20447
20240114	20447	20456
20240114	20456	20461
20240114	20461	20470
20240114	20470	20475
20240114	20475	20484
20240114	20484	20489
20240114	20489	20498
20240114	20498	20503
20240114	20503	20512
20240114	20512	
20240114	20400	20809
20240114	20809	20812
20240114	20812	20825
20240114	20825	20828
20240114	20828	20841
20240114	20841	20844
20240114	20844	20857
20240114	20857	20860
20240114	20860	20873
20240114	20873	20876
20240114	20876	20889
20240114	20889	20730
20240114	20730	20905
20240114	20905	20908
20240114	20908	
20240114	20404	20409
20240114	20409	20418
20240114	20418	20423
20240114	20423	20432
20240114	20432	20437
20240114	20437	20446
20240114	20446	20451
20240114	20451	20460
20240114	20460	20465
20240114	20465	20474
20240114	20474	20479
20240114	20479	20488
20240114	20488	20493
20240114	20493	20502
20240114	20502	20909
20240114	20909	
20240114	20201	20406
20240114	20406	20411
20240114	20411	20420
20240114	20420	20425
20240114	20425	20434
20240114	20434	20439
20240114	20439	20448
20240114	20448	20453
20240114	20453	20462
20240114	20462	20467
20240114	20467	20476
20240114	20476	20481
20240114	20481	20490
20240114	20490	20495
20240114	20495	20504
20240114	20504	
20240114	20801	20804
20240114	20804	20817
20240114	20817	20820
20240114	20820	20833
20240114	20833	20836
20240114	20836	20849
20240114	20849	20852
20240114	20852	20865
20240114	20865	20868
20240114	20868	20881
20240114	20881	20884
20240114	20884	20897
20240114	20897	20900
20240114	20900	20507
20240114	20507	
20240114	20401	20410
20240114	20410	20415
20240114	20415	20424
20240114	20424	20429
20240114	20429	20438
20240114	20438	20443
20240114	20443	20452
20240114	20452	20457
20240114	20457	20466
20240114	20466	20471
20240114	20471	20480
20240114	20480	20485
20240114	20485	20494
20240114	20494	20499
20240114	20499	20508
20240114	20508	
20240114	20601	20802
20240114	20802	20815
20240114	20815	20818
20240114	20818	20831
20240114	20831	20834
20240114	20834	20847
20240114	20847	20850
20240114	20850	20863
20240114	20863	20866
20240114	20866	20879
20240114	20879	20882
20240114	20882	20895
20240114	20895	20898
20240114	20898	
20240114	20402	20407
20240114	20407	20416
20240114	20416	20421
20240114	20421	20430
20240114	20430	20435
20240114	20435	20444
20240114	20444	20449
20240114	20449	20458
20240114	20458	20463
20240114	20463	20472
20240114	20472	20315
20240114	20315	20486
20240114	20486	20491
20240114	20491	20500
20240114	20500	20505
20240114	20505	20350
20240114	20350	
20240114	20803	20806
20240114	20806	20819
20240114	20819	20822
20240114	20822	20835
20240114	20835	20838
20240114	20838	20851
20240114	20851	20854
20240114	20854	20867
20240114	20867	20870
20240114	20870	20883
20240114	20883	20722
20240114	20722	20899
20240114	20899	20902
20240114	20902	20509
20240114	20509	
20240114	20800	20813
20240114	20813	20816
20240114	20816	20829
20240114	20829	20832
20240114	20832	20845
20240114	20845	20848
20240114	20848	20861
20240114	20861	20864
20240114	20864	20877
20240114	20877	20714
20240114	20714	20893
20240114	20893	20896
20240114	20896	
20240114	49501	19501
20240114	19501	19508
20240114	19508	19529
20240114	19529	27344
20240114	27344	27361
20240114	27361	19618
20240114	19618	19649
20240114	19649	27428
20240114	27428	27421
20240114	27421	19684
20240114	19684	19737
20240114	19737	27504
20240114	27504	27491
20240114	27491	19762
20240114	19762	19809
20240114	19809	27558
20240114	27558	27553
20240114	27553	19828
20240114	19828	19857
20240114	19857	
20240114	49501	19501
20240114	19501	19508
20240114	19508	19529
20240114	19529	27344
20240114	27344	27361
20240114	27361	19618
20240114	19618	19649
20240114	19649	27428
20240114	27428	27421
20240114	27421	19684
20240114	19684	19737
20240114	19737	27504
20240114	27504	27491
20240114	27491	19762
20240114	19762	19809
20240114	19809	27558
20240114	27558	27553
20240114	27553	19828
20240114	19828	19857
20240114	19857	
20240114	19500	49500
20240114	49500	47115
20240114	47115	37109
20240114	37109	19504
20240114	19504	49504
20240114	49504	49523
20240114	49523	19523
20240114	19523	19556
20240114	19556	19613
20240114	19613	27400
20240114	27400	27393
20240114	27393	19642
20240114	19642	19673
20240114	19673	27462
20240114	27462	27459
20240114	27459	19726
20240114	19726	19767
20240114	19767	27524
20240114	27524	35439
20240114	35439	19800
20240114	19800	19839
20240114	19839	19826
20240114	19826	49826
20240114	49826	
20240114	19500	49500
20240114	49500	47115
20240114	47115	37109
20240114	37109	19504
20240114	19504	49504
20240114	49504	49523
20240114	49523	19523
20240114	19523	19556
20240114	19556	19613
20240114	19613	27400
20240114	27400	27393
20240114	27393	19642
20240114	19642	19673
20240114	19673	27462
20240114	27462	27459
20240114	27459	19726
20240114	19726	19767
20240114	19767	27524
20240114	27524	35439
20240114	35439	19800
20240114	19800	19839
20240114	19839	19826
20240114	19826	49826
20240114	49826	
20240114	49507	19507
20240114	19507	19534
20240114	19534	19587
20240114	19587	27390
20240114	27390	27385
20240114	27385	19634
20240114	19634	19665
20240114	19665	27446
20240114	27446	27443
20240114	27443	19718
20240114	19718	19759
20240114	19759	27516
20240114	27516	27509
20240114	27509	19788
20240114	19788	19833
20240114	19833	19820
20240114	19820	49820
20240114	49820	49851
20240114	49851	19851
20240114	19851	
20240114	49507	19507
20240114	19507	19534
20240114	19534	19587
20240114	19587	27390
20240114	27390	27385
20240114	27385	19634
20240114	19634	19665
20240114	19665	27446
20240114	27446	27443
20240114	27443	19718
20240114	19718	19759
20240114	19759	27516
20240114	27516	27509
20240114	27509	19788
20240114	19788	19833
20240114	19833	19820
20240114	19820	49820
20240114	49820	49851
20240114	49851	19851
20240114	19851	
20240114	19511	19540
20240114	19540	19595
20240114	19595	19606
20240114	19606	19641
20240114	19641	27420
20240114	27420	27413
20240114	27413	19666
20240114	19666	19715
20240114	19715	27494
20240114	27494	27481
20240114	27481	19752
20240114	19752	19797
20240114	19797	27548
20240114	27548	27549
20240114	27549	19822
20240114	19822	49822
20240114	49822	
20240114	19511	19540
20240114	19540	19595
20240114	19595	19606
20240114	19606	19641
20240114	19641	27420
20240114	27420	27413
20240114	27413	19666
20240114	19666	19715
20240114	19715	27494
20240114	27494	27481
20240114	27481	19752
20240114	19752	19797
20240114	19797	27548
20240114	27548	27549
20240114	27549	19822
20240114	19822	49822
20240114	49822	
20240114	49517	19517
20240114	19517	19546
20240114	19546	19601
20240114	19601	27396
20240114	27396	27389
20240114	27389	19638
20240114	19638	19669
20240114	19669	27454
20240114	27454	27451
20240114	27451	19722
20240114	19722	19763
20240114	19763	27520
20240114	27520	27517
20240114	27517	19794
20240114	19794	19837
20240114	19837	19824
20240114	19824	49824
20240114	49824	49853
20240114	49853	19853
20240114	19853	
20240114	49517	19517
20240114	19517	19546
20240114	19546	19601
20240114	19601	27396
20240114	27396	27389
20240114	27389	19638
20240114	19638	19669
20240114	19669	27454
20240114	27454	27451
20240114	27451	19722
20240114	19722	19763
20240114	19763	27520
20240114	27520	27517
20240114	27517	19794
20240114	19794	19837
20240114	19837	19824
20240114	19824	49824
20240114	49824	49853
20240114	49853	19853
20240114	19853	
20240114	19559	27370
20240114	27370	27377
20240114	27377	19626
20240114	19626	19657
20240114	19657	27436
20240114	27436	27429
20240114	27429	19700
20240114	19700	19751
20240114	19751	27508
20240114	27508	27501
20240114	27501	19772
20240114	19772	19819
20240114	19819	19812
20240114	19812	37115
20240114	37115	
20240114	19559	27370
20240114	27370	27377
20240114	27377	19626
20240114	19626	19657
20240114	19657	27436
20240114	27436	27429
20240114	27429	19700
20240114	19700	19751
20240114	19751	27508
20240114	27508	27501
20240114	27501	19772
20240114	19772	19819
20240114	19819	19812
20240114	19812	37115
20240114	37115	
20240114	37106	19581
20240114	19581	19598
20240114	19598	19637
20240114	19637	27416
20240114	27416	27409
20240114	27409	19662
20240114	19662	19709
20240114	19709	27486
20240114	27486	27477
20240114	27477	19746
20240114	19746	19789
20240114	19789	27544
20240114	27544	27545
20240114	27545	19818
20240114	19818	49818
20240114	49818	
20240114	37106	19581
20240114	19581	19598
20240114	19598	19637
20240114	19637	27416
20240114	27416	27409
20240114	27409	19662
20240114	19662	19709
20240114	19709	27486
20240114	27486	27477
20240114	27477	19746
20240114	19746	19789
20240114	19789	27544
20240114	27544	27545
20240114	27545	19818
20240114	19818	49818
20240114	49818	
20240114	19516	49516
20240114	49516	49549
20240114	49549	19549
20240114	19549	19576
20240114	19576	19629
20240114	19629	27408
20240114	27408	27401
20240114	27401	19650
20240114	19650	19689
20240114	19689	27472
20240114	27472	27471
20240114	27471	19736
20240114	19736	19777
20240114	19777	27536
20240114	27536	27535
20240114	27535	19810
20240114	19810	19845
20240114	19845	19834
20240114	19834	39117
20240114	39117	
20240114	19516	49516
20240114	49516	49549
20240114	49549	19549
20240114	19549	19576
20240114	19576	19629
20240114	19629	27408
20240114	27408	27401
20240114	27401	19650
20240114	19650	19689
20240114	19689	27472
20240114	27472	27471
20240114	27471	19736
20240114	19736	19777
20240114	19777	27536
20240114	27536	27535
20240114	27535	19810
20240114	19810	19845
20240114	19845	19834
20240114	19834	39117
20240114	39117	
20240114	27302	27315
20240114	27315	19588
20240114	19588	19633
20240114	19633	27412
20240114	27412	27405
20240114	27405	19656
20240114	19656	19701
20240114	19701	27482
20240114	27482	27473
20240114	27473	19740
20240114	19740	19783
20240114	19783	27540
20240114	27540	27541
20240114	27541	19814
20240114	19814	19847
20240114	19847	
20240114	27302	27315
20240114	27315	19588
20240114	19588	19633
20240114	19633	27412
20240114	27412	27405
20240114	27405	19656
20240114	19656	19701
20240114	19701	27482
20240114	27482	27473
20240114	27473	19740
20240114	19740	19783
20240114	19783	27540
20240114	27540	27541
20240114	27541	19814
20240114	19814	19847
20240114	19847	
20240114	19528	49528
20240114	49528	49575
20240114	49575	19575
20240114	19575	27378
20240114	27378	27381
20240114	27381	19630
20240114	19630	19661
20240114	19661	27442
20240114	27442	27435
20240114	27435	19710
20240114	19710	19755
20240114	19755	27512
20240114	27512	27505
20240114	27505	19782
20240114	19782	19829
20240114	19829	27566
20240114	27566	27557
20240114	27557	19838
20240114	19838	49774
20240114	49774	47113
20240114	47113	37107
20240114	37107	37102
20240114	37102	47108
20240114	47108	
20240114	19528	49528
20240114	49528	49575
20240114	49575	19575
20240114	19575	27378
20240114	27378	27381
20240114	27381	19630
20240114	19630	19661
20240114	19661	27442
20240114	27442	27435
20240114	27435	19710
20240114	19710	19755
20240114	19755	27512
20240114	27512	27505
20240114	27505	19782
20240114	19782	19829
20240114	19829	27566
20240114	27566	27557
20240114	27557	19838
20240114	19838	49774
20240114	49774	47113
20240114	47113	37107
20240114	37107	37102
20240114	37102	47108
20240114	47108	
20240114	27330	27347
20240114	27347	19614
20240114	19614	19645
20240114	19645	27424
20240114	27424	27417
20240114	27417	19676
20240114	19676	19729
20240114	19729	27498
20240114	27498	27487
20240114	27487	19758
20240114	19758	19803
20240114	19803	27556
20240114	27556	27551
20240114	27551	
20240114	27330	27347
20240114	27347	19614
20240114	19614	19645
20240114	19645	27424
20240114	27424	27417
20240114	27417	19676
20240114	19676	19729
20240114	19729	27498
20240114	27498	27487
20240114	27487	19758
20240114	19758	19803
20240114	19803	27556
20240114	27556	27551
20240114	27551	
20240114	19566	19623
20240114	19623	27404
20240114	27404	27397
20240114	27397	19646
20240114	19646	19679
20240114	19679	27466
20240114	27466	27467
20240114	27467	19730
20240114	19730	19771
20240114	19771	27530
20240114	27530	27529
20240114	27529	19806
20240114	19806	19841
20240114	19841	
20240114	19566	19623
20240114	19623	27404
20240114	27404	27397
20240114	27397	19646
20240114	19646	19679
20240114	19679	27466
20240114	27466	27467
20240114	27467	19730
20240114	19730	19771
20240114	19771	27530
20240114	27530	27529
20240114	27529	19806
20240114	19806	19841
20240114	19841	
20240114	49539	19539
20240114	19539	27360
20240114	27360	27369
20240114	27369	19622
20240114	19622	19653
20240114	19653	27432
20240114	27432	27423
20240114	27423	19692
20240114	19692	19745
20240114	19745	27506
20240114	27506	27495
20240114	27495	19766
20240114	19766	19815
20240114	19815	27562
20240114	27562	27555
20240114	27555	19832
20240114	19832	37103
20240114	37103	
20240114	49539	19539
20240114	19539	27360
20240114	27360	27369
20240114	27369	19622
20240114	19622	19653
20240114	19653	27432
20240114	27432	27423
20240114	27423	19692
20240114	19692	19745
20240114	19745	27506
20240114	27506	27495
20240114	27495	19766
20240114	19766	19815
20240114	19815	27562
20240114	27562	27555
20240114	27555	19832
20240114	19832	37103
20240114	37103	
20240114	37108	49116
20240114	49116	48501
20240114	48501	48502
20240114	48502	48503
20240114	48503	48504
20240114	48504	48505
20240114	48505	48506
20240114	48506	48507
20240114	48507	48508
20240114	48508	48509
20240114	48509	48510
20240114	48510	48511
20240114	48511	48512
20240114	48512	48513
20240114	48513	48514
20240114	48514	48515
20240114	48515	48516
20240114	48516	48517
20240114	48517	48518
20240114	48518	48519
20240114	48519	48520
20240114	48520	49123
20240114	49123	37113
20240114	37113	
20240114	37108	49116
20240114	49116	49123
20240114	49123	37113
20240114	37113	
20240114	21901	21900
20240114	21900	21905
20240114	21905	21904
20240114	21904	21909
20240114	21909	21908
20240114	21908	21913
20240114	21913	21912
20240114	21912	21917
20240114	21917	21916
20240114	21916	
20240114	21903	21902
20240114	21902	21907
20240114	21907	21906
20240114	21906	21913
20240114	21913	21912
20240114	21912	21917
20240114	21917	21916
20240114	21916	
20240114	37793	31505
20240114	31505	31504
20240114	31504	31509
20240114	31509	31548
20240114	31548	31513
20240114	31513	31510
20240114	31510	31515
20240114	31515	31512
20240114	31512	31517
20240114	31517	31514
20240114	31514	31519
20240114	31519	31516
20240114	31516	31521
20240114	31521	31518
20240114	31518	31523
20240114	31523	31520
20240114	31520	31525
20240114	31525	31522
20240114	31522	31527
20240114	31527	31526
20240114	31526	31531
20240114	31531	31530
20240114	31530	31533
20240114	31533	31534
20240114	31534	31539
20240114	31539	31538
20240114	31538	37747
20240114	37747	31540
20240114	31540	31543
20240114	31543	31542
20240114	31542	
20240114	31545	
20240114	39382	38330
20240114	38330	23303
20240114	23303	23302
20240114	23302	23311
20240114	23311	23310
20240114	23310	23321
20240114	23321	23320
20240114	23320	23331
20240114	23331	23330
20240114	23330	23341
20240114	23341	23340
20240114	23340	23351
20240114	23351	23350
20240114	23350	23361
20240114	23361	23360
20240114	23360	23371
20240114	23371	23370
20240114	23370	23381
20240114	23381	23380
20240114	23380	23391
20240114	23391	23390
20240114	23390	38385
20240114	38385	
20240114	39382	38351
20240114	38351	23305
20240114	23305	23304
20240114	23304	23315
20240114	23315	23314
20240114	23314	23325
20240114	23325	23324
20240114	23324	23335
20240114	23335	23334
20240114	23334	23345
20240114	23345	23344
20240114	23344	23355
20240114	23355	23354
20240114	23354	23365
20240114	23365	23364
20240114	23364	23375
20240114	23375	23374
20240114	23374	23385
20240114	23385	23384
20240114	23384	23395
20240114	23395	23394
20240114	23394	23403
20240114	23403	23402
20240114	23402	38333
20240114	38333	
20240114	38336	23307
20240114	23307	23306
20240114	23306	23319
20240114	23319	23318
20240114	23318	23329
20240114	23329	23328
20240114	23328	23339
20240114	23339	23338
20240114	23338	23349
20240114	23349	23348
20240114	23348	23359
20240114	23359	23358
20240114	23358	23369
20240114	23369	23368
20240114	23368	23379
20240114	23379	23378
20240114	23378	23389
20240114	23389	23388
20240114	23388	23399
20240114	23399	23398
20240114	23398	38349
20240114	38349	
20240114	38361	23155
20240114	23155	23154
20240114	23154	23157
20240114	23157	23156
20240114	23156	23159
20240114	23159	23158
20240114	23158	23163
20240114	23163	23162
20240114	23162	23167
20240114	23167	23166
20240114	23166	23169
20240114	23169	23168
20240114	23168	23173
20240114	23173	23172
20240114	23172	23177
20240114	23177	23176
20240114	23176	23405
20240114	23405	23404
20240114	23404	38393
20240114	38393	39301
20240114	39301	
20240114	38363	23323
20240114	23323	23322
20240114	23322	23333
20240114	23333	23332
20240114	23332	23343
20240114	23343	23342
20240114	23342	23353
20240114	23353	23352
20240114	23352	23363
20240114	23363	23362
20240114	23362	23373
20240114	23373	23372
20240114	23372	23383
20240114	23383	23382
20240114	23382	23393
20240114	23393	23392
20240114	23392	23401
20240114	23401	23400
20240114	23400	38391
20240114	38391	
20240114	39300	38332
20240114	38332	23327
20240114	23327	23326
20240114	23326	23337
20240114	23337	23336
20240114	23336	23347
20240114	23347	23346
20240114	23346	23357
20240114	23357	23356
20240114	23356	23367
20240114	23367	23366
20240114	23366	23377
20240114	23377	23376
20240114	23376	23387
20240114	23387	23386
20240114	23386	23397
20240114	23397	23396
20240114	23396	38389
20240114	38389	
20240114	38341	
20240114	36200	78001
20240114	78001	78024
20240114	78024	78023
20240114	78023	78044
20240114	78044	78047
20240114	78047	78068
20240114	78068	36561
20240114	36561	78374
20240114	78374	
20240114	36200	78001
20240114	78001	78024
20240114	78024	78023
20240114	78023	78044
20240114	78044	78047
20240114	78047	78068
20240114	78068	36561
20240114	36561	78376
20240114	78376	
20240114	78003	78028
20240114	78028	78025
20240114	78025	78046
20240114	78046	78049
20240114	78049	78070
20240114	78070	78079
20240114	78079	
20240114	78003	78028
20240114	78028	78025
20240114	78025	78046
20240114	78046	78049
20240114	78049	78070
20240114	78070	78079
20240114	78079	
20240114	78013	78034
20240114	78034	78031
20240114	78031	78052
20240114	78052	78055
20240114	78055	78080
20240114	78080	78087
20240114	78087	
20240114	78013	78034
20240114	78034	78031
20240114	78031	78052
20240114	78052	78055
20240114	78055	78080
20240114	78080	78087
20240114	78087	
20240114	78209	78128
20240114	78128	78139
20240114	78139	78138
20240114	78138	78223
20240114	78223	78226
20240114	78226	78233
20240114	78233	78236
20240114	78236	78077
20240114	78077	78246
20240114	78246	36209
20240114	36209	
20240114	78209	78128
20240114	78128	78139
20240114	78139	78138
20240114	78138	78223
20240114	78223	78226
20240114	78226	78233
20240114	78233	78236
20240114	78236	78077
20240114	78077	78246
20240114	78246	36209
20240114	36209	
20240114	36269	78004
20240114	78004	78011
20240114	78011	78032
20240114	78032	78029
20240114	78029	78050
20240114	78050	78053
20240114	78053	78076
20240114	78076	78085
20240114	78085	
20240114	36269	78004
20240114	78004	78011
20240114	78011	78032
20240114	78032	78029
20240114	78029	78050
20240114	78050	78053
20240114	78053	78076
20240114	78076	78085
20240114	78085	
20240114	78002	78007
20240114	78007	78030
20240114	78030	78027
20240114	78027	78048
20240114	78048	78051
20240114	78051	78072
20240114	78072	78083
20240114	78083	
20240114	78002	78007
20240114	78007	78030
20240114	78030	78027
20240114	78027	78048
20240114	78048	78051
20240114	78051	78072
20240114	78072	78083
20240114	78083	
20240114	78118	36203
20240114	36203	36204
20240114	36204	78073
20240114	78073	78244
20240114	78244	78193
20240114	78193	
20240114	78118	36203
20240114	36203	36204
20240114	36204	78073
20240114	78073	78244
20240114	78244	78193
20240114	78193	
20240114	78008	78203
20240114	78203	78208
20240114	78208	78133
20240114	78133	78132
20240114	78132	78143
20240114	78143	78220
20240114	78220	78227
20240114	78227	78230
20240114	78230	78237
20240114	78237	78240
20240114	78240	78245
20240114	78245	
20240114	78008	78203
20240114	78203	78208
20240114	78208	78133
20240114	78133	78132
20240114	78132	78143
20240114	78143	78220
20240114	78220	78227
20240114	78227	78230
20240114	78230	78237
20240114	78237	78240
20240114	78240	78245
20240114	78245	
20240114	78020	78021
20240114	78021	78042
20240114	78042	78043
20240114	78043	78066
20240114	78066	78071
20240114	78071	78096
20240114	78096	
20240114	78020	78021
20240114	78021	78042
20240114	78042	78043
20240114	78043	78066
20240114	78066	78071
20240114	78071	78096
20240114	78096	
20240114	78000	78015
20240114	78015	78036
20240114	78036	78033
20240114	78033	78056
20240114	78056	78059
20240114	78059	78084
20240114	78084	78089
20240114	78089	
20240114	78000	78015
20240114	78015	78036
20240114	78036	78033
20240114	78033	78056
20240114	78056	78059
20240114	78059	78084
20240114	78084	78089
20240114	78089	
20240114	78012	78017
20240114	78017	78038
20240114	78038	78035
20240114	78035	78060
20240114	78060	78063
20240114	78063	78088
20240114	78088	78091
20240114	78091	
20240114	78012	78017
20240114	78017	78038
20240114	78038	78035
20240114	78035	78060
20240114	78060	78063
20240114	78063	78088
20240114	78088	78091
20240114	78091	
20240114	78016	78019
20240114	78019	78040
20240114	78040	78039
20240114	78039	78064
20240114	78064	78067
20240114	78067	78092
20240114	78092	
20240114	78016	78019
20240114	78019	78040
20240114	78040	78039
20240114	78039	78064
20240114	78064	78067
20240114	78067	78092
20240114	78092	
20240114	77310	77353
20240114	77353	77352
20240114	77352	77357
20240114	77357	77356
20240114	77356	77315
20240114	77315	77324
20240114	77324	77361
20240114	77361	77360
20240114	77360	77323
20240114	77323	77334
20240114	77334	77333
20240114	77333	
20240114	77314	77355
20240114	77355	77354
20240114	77354	77303
20240114	77303	36582
20240114	36582	36583
20240114	36583	77304
20240114	77304	77363
20240114	77363	77362
20240114	77362	77327
20240114	77327	77336
20240114	77336	77373
20240114	77373	36210
20240114	36210	77375
20240114	77375	
20240114	77312	77301
20240114	77301	39590
20240114	39590	36581
20240114	36581	77302
20240114	77302	77319
20240114	77319	77328
20240114	77328	77325
20240114	77325	
20240114	77316	77311
20240114	77311	77322
20240114	77322	77305
20240114	77305	36584
20240114	36584	36585
20240114	36585	77306
20240114	77306	77367
20240114	77367	77366
20240114	77366	77331
20240114	77331	36210
20240114	36210	77377
20240114	77377	
20240114	77320	77313
20240114	77313	77330
20240114	77330	77365
20240114	77365	77364
20240114	77364	77329
20240114	77329	
20240114	77318	77359
20240114	77359	77358
20240114	77358	77321
20240114	77321	77332
20240114	77332	77369
20240114	77369	77368
20240114	77368	77335
20240114	77335	
20240114	36299	77300
20240114	77300	77317
20240114	77317	77326
20240114	77326	77307
20240114	77307	36586
20240114	36586	36587
20240114	36587	77308
20240114	77308	77371
20240114	77371	77370
20240114	77370	77337
20240114	77337	
20240114	77600	77510
20240114	77510	36211
20240114	36211	36214
20240114	36214	77414
20240114	77414	77528
20240114	77528	36229
20240114	36229	36234
20240114	36234	77434
20240114	77434	77548
20240114	77548	36249
20240114	36249	36254
20240114	36254	77454
20240114	77454	
20240114	77600	77510
20240114	77510	36211
20240114	36211	36214
20240114	36214	77414
20240114	77414	77528
20240114	77528	36229
20240114	36229	36234
20240114	36234	77434
20240114	77434	77548
20240114	77548	36249
20240114	36249	36254
20240114	36254	77454
20240114	77454	
20240114	77400	77518
20240114	77518	77428
20240114	77428	77546
20240114	77546	77456
20240114	77456	
20240114	77400	77518
20240114	77518	77428
20240114	77428	77546
20240114	77546	77456
20240114	77456	
20240114	77404	77516
20240114	77516	36217
20240114	36217	36222
20240114	36222	77422
20240114	77422	77536
20240114	77536	36237
20240114	36237	36242
20240114	36242	77442
20240114	77442	77556
20240114	77556	36257
20240114	36257	36262
20240114	36262	77462
20240114	77462	36259
20240114	36259	
20240114	77404	77516
20240114	77516	36217
20240114	36217	36222
20240114	36222	77422
20240114	77422	77536
20240114	77536	36237
20240114	36237	36242
20240114	36242	77442
20240114	77442	77556
20240114	77556	36257
20240114	36257	36262
20240114	36262	77462
20240114	77462	36259
20240114	36259	
20240114	77408	77526
20240114	77526	77436
20240114	77436	77554
20240114	77554	77464
20240114	77464	
20240114	77408	77526
20240114	77526	77436
20240114	77436	77554
20240114	77554	77464
20240114	77464	
20240114	77410	77524
20240114	77524	36225
20240114	36225	36230
20240114	36230	77430
20240114	77430	77544
20240114	77544	36245
20240114	36245	36250
20240114	36250	77450
20240114	77450	77564
20240114	77564	
20240114	77410	77524
20240114	77524	36225
20240114	36225	36230
20240114	36230	77430
20240114	77430	77544
20240114	77544	36245
20240114	36245	36250
20240114	36250	77450
20240114	77450	77564
20240114	77564	
20240114	36553	77612
20240114	77612	77722
20240114	77722	77622
20240114	77622	77732
20240114	77732	77632
20240114	77632	77742
20240114	77742	77646
20240114	77646	77756
20240114	77756	77660
20240114	77660	
20240114	36553	77612
20240114	77612	77722
20240114	77722	77622
20240114	77622	77732
20240114	77732	77632
20240114	77632	77742
20240114	77742	77646
20240114	77646	77756
20240114	77756	77660
20240114	77660	
20240114	36555	77614
20240114	77614	77724
20240114	77724	77624
20240114	77624	77734
20240114	77734	77634
20240114	77634	77744
20240114	77744	77648
20240114	77648	77758
20240114	77758	
20240114	36555	77614
20240114	77614	77724
20240114	77724	77624
20240114	77624	77734
20240114	77734	77634
20240114	77634	77744
20240114	77744	77648
20240114	77648	77758
20240114	77758	
20240114	36551	77500
20240114	77500	77420
20240114	77420	77538
20240114	77538	77448
20240114	77448	77566
20240114	77566	
20240114	36551	77500
20240114	77500	77420
20240114	77420	77538
20240114	77538	77448
20240114	77448	77566
20240114	77566	
20240114	36557	77718
20240114	77718	77640
20240114	77640	77750
20240114	77750	77654
20240114	77654	
20240114	36557	77718
20240114	77718	77640
20240114	77640	77750
20240114	77750	77654
20240114	77654	
20240114	36559	77520
20240114	77520	36221
20240114	36221	36226
20240114	36226	77426
20240114	77426	77540
20240114	77540	36241
20240114	36241	36246
20240114	36246	77446
20240114	77446	77560
20240114	77560	36261
20240114	36261	36266
20240114	36266	77466
20240114	77466	
20240114	36559	77520
20240114	77520	36221
20240114	36221	36226
20240114	36226	77426
20240114	77426	77540
20240114	77540	36241
20240114	36241	36246
20240114	36246	77446
20240114	77446	77560
20240114	77560	36261
20240114	36261	36266
20240114	36266	77466
20240114	77466	
20240114	36556	77642
20240114	77642	77752
20240114	77752	77656
20240114	77656	77568
20240114	77568	36554
20240114	36554	
20240114	36556	77642
20240114	77642	77752
20240114	77752	77656
20240114	77656	77568
20240114	77568	36554
20240114	36554	
20240114	77504	77412
20240114	77412	77530
20240114	77530	77440
20240114	77440	77558
20240114	77558	77468
20240114	77468	
20240114	77504	77412
20240114	77412	77530
20240114	77530	77440
20240114	77440	77558
20240114	77558	77468
20240114	77468	
20240114	36256	77508
20240114	77508	77416
20240114	77416	77534
20240114	77534	77444
20240114	77444	77562
20240114	77562	
20240114	36256	77508
20240114	77508	77416
20240114	77416	77534
20240114	77534	77444
20240114	77444	77562
20240114	77562	
20240114	77712	77616
20240114	77616	77726
20240114	77726	77626
20240114	77626	77736
20240114	77736	77636
20240114	77636	77746
20240114	77746	77650
20240114	77650	77760
20240114	77760	77662
20240114	77662	
20240114	77712	77616
20240114	77616	77726
20240114	77726	77626
20240114	77626	77736
20240114	77736	77636
20240114	77636	77746
20240114	77746	77650
20240114	77650	77760
20240114	77760	77662
20240114	77662	
20240114	77714	77618
20240114	77618	77728
20240114	77728	77628
20240114	77628	77738
20240114	77738	77638
20240114	77638	77748
20240114	77748	77652
20240114	77652	36284
20240114	36284	
20240114	77714	77618
20240114	77618	77728
20240114	77728	77628
20240114	77628	77738
20240114	77738	77638
20240114	77638	77748
20240114	77748	77652
20240114	77652	36284
20240114	36284	
20240114	77716	77620
20240114	77620	77730
20240114	77730	77630
20240114	77630	77740
20240114	77740	77644
20240114	77644	77754
20240114	77754	77658
20240114	77658	
20240114	77716	77620
20240114	77620	77730
20240114	77730	77630
20240114	77630	77740
20240114	77740	77644
20240114	77644	77754
20240114	77754	77658
20240114	77658	
20240114	77512	36215
20240114	36215	36218
20240114	36218	77418
20240114	77418	77532
20240114	77532	36233
20240114	36233	36238
20240114	36238	77438
20240114	77438	77552
20240114	77552	36253
20240114	36253	36258
20240114	36258	77458
20240114	77458	77572
20240114	77572	
20240114	77512	36215
20240114	36215	36218
20240114	36218	77418
20240114	77418	77532
20240114	77532	36233
20240114	36233	36238
20240114	36238	77438
20240114	77438	77552
20240114	77552	36253
20240114	36253	36258
20240114	36258	77458
20240114	77458	77572
20240114	77572	
20240114	77514	77424
20240114	77424	77542
20240114	77542	77452
20240114	77452	77570
20240114	77570	
20240114	77514	77424
20240114	77424	77542
20240114	77542	77452
20240114	77452	77570
20240114	77570	
20240114	77522	77432
20240114	77432	77550
20240114	77550	77460
20240114	77460	
20240114	77522	77432
20240114	77432	77550
20240114	77550	77460
20240114	77460	
20240114	37876	25537
20240114	25537	25542
20240114	25542	25559
20240114	25559	39578
20240114	39578	
20240114	25558	
20240114	37877	28276
20240114	28276	25519
20240114	25519	25524
20240114	25524	25535
20240114	25535	25540
20240114	25540	25549
20240114	25549	25554
20240114	25554	
20240114	28557	28556
20240114	28556	28267
20240114	28267	28272
20240114	28272	28277
20240114	28277	28282
20240114	28282	25525
20240114	25525	25530
20240114	25530	25541
20240114	25541	25546
20240114	25546	25555
20240114	25555	25560
20240114	25560	25567
20240114	25567	39500
20240114	39500	
20240114	25501	25506
20240114	25506	25517
20240114	25517	25522
20240114	25522	25531
20240114	25531	25536
20240114	25536	25547
20240114	25547	25552
20240114	25552	25561
20240114	25561	
20240114	28269	28274
20240114	28274	28281
20240114	28281	28286
20240114	28286	28291
20240114	28291	28296
20240114	28296	25539
20240114	25539	25544
20240114	25544	28379
20240114	28379	28384
20240114	28384	31565
20240114	31565	
20240114	28275	28280
20240114	28280	28285
20240114	28285	28290
20240114	28290	25533
20240114	25533	25538
20240114	25538	28373
20240114	28373	28378
20240114	28378	28383
20240114	28383	28390
20240114	28390	
20240114	25486	25513
20240114	25513	25518
20240114	25518	25529
20240114	25529	25534
20240114	25534	25543
20240114	25543	25548
20240114	25548	
20240114	25486	25513
20240114	25513	25518
20240114	25518	25529
20240114	25529	25534
20240114	25534	25543
20240114	25543	25548
20240114	25548	
20240114	25511	25516
20240114	25516	28289
20240114	28289	28294
20240114	28294	28363
20240114	28363	28368
20240114	28368	28375
20240114	28375	28380
20240114	28380	28387
20240114	28387	
20240114	25511	25516
20240114	25516	28289
20240114	28289	28294
20240114	28294	28363
20240114	28363	28368
20240114	28368	28375
20240114	28375	28380
20240114	28380	28389
20240114	28389	
20240114	37892	28271
20240114	28271	25510
20240114	25510	28283
20240114	28283	28288
20240114	28288	28295
20240114	28295	28362
20240114	28362	28369
20240114	28369	28374
20240114	28374	28381
20240114	28381	28386
20240114	28386	
20240114	37892	28271
20240114	28271	25510
20240114	25510	28283
20240114	28283	28288
20240114	28288	28295
20240114	28295	28362
20240114	28362	28369
20240114	28369	28374
20240114	28374	28381
20240114	28381	28386
20240114	28386	
20240114	36273	78006
20240114	78006	78201
20240114	78201	78206
20240114	78206	78211
20240114	78211	78130
20240114	78130	78141
20240114	78141	78140
20240114	78140	78225
20240114	78225	78228
20240114	78228	78235
20240114	78235	78238
20240114	78238	78243
20240114	78243	78248
20240114	78248	78093
20240114	78093	
20240114	78114	78207
20240114	78207	78126
20240114	78126	78137
20240114	78137	78136
20240114	78136	78221
20240114	78221	78224
20240114	78224	78231
20240114	78231	78234
20240114	78234	78075
20240114	78075	78094
20240114	78094	
20240114	28406	25408
20240114	25408	28420
20240114	28420	25422
20240114	25422	28430
20240114	28430	25432
20240114	25432	28444
20240114	28444	25446
20240114	25446	28454
20240114	28454	25456
20240114	25456	28482
20240114	28482	25470
20240114	25470	
20240114	78205	78124
20240114	78124	78135
20240114	78135	78134
20240114	78134	78219
20240114	78219	78222
20240114	78222	78229
20240114	78229	78232
20240114	78232	78239
20240114	78239	78242
20240114	78242	78247
20240114	78247	
20240114	37886	
20240114	78205	78124
20240114	78124	78135
20240114	78135	78134
20240114	78134	78219
20240114	78219	78222
20240114	78222	78229
20240114	78229	78232
20240114	78232	78239
20240114	78239	78242
20240114	78242	78247
20240114	78247	
20240114	78102	78195
20240114	78195	
20240114	36273	78006
20240114	78006	78201
20240114	78201	78206
20240114	78206	78211
20240114	78211	78130
20240114	78130	78141
20240114	78141	78140
20240114	78140	78225
20240114	78225	78228
20240114	78228	78235
20240114	78235	78238
20240114	78238	78243
20240114	78243	78248
20240114	78248	78093
20240114	78093	
20240114	78114	78207
20240114	78207	78126
20240114	78126	78137
20240114	78137	78136
20240114	78136	78221
20240114	78221	78224
20240114	78224	78231
20240114	78231	78234
20240114	78234	78075
20240114	78075	78094
20240114	78094	
20240114	25502	25509
20240114	25509	25514
20240114	25514	28287
20240114	28287	28292
20240114	28292	28297
20240114	28297	28364
20240114	28364	25545
20240114	25545	25550
20240114	25550	28385
20240114	28385	28388
20240114	28388	37977
20240114	37977	
20240114	25502	25509
20240114	25509	25514
20240114	25514	28287
20240114	28287	28292
20240114	28292	28297
20240114	28297	28364
20240114	28364	25545
20240114	25545	25550
20240114	25550	28385
20240114	28385	
20240114	25504	25515
20240114	25515	25520
20240114	25520	28293
20240114	28293	28298
20240114	28298	28365
20240114	28365	28370
20240114	28370	25551
20240114	25551	25556
20240114	25556	31591
20240114	31591	31567
20240114	31567	
20240114	25504	25515
20240114	25515	25520
20240114	25520	28293
20240114	28293	28298
20240114	28298	28365
20240114	28365	28370
20240114	28370	25551
20240114	25551	25556
20240114	25556	31591
20240114	31591	
20240114	25400	28410
20240114	28410	25412
20240114	25412	28424
20240114	28424	25426
20240114	25426	28434
20240114	28434	25436
20240114	25436	28448
20240114	28448	25450
20240114	25450	28458
20240114	28458	25460
20240114	25460	28490
20240114	28490	39506
20240114	39506	
20240114	25400	28410
20240114	28410	25412
20240114	25412	28424
20240114	28424	25426
20240114	25426	28434
20240114	28434	25436
20240114	25436	28448
20240114	28448	25450
20240114	25450	28458
20240114	28458	25460
20240114	25460	28490
20240114	28490	39506
20240114	39506	
20240114	28263	28268
20240114	28268	28273
20240114	28273	28278
20240114	28278	25521
20240114	25521	25526
20240114	25526	28299
20240114	28299	28366
20240114	28366	28371
20240114	28371	28376
20240114	28376	25557
20240114	25557	
20240114	28263	28268
20240114	28268	28273
20240114	28273	28278
20240114	28278	25521
20240114	25521	25526
20240114	25526	28299
20240114	28299	28366
20240114	28366	28371
20240114	28371	28376
20240114	28376	25557
20240114	25557	
20240114	25503	25508
20240114	25508	28279
20240114	28279	28284
20240114	28284	25527
20240114	25527	25532
20240114	25532	28367
20240114	28367	28372
20240114	28372	28377
20240114	28377	28382
20240114	28382	25563
20240114	25563	
20240114	25503	25508
20240114	25508	28279
20240114	28279	28284
20240114	28284	25527
20240114	25527	25532
20240114	25532	28367
20240114	28367	28372
20240114	28372	28377
20240114	28377	28382
20240114	28382	28393
20240114	28393	
20240114	37862	25507
20240114	25507	25512
20240114	25512	25523
20240114	25523	25528
20240114	25528	
20240114	37862	25507
20240114	25507	25512
20240114	25512	25523
20240114	25523	25528
20240114	25528	
20240114	37886	
20240114	31560	25402
20240114	25402	28460
20240114	28460	25462
20240114	25462	
20240114	31560	25402
20240114	25402	28460
20240114	28460	25462
20240114	25462	
20240114	28402	25404
20240114	25404	28416
20240114	28416	25418
20240114	25418	28426
20240114	28426	25428
20240114	25428	28440
20240114	28440	25442
20240114	25442	28450
20240114	28450	25452
20240114	25452	28484
20240114	28484	25472
20240114	25472	
20240114	28402	25404
20240114	25404	28416
20240114	28416	25418
20240114	25418	28426
20240114	28426	25428
20240114	25428	28440
20240114	28440	25442
20240114	25442	28450
20240114	28450	25452
20240114	25452	28484
20240114	28484	25472
20240114	25472	
20240114	28404	25406
20240114	25406	28480
20240114	28480	25468
20240114	25468	
20240114	28404	25406
20240114	25406	28480
20240114	28480	25468
20240114	25468	
20240114	28406	25408
20240114	25408	28420
20240114	28420	25422
20240114	25422	28430
20240114	28430	25432
20240114	25432	28444
20240114	28444	25446
20240114	25446	28454
20240114	28454	25456
20240114	25456	28482
20240114	28482	25470
20240114	25470	
20240114	28412	25414
20240114	25414	28422
20240114	28422	25424
20240114	25424	28436
20240114	28436	25438
20240114	25438	28446
20240114	28446	25448
20240114	25448	28464
20240114	28464	25466
20240114	25466	
20240114	28412	25414
20240114	25414	28422
20240114	28422	25424
20240114	25424	28436
20240114	28436	25438
20240114	25438	28446
20240114	28446	25448
20240114	25448	28464
20240114	28464	25466
20240114	25466	
20240114	28408	25410
20240114	25410	28418
20240114	28418	25420
20240114	25420	28432
20240114	28432	25434
20240114	25434	28442
20240114	28442	25444
20240114	25444	28456
20240114	28456	25458
20240114	25458	
20240114	28408	25410
20240114	25410	28418
20240114	28418	25420
20240114	25420	28432
20240114	28432	25434
20240114	25434	28442
20240114	28442	25444
20240114	25444	28456
20240114	28456	25458
20240114	25458	
20240114	28414	25416
20240114	25416	28428
20240114	28428	25430
20240114	25430	28438
20240114	28438	25440
20240114	25440	28452
20240114	28452	25454
20240114	25454	28462
20240114	28462	25464
20240114	25464	
20240114	28414	25416
20240114	25416	28428
20240114	28428	25430
20240114	25430	28438
20240114	28438	25440
20240114	25440	28452
20240114	28452	25454
20240114	25454	28462
20240114	28462	25464
20240114	25464	
20240114	78305	78304
20240114	78304	78313
20240114	78313	78312
20240114	78312	78321
20240114	78321	78320
20240114	78320	78329
20240114	78329	78328
20240114	78328	78337
20240114	78337	78336
20240114	78336	78345
20240114	78345	78344
20240114	78344	78353
20240114	78353	78352
20240114	78352	78361
20240114	78361	78360
20240114	78360	78369
20240114	78369	78368
20240114	78368	
20240114	78307	78306
20240114	78306	78315
20240114	78315	78314
20240114	78314	78323
20240114	78323	78322
20240114	78322	78331
20240114	78331	78330
20240114	78330	78339
20240114	78339	78338
20240114	78338	78347
20240114	78347	78346
20240114	78346	78355
20240114	78355	78354
20240114	78354	78363
20240114	78363	78362
20240114	78362	78371
20240114	78371	78370
20240114	78370	
20240114	78309	78308
20240114	78308	78317
20240114	78317	78316
20240114	78316	78325
20240114	78325	78324
20240114	78324	78333
20240114	78333	78332
20240114	78332	78341
20240114	78341	78340
20240114	78340	78349
20240114	78349	78348
20240114	78348	78357
20240114	78357	78356
20240114	78356	78365
20240114	78365	78364
20240114	78364	78373
20240114	78373	78372
20240114	78372	
20240114	78311	78310
20240114	78310	78319
20240114	78319	78318
20240114	78318	78327
20240114	78327	78326
20240114	78326	78335
20240114	78335	78334
20240114	78334	78343
20240114	78343	78342
20240114	78342	78351
20240114	78351	78350
20240114	78350	78359
20240114	78359	78358
20240114	78358	78367
20240114	78367	78366
20240114	78366	
20240114	36274	77801
20240114	77801	77800
20240114	77800	77805
20240114	77805	77804
20240114	77804	77809
20240114	77809	77808
20240114	77808	77813
20240114	77813	77812
20240114	77812	77817
20240114	77817	77816
20240114	77816	77825
20240114	77825	77820
20240114	77820	77829
20240114	77829	77824
20240114	77824	77833
20240114	77833	77828
20240114	77828	77837
20240114	77837	77832
20240114	77832	77841
20240114	77841	77836
20240114	77836	77845
20240114	77845	77840
20240114	77840	77849
20240114	77849	77844
20240114	77844	77853
20240114	77853	77848
20240114	77848	77857
20240114	77857	77852
20240114	77852	77861
20240114	77861	77856
20240114	77856	77865
20240114	77865	77860
20240114	77860	77869
20240114	77869	36292
20240114	36292	
20240114	78600	78634
20240114	78634	78604
20240114	78604	78638
20240114	78638	78608
20240114	78608	78642
20240114	78642	78612
20240114	78612	78646
20240114	78646	78616
20240114	78616	78650
20240114	78650	78620
20240114	78620	78654
20240114	78654	78624
20240114	78624	78658
20240114	78658	78628
20240114	78628	78662
20240114	78662	
20240114	78632	78602
20240114	78602	78636
20240114	78636	78606
20240114	78606	78640
20240114	78640	78610
20240114	78610	78644
20240114	78644	78614
20240114	78614	78648
20240114	78648	78618
20240114	78618	78652
20240114	78652	78622
20240114	78622	78656
20240114	78656	78626
20240114	78626	78660
20240114	78660	78630
20240114	78630	
20240114	88600	88632
20240114	88632	88604
20240114	88604	88636
20240114	88636	87616
20240114	87616	87714
20240114	87714	87620
20240114	87620	88640
20240114	88640	88612
20240114	88612	88642
20240114	88642	88614
20240114	88614	88644
20240114	88644	88616
20240114	88616	88646
20240114	88646	88618
20240114	88618	88648
20240114	88648	88620
20240114	88620	88650
20240114	88650	87644
20240114	87644	87742
20240114	87742	87648
20240114	87648	87746
20240114	87746	87650
20240114	87650	88654
20240114	88654	87652
20240114	87652	87750
20240114	87750	87654
20240114	87654	88656
20240114	88656	87656
20240114	87656	87754
20240114	87754	87660
20240114	87660	88660
20240114	88660	
20240114	88602	88634
20240114	88634	87612
20240114	87612	87712
20240114	87712	88608
20240114	88608	88638
20240114	88638	88610
20240114	88610	87740
20240114	87740	88622
20240114	88622	88652
20240114	88652	88624
20240114	88624	87748
20240114	87748	88626
20240114	88626	87752
20240114	87752	88628
20240114	88628	88658
20240114	88658	88630
20240114	88630	88662
20240114	88662	
20240114	88606	87716
20240114	87716	87646
20240114	87646	87744
20240114	87744	87658
20240114	87658	87756
20240114	87756	
20240114	87614	
20240114	87618	
20240114	37620	15842
20240114	15842	15810
20240114	15810	37607
20240114	37607	37616
20240114	37616	15838
20240114	15838	15822
20240114	15822	36540
20240114	36540	
20240114	37620	15842
20240114	15842	15810
20240114	15810	37607
20240114	37607	37616
20240114	37616	15838
20240114	15838	15822
20240114	15822	36540
20240114	36540	
20240114	37630	15844
20240114	15844	15814
20240114	15814	37611
20240114	37611	37618
20240114	37618	15840
20240114	15840	
20240114	37630	15844
20240114	15844	15814
20240114	15814	37611
20240114	37611	37618
20240114	37618	15840
20240114	15840	
20240114	37679	15806
20240114	15806	37603
20240114	37603	37632
20240114	37632	15846
20240114	15846	15848
20240114	15848	37631
20240114	37631	
20240114	37679	15806
20240114	15806	37603
20240114	37603	37632
20240114	37632	15846
20240114	15846	15848
20240114	15848	37631
20240114	37631	
20240114	15808	37605
20240114	37605	37612
20240114	37612	15836
20240114	15836	15850
20240114	15850	36538
20240114	36538	
20240114	15812	37609
20240114	37609	36998
20240114	36998	
20240114	15812	37609
20240114	37609	36998
20240114	36998	
20240114	39536	30839
20240114	30839	30888
20240114	30888	
20240114	39536	30839
20240114	30839	30888
20240114	30888	
20240114	30884	30824
20240114	30824	30829
20240114	30829	30836
20240114	30836	30841
20240114	30841	
20240114	30884	30824
20240114	30824	30829
20240114	30829	30836
20240114	30836	30841
20240114	30841	
20240114	30826	30831
20240114	30831	30840
20240114	30840	39593
20240114	39593	
20240114	30826	30831
20240114	30831	30840
20240114	30840	39593
20240114	39593	
20240114	30823	30830
20240114	30830	30513
20240114	30513	30514
20240114	30514	
20240114	30823	30830
20240114	30830	30513
20240114	30513	30514
20240114	30514	
20240114	15808	37605
20240114	37605	37612
20240114	37612	15836
20240114	15836	15850
20240114	15850	36538
20240114	36538	
20240114	30827	30834
20240114	30834	30541
20240114	30541	
20240114	30827	30834
20240114	30834	30541
20240114	30541	30541
20240114	30541	
20240114	30542	30547
20240114	30547	30546
20240114	30546	30517
20240114	30517	
20240114	30546	30517
20240114	30517	
20240114	30502	30837
20240114	30837	30844
20240114	30844	
20240114	30837	
20240114	30543	
20240114	33505	33504
20240114	33504	33509
20240114	33509	33512
20240114	33512	30543
20240114	30543	
20240114	33851	33850
20240114	33850	33853
20240114	33853	33852
20240114	33852	33855
20240114	33855	33854
20240114	33854	33857
20240114	33857	33856
20240114	33856	33859
20240114	33859	33858
20240114	33858	
20240114	39565	15504
20240114	15504	15505
20240114	15505	15500
20240114	15500	15501
20240114	15501	30532
20240114	30532	
20240114	33513	33514
20240114	33514	33519
20240114	33519	33520
20240114	33520	
20240114	33513	33514
20240114	33514	33519
20240114	33519	33520
20240114	33520	
20240114	30842	
20240114	30842	
20240114	36902	36986
20240114	36986	15056
20240114	15056	15070
20240114	15070	37665
20240114	37665	36982
20240114	36982	15914
20240114	15914	15918
20240114	15918	37617
20240114	37617	36928
20240114	36928	
20240114	36902	36986
20240114	36986	15056
20240114	15056	15070
20240114	15070	37665
20240114	37665	36982
20240114	36982	15914
20240114	15914	15918
20240114	15918	37617
20240114	37617	36928
20240114	36928	
20240114	37690	37642
20240114	37642	15012
20240114	15012	15018
20240114	15018	36953
20240114	36953	36968
20240114	36968	15088
20240114	15088	
20240114	37690	37642
20240114	37642	15012
20240114	15012	15018
20240114	15018	36953
20240114	36953	36968
20240114	36968	15088
20240114	15088	
20240114	37535	15068
20240114	15068	36963
20240114	36963	36980
20240114	36980	15910
20240114	15910	15092
20240114	15092	37675
20240114	37675	37636
20240114	37636	15006
20240114	15006	
20240114	37535	15068
20240114	15068	36963
20240114	36963	36980
20240114	36980	15910
20240114	15910	15092
20240114	15092	37675
20240114	37675	37636
20240114	37636	15006
20240114	15006	
20240114	15060	37647
20240114	37647	36978
20240114	36978	15908
20240114	15908	15090
20240114	15090	36973
20240114	36973	36926
20240114	36926	
20240114	15060	37647
20240114	37647	36978
20240114	36978	15908
20240114	15908	15090
20240114	15090	36973
20240114	36973	36926
20240114	36926	
20240114	15064	36967
20240114	36967	36950
20240114	36950	15078
20240114	15078	15072
20240114	15072	36969
20240114	36969	36954
20240114	36954	15922
20240114	15922	
20240114	15064	36967
20240114	36967	36950
20240114	36950	15078
20240114	15078	15072
20240114	15072	36969
20240114	36969	36954
20240114	36954	15922
20240114	15922	
20240114	37878	30501
20240114	30501	30506
20240114	30506	36971
20240114	36971	36974
20240114	36974	15098
20240114	15098	15074
20240114	15074	37671
20240114	37671	36984
20240114	36984	15916
20240114	15916	37575
20240114	37575	
20240114	37878	30503
20240114	30503	30508
20240114	30508	36971
20240114	36971	36974
20240114	36974	15098
20240114	15098	15074
20240114	15074	37671
20240114	37671	36984
20240114	36984	15916
20240114	15916	37575
20240114	37575	
20240114	30540	
20240114	30828	30835
20240114	30835	
20240114	30828	30835
20240114	30835	
20240114	37882	30527
20240114	30527	30522
20240114	30522	30529
20240114	30529	
20240114	30526	30521
20240114	30521	30524
20240114	30524	30515
20240114	30515	
20240114	30521	30521
20240114	30521	30524
20240114	30524	30524
20240114	30524	30515
20240114	30515	
20240114	30549	30548
20240114	30548	30525
20240114	30525	34632
20240114	34632	37997
20240114	37997	
20240114	30520	30523
20240114	30523	30534
20240114	30534	
20240114	30520	30505
20240114	30505	30512
20240114	30512	
20240114	37996	15631
20240114	15631	34622
20240114	34622	34625
20240114	34625	34626
20240114	34626	
20240114	34623	34630
20240114	34630	34635
20240114	34635	34624
20240114	34624	
20240114	30536	
20240114	34627	
20240115	37000	21601
20240115	21601	20601
20240115	20601	20606
20240115	20606	21606
20240115	21606	
20240115	37000	21601
20240115	21601	20601
20240115	20601	20606
20240115	20606	21606
20240115	21606	
20240115	21501	36003
20240115	36003	21008
20240115	21008	21526
20240115	21526	21827
20240115	21827	21327
20240115	21327	21433
20240115	21433	21832
20240115	21832	35065
20240115	35065	21550
20240115	21550	21635
20240115	21635	20635
20240115	20635	20640
20240115	20640	21640
20240115	21640	
20240115	21501	36003
20240115	36003	21008
20240115	21008	21526
20240115	21526	21827
20240115	21827	21327
20240115	21327	21433
20240115	21433	21832
20240115	21832	35065
20240115	35065	21550
20240115	21550	21635
20240115	21635	20635
20240115	20635	20640
20240115	20640	21640
20240115	21640	
20240115	21603	20603
20240115	20603	20608
20240115	20608	21608
20240115	21608	21615
20240115	21615	20615
20240115	20615	20620
20240115	20620	21620
20240115	21620	21549
20240115	21549	36037
20240115	36037	36040
20240115	36040	21634
20240115	21634	21645
20240115	21645	20645
20240115	20645	
20240115	21603	20603
20240115	20603	20608
20240115	20608	21608
20240115	21608	21615
20240115	21615	20615
20240115	20615	20620
20240115	20620	21620
20240115	21620	21549
20240115	21549	36037
20240115	36037	36040
20240115	36040	21634
20240115	21634	21645
20240115	21645	20645
20240115	20645	
20240115	35901	21708
20240115	21708	21725
20240115	21725	
20240115	35901	21708
20240115	21708	21725
20240115	21725	
20240115	39083	21710
20240115	21710	21727
20240115	21727	37186
20240115	37186	
20240115	39083	21710
20240115	21710	21727
20240115	21727	37186
20240115	37186	
20240115	35173	21319
20240115	21319	21425
20240115	21425	21824
20240115	21824	21747
20240115	21747	36027
20240115	36027	36028
20240115	36028	21552
20240115	21552	19931
20240115	19931	21764
20240115	21764	
20240115	35173	21319
20240115	21319	21425
20240115	21425	21824
20240115	21824	21747
20240115	21747	36027
20240115	36027	36028
20240115	36028	21552
20240115	21552	19931
20240115	19931	21764
20240115	21764	
20240115	21776	
20240115	21776	
20240115	35907	21716
20240115	21716	35991
20240115	35991	21730
20240115	21730	21839
20240115	21839	21339
20240115	21339	21445
20240115	21445	21844
20240115	21844	21771
20240115	21771	19930
20240115	19930	21569
20240115	21569	36049
20240115	36049	
20240115	35907	21716
20240115	21716	35991
20240115	35991	21730
20240115	21730	21839
20240115	21839	21339
20240115	21339	21445
20240115	21445	21844
20240115	21844	21771
20240115	21771	19930
20240115	19930	21569
20240115	21569	36049
20240115	36049	
20240115	21703	19900
20240115	19900	21609
20240115	21609	20609
20240115	20609	20614
20240115	20614	21614
20240115	21614	35917
20240115	35917	21542
20240115	21542	21631
20240115	21631	20631
20240115	20631	20636
20240115	20636	21636
20240115	21636	21573
20240115	21573	36053
20240115	36053	37082
20240115	37082	
20240115	21609	20609
20240115	20609	20614
20240115	20614	21614
20240115	21614	35917
20240115	35917	21542
20240115	21542	21631
20240115	21631	20631
20240115	20631	20636
20240115	20636	21636
20240115	21636	21573
20240115	21573	36053
20240115	36053	37082
20240115	37082	
20240115	21701	36001
20240115	36001	21006
20240115	21006	21714
20240115	21714	21825
20240115	21825	21325
20240115	21325	21431
20240115	21431	21830
20240115	21830	19919
20240115	19919	21746
20240115	21746	21853
20240115	21853	21353
20240115	21353	21459
20240115	21459	21858
20240115	21858	21787
20240115	21787	39005
20240115	39005	
20240115	21701	36001
20240115	36001	21006
20240115	21006	21714
20240115	21714	21825
20240115	21825	21325
20240115	21325	21431
20240115	21431	21830
20240115	21830	19919
20240115	19919	21746
20240115	21746	21853
20240115	21853	21353
20240115	21353	21459
20240115	21459	21858
20240115	21858	21787
20240115	21787	39005
20240115	39005	
20240115	21813	21313
20240115	21313	21419
20240115	21419	21818
20240115	21818	21741
20240115	21741	21732
20240115	21732	21841
20240115	21841	21341
20240115	21341	21447
20240115	21447	21846
20240115	21846	21773
20240115	21773	36041
20240115	36041	
20240115	21813	21313
20240115	21313	21419
20240115	21419	21818
20240115	21818	21741
20240115	21741	21732
20240115	21732	21841
20240115	21841	21341
20240115	21341	21447
20240115	21447	21846
20240115	21846	21773
20240115	21773	36041
20240115	36041	
20240115	35103	37092
20240115	37092	
20240115	35103	37092
20240115	37092	
20240115	35107	21912
20240115	21912	21849
20240115	21849	21349
20240115	21349	21455
20240115	21455	21854
20240115	21854	21783
20240115	21783	
20240115	35107	21912
20240115	21912	21849
20240115	21849	21349
20240115	21349	21455
20240115	21455	21854
20240115	21854	21783
20240115	21783	
20240115	37002	21503
20240115	21503	36005
20240115	36005	21010
20240115	21010	21718
20240115	21718	21737
20240115	21737	35912
20240115	35912	21535
20240115	21535	19918
20240115	19918	
20240115	37002	21503
20240115	21503	36005
20240115	36005	21010
20240115	21010	21718
20240115	21718	21737
20240115	21737	35912
20240115	35912	21535
20240115	21535	19918
20240115	19918	
20240115	37004	21605
20240115	21605	20605
20240115	20605	20610
20240115	20610	21610
20240115	21610	21625
20240115	21625	20625
20240115	20625	
20240115	37004	21605
20240115	21605	20605
20240115	20605	20610
20240115	20610	21610
20240115	21610	21625
20240115	21625	20625
20240115	20625	
20240115	21500	21509
20240115	21509	36009
20240115	36009	36014
20240115	36014	21530
20240115	21530	21617
20240115	21617	20617
20240115	20617	20622
20240115	20622	21622
20240115	21622	21633
20240115	21633	36039
20240115	36039	35806
20240115	35806	21772
20240115	21772	21875
20240115	21875	21375
20240115	21375	
20240115	21500	21509
20240115	21509	36009
20240115	36009	36014
20240115	36014	21530
20240115	21530	21617
20240115	21617	20617
20240115	20617	20622
20240115	20622	21622
20240115	21622	21633
20240115	21633	36039
20240115	36039	35806
20240115	35806	21772
20240115	21772	21875
20240115	21875	21375
20240115	21375	
20240115	37006	21505
20240115	21505	
20240115	37006	21505
20240115	21505	
20240115	39018	21811
20240115	21811	21311
20240115	21311	21417
20240115	21417	21816
20240115	21816	21833
20240115	21833	21333
20240115	21333	21439
20240115	21439	21838
20240115	21838	21763
20240115	21763	35926
20240115	35926	21641
20240115	21641	20641
20240115	20641	20644
20240115	20644	21644
20240115	21644	37001
20240115	37001	
20240115	39018	21811
20240115	21811	21311
20240115	21311	21417
20240115	21417	21816
20240115	21816	21833
20240115	21833	21333
20240115	21333	21439
20240115	21439	21838
20240115	21838	21763
20240115	21763	35926
20240115	35926	21641
20240115	21641	20641
20240115	20641	20644
20240115	20644	21644
20240115	21644	37001
20240115	37001	
20240115	21502	21511
20240115	21511	39168
20240115	39168	
20240115	21502	21511
20240115	21511	39168
20240115	39168	
20240115	21504	21607
20240115	21607	20607
20240115	20607	20612
20240115	20612	21612
20240115	21612	21533
20240115	21533	36025
20240115	36025	36030
20240115	36030	21558
20240115	21558	19933
20240115	19933	21768
20240115	21768	21873
20240115	21873	21373
20240115	21373	21479
20240115	21479	37021
20240115	37021	
20240115	21504	21607
20240115	21607	20607
20240115	20607	20612
20240115	20612	21612
20240115	21612	21533
20240115	21533	36025
20240115	36025	36030
20240115	36030	21558
20240115	21558	19933
20240115	19933	21768
20240115	21768	21873
20240115	21873	21373
20240115	21373	21479
20240115	21479	37021
20240115	37021	
20240115	37027	37022
20240115	37022	21305
20240115	21305	21411
20240115	21411	21810
20240115	21810	21733
20240115	21733	35910
20240115	35910	35913
20240115	35913	21734
20240115	21734	21753
20240115	21753	19920
20240115	19920	19925
20240115	19925	21754
20240115	21754	21861
20240115	21861	21361
20240115	21361	21467
20240115	21467	21866
20240115	21866	
20240115	37027	37022
20240115	37022	21305
20240115	21305	21411
20240115	21411	21810
20240115	21810	21733
20240115	21733	35910
20240115	35910	35913
20240115	35913	21734
20240115	21734	21753
20240115	21753	19920
20240115	19920	19925
20240115	19925	21754
20240115	21754	21861
20240115	21861	21361
20240115	21361	21467
20240115	21467	21866
20240115	21866	
20240115	39073	21512
20240115	21512	21821
20240115	21821	21321
20240115	21321	21427
20240115	21427	21826
20240115	21826	21843
20240115	21843	21343
20240115	21343	21449
20240115	21449	21848
20240115	21848	35993
20240115	35993	21766
20240115	21766	21871
20240115	21871	21371
20240115	21371	21477
20240115	21477	
20240115	39073	21512
20240115	21512	21821
20240115	21821	21321
20240115	21321	21427
20240115	21427	21826
20240115	21826	21843
20240115	21843	21343
20240115	21343	21449
20240115	21449	21848
20240115	21848	35993
20240115	35993	21766
20240115	21766	21871
20240115	21871	21371
20240115	21371	21477
20240115	21477	
20240115	21802	21719
20240115	21719	36011
20240115	36011	36018
20240115	36018	21534
20240115	21534	35181
20240115	35181	
20240115	21802	21719
20240115	21719	36011
20240115	36011	36018
20240115	36018	21534
20240115	21534	35181
20240115	35181	
20240115	37070	21506
20240115	21506	19905
20240115	19905	21740
20240115	21740	21847
20240115	21847	21347
20240115	21347	21453
20240115	21453	21852
20240115	21852	21869
20240115	21869	21369
20240115	21369	21475
20240115	21475	
20240115	37070	21506
20240115	21506	19905
20240115	19905	21740
20240115	21740	21847
20240115	21847	21347
20240115	21347	21453
20240115	21453	21852
20240115	21852	21869
20240115	21869	21369
20240115	21369	21475
20240115	21475	
20240115	39006	21800
20240115	21800	21815
20240115	21815	21315
20240115	21315	21421
20240115	21421	21820
20240115	21820	21837
20240115	21837	21337
20240115	21337	21443
20240115	21443	21842
20240115	21842	21767
20240115	21767	
20240115	39006	21800
20240115	21800	21815
20240115	21815	21315
20240115	21315	21421
20240115	21421	21820
20240115	21820	21837
20240115	21837	21337
20240115	21337	21443
20240115	21443	21842
20240115	21842	21767
20240115	21767	
20240115	37074	21508
20240115	21508	21513
20240115	21513	19906
20240115	19906	21529
20240115	21529	36021
20240115	36021	36022
20240115	36022	21540
20240115	21540	21629
20240115	21629	20629
20240115	20629	20632
20240115	20632	21632
20240115	21632	21571
20240115	21571	21051
20240115	21051	
20240115	37074	21508
20240115	21508	21513
20240115	21513	19906
20240115	19906	21529
20240115	21529	36021
20240115	36021	36022
20240115	36022	21540
20240115	21540	21629
20240115	21629	20629
20240115	20629	20632
20240115	20632	21632
20240115	21632	21571
20240115	21571	21051
20240115	21051	
20240115	39008	21704
20240115	21704	35105
20240115	35105	35122
20240115	35122	21851
20240115	21851	21351
20240115	21351	21457
20240115	21457	21856
20240115	21856	19937
20240115	19937	21574
20240115	21574	
20240115	39008	21704
20240115	21704	35105
20240115	35105	35122
20240115	35122	21851
20240115	21851	21351
20240115	21351	21457
20240115	21457	21856
20240115	21856	19937
20240115	19937	21574
20240115	21574	
20240115	21407	21806
20240115	21806	21729
20240115	21729	36017
20240115	36017	
20240115	21407	21806
20240115	21806	21729
20240115	21729	36017
20240115	36017	
20240115	37081	21000
20240115	21000	21516
20240115	21516	21909
20240115	21909	
20240115	37081	21000
20240115	21000	21516
20240115	21516	21909
20240115	21909	
20240115	21002	21520
20240115	21520	35909
20240115	35909	21720
20240115	21720	21739
20240115	21739	
20240115	21002	21520
20240115	21520	35909
20240115	35909	21720
20240115	21720	21739
20240115	21739	
20240115	37083	21004
20240115	21004	21522
20240115	21522	21623
20240115	21623	20623
20240115	20623	20628
20240115	20628	21628
20240115	21628	21563
20240115	21563	36047
20240115	36047	36046
20240115	36046	21576
20240115	21576	
20240115	37083	21004
20240115	21004	21522
20240115	21522	21623
20240115	21623	20623
20240115	20623	20628
20240115	20628	21628
20240115	21628	21563
20240115	21563	36047
20240115	36047	36046
20240115	36046	21576
20240115	21576	
20240115	35800	21808
20240115	21808	21823
20240115	21823	21323
20240115	21323	21429
20240115	21429	21828
20240115	21828	21845
20240115	21845	21345
20240115	21345	21451
20240115	21451	21850
20240115	21850	21777
20240115	21777	35934
20240115	35934	
20240115	35800	21808
20240115	21808	21823
20240115	21823	21323
20240115	21323	21429
20240115	21429	21828
20240115	21828	21845
20240115	21845	21345
20240115	21345	21451
20240115	21451	21850
20240115	21850	21777
20240115	21777	35934
20240115	35934	
20240115	35802	21524
20240115	21524	21613
20240115	21613	20613
20240115	20613	20618
20240115	20618	21618
20240115	21618	21545
20240115	21545	36035
20240115	36035	36036
20240115	36036	21568
20240115	21568	21643
20240115	21643	20643
20240115	20643	
20240115	35802	21524
20240115	21524	21613
20240115	21613	20613
20240115	20613	20618
20240115	20618	21618
20240115	21618	21545
20240115	21545	36035
20240115	36035	36036
20240115	36036	21568
20240115	21568	21643
20240115	21643	20643
20240115	20643	
20240115	20600	21600
20240115	21600	21611
20240115	21611	20611
20240115	20611	20616
20240115	20616	21616
20240115	21616	21539
20240115	21539	36031
20240115	36031	36042
20240115	36042	21638
20240115	21638	21575
20240115	21575	
20240115	20600	21600
20240115	21600	21611
20240115	21611	20611
20240115	20611	20616
20240115	20616	21616
20240115	21616	21539
20240115	21539	36031
20240115	36031	36042
20240115	36042	21638
20240115	21638	21575
20240115	21575	
20240115	20602	21602
20240115	21602	21527
20240115	21527	36019
20240115	36019	36020
20240115	36020	21536
20240115	21536	21541
20240115	21541	36033
20240115	36033	36032
20240115	36032	21562
20240115	21562	21565
20240115	21565	
20240115	20602	21602
20240115	21602	21527
20240115	21527	36019
20240115	36019	36020
20240115	36020	21536
20240115	21536	21541
20240115	21541	36033
20240115	36033	36032
20240115	36032	21562
20240115	21562	21565
20240115	21565	
20240115	20604	21604
20240115	21604	21621
20240115	21621	20621
20240115	20621	20626
20240115	20626	21626
20240115	21626	21639
20240115	21639	20639
20240115	20639	20642
20240115	20642	21642
20240115	21642	
20240115	20604	21604
20240115	21604	21621
20240115	21621	20621
20240115	20621	20626
20240115	20626	21626
20240115	21626	21639
20240115	21639	20639
20240115	20639	20642
20240115	20642	21642
20240115	21642	
20240115	21804	21723
20240115	21723	36015
20240115	36015	36016
20240115	36016	21532
20240115	21532	21619
20240115	21619	20619
20240115	20619	20624
20240115	20624	21624
20240115	21624	21637
20240115	21637	36043
20240115	36043	21044
20240115	21044	
20240115	21804	21723
20240115	21723	36015
20240115	36015	36016
20240115	36016	21532
20240115	21532	21619
20240115	21619	20619
20240115	20619	20624
20240115	20624	21624
20240115	21624	21637
20240115	21637	36043
20240115	36043	21044
20240115	21044	
20240115	21736	21627
20240115	21627	20627
20240115	20627	20630
20240115	20630	21630
20240115	21630	19935
20240115	19935	21774
20240115	21774	21877
20240115	21877	
20240115	21736	21627
20240115	21627	20627
20240115	20627	20630
20240115	20630	21630
20240115	21630	19935
20240115	19935	21774
20240115	21774	21877
20240115	21877	
20240115	21029	35804
20240115	35804	21556
20240115	21556	21859
20240115	21859	21359
20240115	21359	21465
20240115	21465	21864
20240115	21864	21793
20240115	21793	
20240115	21029	35804
20240115	35804	21556
20240115	21556	21859
20240115	21859	21359
20240115	21359	21465
20240115	21465	21864
20240115	21864	21793
20240115	21793	
20240115	19932	
20240115	37085	37080
20240115	37080	
20240115	37020	21301
20240115	21301	21201
20240115	21201	21110
20240115	21110	21215
20240115	21215	21124
20240115	21124	21229
20240115	21229	21138
20240115	21138	21243
20240115	21243	21152
20240115	21152	21257
20240115	21257	21164
20240115	21164	21269
20240115	21269	
20240115	37020	21301
20240115	21301	21201
20240115	21201	21110
20240115	21110	21215
20240115	21215	21124
20240115	21124	21229
20240115	21229	21138
20240115	21138	21243
20240115	21243	21152
20240115	21152	21257
20240115	21257	21164
20240115	21164	21269
20240115	21269	
20240115	21103	21307
20240115	21307	21413
20240115	21413	21812
20240115	21812	21829
20240115	21829	21329
20240115	21329	21435
20240115	21435	21834
20240115	21834	21759
20240115	21759	35130
20240115	35130	35073
20240115	35073	21760
20240115	21760	21865
20240115	21865	21365
20240115	21365	21471
20240115	21471	21870
20240115	21870	
20240115	21103	21307
20240115	21307	21413
20240115	21413	21812
20240115	21812	21829
20240115	21829	21329
20240115	21329	21435
20240115	21435	21834
20240115	21834	21759
20240115	21759	35130
20240115	35130	35073
20240115	35073	21760
20240115	21760	21865
20240115	21865	21365
20240115	21365	21471
20240115	21471	21870
20240115	21870	
20240115	21303	35409
20240115	35409	35108
20240115	35108	21731
20240115	21731	39080
20240115	39080	
20240115	21303	35409
20240115	35409	35108
20240115	35108	21731
20240115	21731	39080
20240115	39080	
20240115	21514	21519
20240115	21519	19908
20240115	19908	21531
20240115	21531	36023
20240115	36023	36024
20240115	36024	21546
20240115	21546	21551
20240115	21551	21758
20240115	21758	21863
20240115	21863	21363
20240115	21363	21469
20240115	21469	21868
20240115	21868	
20240115	21514	21519
20240115	21519	19908
20240115	19908	21531
20240115	21531	36023
20240115	36023	36024
20240115	36024	21546
20240115	21546	21551
20240115	21551	21758
20240115	21758	21863
20240115	21863	21363
20240115	21363	21469
20240115	21469	21868
20240115	21868	
20240115	21809	21309
20240115	21309	21415
20240115	21415	21814
20240115	21814	21831
20240115	21831	21331
20240115	21331	21437
20240115	21437	21836
20240115	21836	21761
20240115	21761	39084
20240115	39084	
20240115	21809	21309
20240115	21309	21415
20240115	21415	21814
20240115	21814	21831
20240115	21831	21331
20240115	21331	21437
20240115	21437	21836
20240115	21836	21761
20240115	21761	39084
20240115	39084	
20240115	21817	21317
20240115	21317	21423
20240115	21423	21822
20240115	21822	21745
20240115	21745	35916
20240115	35916	19921
20240115	19921	21750
20240115	21750	21857
20240115	21857	21357
20240115	21357	21463
20240115	21463	21862
20240115	21862	21791
20240115	21791	39163
20240115	39163	
20240115	21817	21317
20240115	21317	21423
20240115	21423	21822
20240115	21822	21745
20240115	21745	35916
20240115	35916	19921
20240115	19921	21750
20240115	21750	21857
20240115	21857	21357
20240115	21357	21463
20240115	21463	21862
20240115	21862	21791
20240115	21791	39163
20240115	39163	
20240115	21517	35054
20240115	35054	21735
20240115	21735	35062
20240115	35062	21835
20240115	21835	21335
20240115	21335	21441
20240115	21441	21840
20240115	21840	21855
20240115	21855	21355
20240115	21355	21461
20240115	21461	21860
20240115	21860	21789
20240115	21789	
20240115	21517	35054
20240115	35054	21735
20240115	21735	35062
20240115	35062	21835
20240115	21835	21335
20240115	21335	21441
20240115	21441	21840
20240115	21840	21855
20240115	21855	21355
20240115	21355	21461
20240115	21461	21860
20240115	21860	21789
20240115	21789	
20240115	19922	35929
20240115	35929	21762
20240115	21762	21867
20240115	21867	21367
20240115	21367	21473
20240115	21473	21872
20240115	21872	37067
20240115	37067	
20240115	19922	35929
20240115	35929	21762
20240115	21762	21867
20240115	21867	21367
20240115	21367	21473
20240115	21473	21872
20240115	21872	37067
20240115	37067	
20240115	39007	21108
20240115	21108	21213
20240115	21213	21122
20240115	21122	21227
20240115	21227	21136
20240115	21136	21241
20240115	21241	21150
20240115	21150	21255
20240115	21255	21162
20240115	21162	21267
20240115	21267	
20240115	39007	21108
20240115	21108	21213
20240115	21213	21122
20240115	21122	21227
20240115	21227	21136
20240115	21136	21241
20240115	21241	21150
20240115	21150	21255
20240115	21255	21162
20240115	21162	21267
20240115	21267	
20240115	37090	21104
20240115	21104	21209
20240115	21209	21118
20240115	21118	21223
20240115	21223	21132
20240115	21132	21237
20240115	21237	21146
20240115	21146	21251
20240115	21251	21160
20240115	21160	21265
20240115	21265	21172
20240115	21172	
20240115	37090	21104
20240115	21104	21209
20240115	21209	21118
20240115	21118	21223
20240115	21223	21132
20240115	21132	21237
20240115	21237	21146
20240115	21146	21251
20240115	21251	21160
20240115	21160	21265
20240115	21265	21172
20240115	21172	
20240115	21100	21207
20240115	21207	21116
20240115	21116	21221
20240115	21221	21130
20240115	21130	21235
20240115	21235	21144
20240115	21144	21249
20240115	21249	21158
20240115	21158	21263
20240115	21263	21170
20240115	21170	39013
20240115	39013	
20240115	21100	21207
20240115	21207	21116
20240115	21116	21221
20240115	21221	21130
20240115	21130	21235
20240115	21235	21144
20240115	21144	21249
20240115	21249	21158
20240115	21158	21263
20240115	21263	21170
20240115	21170	39013
20240115	39013	
20240115	21106	21211
20240115	21211	21120
20240115	21120	21225
20240115	21225	21134
20240115	21134	21239
20240115	21239	21148
20240115	21148	21253
20240115	21253	37088
20240115	37088	
20240115	21106	21211
20240115	21211	21120
20240115	21120	21225
20240115	21225	21134
20240115	21134	21239
20240115	21239	21148
20240115	21148	21253
20240115	21253	37088
20240115	37088	
20240115	21205	21114
20240115	21114	21219
20240115	21219	21128
20240115	21128	21233
20240115	21233	21142
20240115	21142	21247
20240115	21247	21156
20240115	21156	21261
20240115	21261	21168
20240115	21168	
20240115	21205	21114
20240115	21114	21219
20240115	21219	21128
20240115	21128	21233
20240115	21233	21142
20240115	21142	21247
20240115	21247	21156
20240115	21156	21261
20240115	21261	21168
20240115	21168	
20240115	21203	21112
20240115	21112	21217
20240115	21217	21126
20240115	21126	21231
20240115	21231	21140
20240115	21140	21245
20240115	21245	21154
20240115	21154	21259
20240115	21259	21166
20240115	21166	
20240115	21203	21112
20240115	21112	21217
20240115	21217	21126
20240115	21126	21231
20240115	21231	21140
20240115	21140	21245
20240115	21245	21154
20240115	21154	21259
20240115	21259	21166
20240115	21166	
20240115	21184	21280
20240115	21280	
20240115	21182	21282
20240115	21282	
20240115	20001	20008
20240115	20008	20009
20240115	20009	20108
20240115	20108	
20240115	20001	20008
20240115	20008	20009
20240115	20009	20108
20240115	20108	
20240115	20103	20100
20240115	20100	20113
20240115	20113	20018
20240115	20018	20017
20240115	20017	20026
20240115	20026	20125
20240115	20125	20034
20240115	20034	20031
20240115	20031	20128
20240115	20128	35035
20240115	35035	20050
20240115	20050	20051
20240115	20051	
20240115	20103	20100
20240115	20100	20113
20240115	20113	20018
20240115	20018	20017
20240115	20017	20026
20240115	20026	20125
20240115	20125	20034
20240115	20034	20031
20240115	20031	20128
20240115	20128	35035
20240115	35035	20050
20240115	20050	20051
20240115	20051	
20240115	20003	20102
20240115	20102	20115
20240115	20115	20020
20240115	20020	20121
20240115	20121	20118
20240115	20118	20127
20240115	20127	20036
20240115	20036	20035
20240115	20035	20046
20240115	20046	20041
20240115	20041	20136
20240115	20136	20053
20240115	20053	20062
20240115	20062	20153
20240115	20153	
20240115	20003	20102
20240115	20102	20115
20240115	20115	20020
20240115	20020	20121
20240115	20121	20118
20240115	20118	20127
20240115	20127	20036
20240115	20036	20035
20240115	20035	20046
20240115	20046	20041
20240115	20041	20136
20240115	20136	20053
20240115	20053	20062
20240115	20062	20153
20240115	20153	
20240115	20109	20014
20240115	20014	20015
20240115	20015	20024
20240115	20024	20021
20240115	20021	20030
20240115	20030	20029
20240115	20029	20126
20240115	20126	20045
20240115	20045	20140
20240115	20140	20151
20240115	20151	20146
20240115	20146	39071
20240115	39071	
20240115	20109	20014
20240115	20014	20015
20240115	20015	20024
20240115	20024	20021
20240115	20021	20030
20240115	20030	20029
20240115	20029	20126
20240115	20126	20045
20240115	20045	20140
20240115	20140	20151
20240115	20151	20146
20240115	20146	
20240115	20007	20172
20240115	20172	20047
20240115	20047	20058
20240115	20058	35037
20240115	35037	
20240115	20007	20172
20240115	20172	20047
20240115	20047	20058
20240115	20058	35037
20240115	35037	
20240115	20173	20437
20240115	20437	39000
20240115	39000	20174
20240115	20174	
20240115	20173	20437
20240115	20437	39000
20240115	39000	20174
20240115	20174	
20240115	20011	20040
20240115	20040	20037
20240115	20037	35032
20240115	35032	20043
20240115	20043	20138
20240115	20138	20055
20240115	20055	
20240115	20011	20040
20240115	20040	20037
20240115	20037	35032
20240115	35032	20043
20240115	20043	20138
20240115	20138	20055
20240115	20055	
20240115	37040	20105
20240115	20105	20010
20240115	20010	20175
20240115	20175	20170
20240115	20170	
20240115	20105	20010
20240115	20010	20175
20240115	20175	20170
20240115	20170	
20240115	20000	20107
20240115	20107	20012
20240115	20012	20013
20240115	20013	20114
20240115	20114	20123
20240115	20123	20120
20240115	20120	20131
20240115	20131	20042
20240115	20042	20137
20240115	20137	20132
20240115	20132	20145
20240115	20145	20056
20240115	20056	
20240115	20000	20107
20240115	20107	20012
20240115	20012	20013
20240115	20013	20114
20240115	20114	20123
20240115	20123	20120
20240115	20120	20131
20240115	20131	20042
20240115	20042	20137
20240115	20137	20132
20240115	20132	20145
20240115	20145	20056
20240115	20056	
20240115	20002	20005
20240115	20005	20104
20240115	20104	20117
20240115	20117	20022
20240115	20022	20019
20240115	20019	20028
20240115	20028	20027
20240115	20027	20124
20240115	20124	35033
20240115	35033	20048
20240115	20048	20143
20240115	20143	20054
20240115	20054	20057
20240115	20057	20064
20240115	20064	20063
20240115	20063	
20240115	20002	20005
20240115	20005	20104
20240115	20104	20117
20240115	20117	20022
20240115	20022	20019
20240115	20019	20028
20240115	20028	20027
20240115	20027	20124
20240115	20124	35033
20240115	35033	20048
20240115	20048	20143
20240115	20143	20054
20240115	20054	20057
20240115	20057	20064
20240115	20064	20063
20240115	20063	
20240115	20004	20171
20240115	20171	20106
20240115	20106	20025
20240115	20025	20038
20240115	20038	20135
20240115	20135	20130
20240115	20130	20141
20240115	20141	20052
20240115	20052	20149
20240115	20149	20144
20240115	20144	20061
20240115	20061	
20240115	20004	20171
20240115	20171	20106
20240115	20106	20025
20240115	20025	20038
20240115	20038	20135
20240115	20135	20130
20240115	20130	20141
20240115	20141	20052
20240115	20052	20149
20240115	20149	20144
20240115	20144	20061
20240115	20061	
20240115	20006	20111
20240115	20111	20016
20240115	20016	20119
20240115	20119	20116
20240115	20116	20023
20240115	20023	20032
20240115	20032	20133
20240115	20133	20044
20240115	20044	20039
20240115	20039	20134
20240115	20134	20147
20240115	20147	20142
20240115	20142	20059
20240115	20059	20066
20240115	20066	
20240115	20006	20111
20240115	20111	20016
20240115	20016	20119
20240115	20119	20116
20240115	20116	20023
20240115	20023	20032
20240115	20032	20133
20240115	20133	20044
20240115	20044	20039
20240115	20039	20134
20240115	20134	20147
20240115	20147	20142
20240115	20142	20059
20240115	20059	20066
20240115	20066	
20240115	20176	
20240115	20176	
20240115	20060	
20240115	20060	
20240115	20122	20033
20240115	20033	
20240115	20122	20033
20240115	20033	
20240115	37046	20405
20240115	20405	20410
20240115	20410	20435
20240115	20435	20438
20240115	20438	20255
20240115	20255	20268
20240115	20268	20269
20240115	20269	20282
20240115	20282	20489
20240115	20489	20486
20240115	20486	20507
20240115	20507	20506
20240115	20506	20529
20240115	20529	20526
20240115	20526	39126
20240115	39126	
20240115	37046	20405
20240115	20405	20410
20240115	20410	20435
20240115	20435	20438
20240115	20438	20255
20240115	20255	20268
20240115	20268	20269
20240115	20269	20282
20240115	20282	20489
20240115	20489	20486
20240115	20486	20507
20240115	20507	20506
20240115	20506	20529
20240115	20529	20526
20240115	20526	39126
20240115	39126	
20240115	20202	35411
20240115	35411	20418
20240115	20418	20445
20240115	20445	20444
20240115	20444	20465
20240115	20465	20462
20240115	20462	20481
20240115	20481	20482
20240115	20482	20501
20240115	20501	20500
20240115	20500	20317
20240115	20317	
20240115	20202	35411
20240115	35411	20418
20240115	20418	20445
20240115	20445	20444
20240115	20444	20465
20240115	20465	20462
20240115	20462	20481
20240115	20481	20482
20240115	20482	20501
20240115	20501	20500
20240115	20500	20317
20240115	20317	
20240115	20205	20220
20240115	20220	20227
20240115	20227	20244
20240115	20244	
20240115	20205	20220
20240115	20220	20227
20240115	20227	20244
20240115	20244	
20240115	20209	20224
20240115	20224	20231
20240115	20231	20248
20240115	20248	20457
20240115	20457	20454
20240115	20454	20473
20240115	20473	20470
20240115	20470	20285
20240115	20285	20298
20240115	20298	20505
20240115	20505	
20240115	20209	20224
20240115	20224	20231
20240115	20231	20248
20240115	20248	20457
20240115	20457	20454
20240115	20454	20473
20240115	20473	20470
20240115	20470	20285
20240115	20285	20298
20240115	20298	20505
20240115	20505	
20240115	20409	20416
20240115	20416	20443
20240115	20443	20442
20240115	20442	20259
20240115	20259	20272
20240115	20272	20273
20240115	20273	20288
20240115	20288	20289
20240115	20289	20302
20240115	20302	20305
20240115	20305	20320
20240115	20320	20321
20240115	20321	20338
20240115	20338	35335
20240115	35335	20350
20240115	20350	
20240115	20409	20416
20240115	20416	20443
20240115	20443	20442
20240115	20442	20259
20240115	20259	20272
20240115	20272	20273
20240115	20273	20288
20240115	20288	20289
20240115	20289	20302
20240115	20302	20305
20240115	20305	20320
20240115	20320	20321
20240115	20321	20338
20240115	20338	35335
20240115	35335	20350
20240115	20350	
20240115	37052	20211
20240115	20211	20228
20240115	20228	20235
20240115	20235	20252
20240115	20252	39053
20240115	39053	
20240115	37052	20211
20240115	20211	20228
20240115	20228	20235
20240115	20235	20252
20240115	20252	39053
20240115	39053	
20240115	37054	20415
20240115	20415	20420
20240115	20420	20447
20240115	20447	39002
20240115	39002	
20240115	37054	20415
20240115	20415	20420
20240115	20420	20447
20240115	20447	39002
20240115	39002	
20240115	20204	20215
20240115	20215	20232
20240115	20232	20239
20240115	20239	20256
20240115	20256	20463
20240115	20463	20460
20240115	20460	20479
20240115	20479	20480
20240115	20480	20293
20240115	20293	20308
20240115	20308	20313
20240115	20313	20328
20240115	20328	20535
20240115	20535	20532
20240115	20532	
20240115	20204	20215
20240115	20215	20232
20240115	20232	20239
20240115	20239	20256
20240115	20256	20463
20240115	20463	20460
20240115	20460	20479
20240115	20479	20480
20240115	20480	20293
20240115	20293	20308
20240115	20308	20313
20240115	20313	20328
20240115	20328	20535
20240115	20535	20532
20240115	20532	
20240115	20206	20217
20240115	20217	20234
20240115	20234	20241
20240115	20241	20258
20240115	20258	
20240115	20206	20217
20240115	20217	20234
20240115	20234	20241
20240115	20241	20258
20240115	20258	
20240115	49060	37060
20240115	37060	20208
20240115	20208	20419
20240115	20419	20424
20240115	20424	20451
20240115	20451	
20240115	49060	37060
20240115	37060	20208
20240115	20208	20419
20240115	20419	20424
20240115	20424	20451
20240115	20451	
20240115	20210	20219
20240115	20219	20236
20240115	20236	20243
20240115	20243	20260
20240115	20260	20261
20240115	20261	20274
20240115	20274	20275
20240115	20275	35144
20240115	35144	35143
20240115	35143	35146
20240115	35146	20311
20240115	20311	20326
20240115	20326	20327
20240115	20327	20342
20240115	20342	39050
20240115	39050	
20240115	20210	20219
20240115	20219	20236
20240115	20236	20243
20240115	20243	20260
20240115	20260	20261
20240115	20261	20274
20240115	20274	20275
20240115	20275	35144
20240115	35144	35143
20240115	35143	35146
20240115	35146	20311
20240115	20311	20326
20240115	20326	20327
20240115	20327	20342
20240115	20342	39050
20240115	39050	
20240115	20212	20421
20240115	20421	20426
20240115	20426	20453
20240115	20453	20450
20240115	20450	20469
20240115	20469	20466
20240115	20466	20281
20240115	20281	20296
20240115	20296	20297
20240115	20297	20314
20240115	20314	20525
20240115	20525	20522
20240115	20522	20333
20240115	20333	20348
20240115	20348	
20240115	20212	20421
20240115	20421	20426
20240115	20426	20453
20240115	20453	20450
20240115	20450	20469
20240115	20469	20466
20240115	20466	20281
20240115	20281	20296
20240115	20296	20297
20240115	20297	20314
20240115	20314	20525
20240115	20525	20522
20240115	20522	20333
20240115	20333	20348
20240115	20348	
20240115	20201	20214
20240115	20214	20221
20240115	20221	20238
20240115	20238	20245
20240115	20245	
20240115	20201	20214
20240115	20214	20221
20240115	20221	20238
20240115	20238	20245
20240115	20245	
20240115	39129	20401
20240115	20401	20400
20240115	20400	20423
20240115	20423	20428
20240115	20428	20455
20240115	20455	20452
20240115	20452	20471
20240115	20471	20468
20240115	20468	20283
20240115	20283	35154
20240115	35154	20499
20240115	20499	20498
20240115	20498	20315
20240115	20315	20330
20240115	20330	20537
20240115	20537	20534
20240115	20534	
20240115	39129	20401
20240115	20401	20400
20240115	20400	20423
20240115	20423	20428
20240115	20428	20455
20240115	20455	20452
20240115	20452	20471
20240115	20471	20468
20240115	20468	20283
20240115	20283	35154
20240115	35154	20499
20240115	20499	20498
20240115	20498	20315
20240115	20315	20330
20240115	20330	20537
20240115	20537	20534
20240115	20534	
20240115	49030	39030
20240115	39030	20216
20240115	20216	20223
20240115	20223	20240
20240115	20240	20247
20240115	20247	
20240115	49030	39030
20240115	39030	20216
20240115	20216	20223
20240115	20223	20240
20240115	20240	20247
20240115	20247	
20240115	20218	20225
20240115	20225	20242
20240115	20242	20249
20240115	20249	20262
20240115	20262	20263
20240115	20263	20276
20240115	20276	20277
20240115	20277	20292
20240115	20292	20497
20240115	20497	20496
20240115	20496	20517
20240115	20517	20516
20240115	20516	20329
20240115	20329	20344
20240115	20344	
20240115	20218	20225
20240115	20225	20242
20240115	20242	20249
20240115	20249	20262
20240115	20262	20263
20240115	20263	20276
20240115	20276	20277
20240115	20277	20292
20240115	20292	20497
20240115	20497	20496
20240115	20496	20517
20240115	20517	20516
20240115	20516	20329
20240115	20329	20344
20240115	20344	
20240115	20402	20425
20240115	20425	20430
20240115	20430	35155
20240115	35155	
20240115	20402	20425
20240115	20425	20430
20240115	20430	35155
20240115	35155	
20240115	20404	20427
20240115	20427	20432
20240115	20432	
20240115	20404	20427
20240115	20427	20432
20240115	20432	
20240115	20472	35157
20240115	35157	35156
20240115	35156	20301
20240115	20301	20316
20240115	20316	20527
20240115	20527	20524
20240115	20524	39055
20240115	39055	
20240115	20472	35157
20240115	35157	35156
20240115	35156	20301
20240115	20301	20316
20240115	20316	20527
20240115	20527	20524
20240115	20524	39055
20240115	39055	
20240115	20403	20406
20240115	20406	20431
20240115	20431	20434
20240115	20434	20253
20240115	20253	20266
20240115	20266	20267
20240115	20267	20280
20240115	20280	20487
20240115	20487	20492
20240115	20492	20513
20240115	20513	20512
20240115	20512	20533
20240115	20533	20530
20240115	20530	20549
20240115	20549	
20240115	20403	20406
20240115	20406	20431
20240115	20431	20434
20240115	20434	20253
20240115	20253	20266
20240115	20266	20267
20240115	20267	20280
20240115	20280	20487
20240115	20487	20492
20240115	20492	20513
20240115	20513	20512
20240115	20512	20533
20240115	20533	20530
20240115	20530	20549
20240115	20549	
20240115	20207	20222
20240115	20222	20229
20240115	20229	20246
20240115	20246	20251
20240115	20251	20264
20240115	20264	20265
20240115	20265	20278
20240115	20278	20485
20240115	20485	20484
20240115	20484	20503
20240115	20503	20502
20240115	20502	35147
20240115	35147	20334
20240115	20334	20539
20240115	20539	20536
20240115	20536	
20240115	20207	20222
20240115	20222	20229
20240115	20229	20246
20240115	20246	20251
20240115	20251	20264
20240115	20264	20265
20240115	20265	20278
20240115	20278	20485
20240115	20485	20484
20240115	20484	20503
20240115	20503	20502
20240115	20502	35147
20240115	35147	20334
20240115	20334	20539
20240115	20539	20536
20240115	20536	
20240115	20226	20233
20240115	20233	20250
20240115	20250	20459
20240115	20459	20456
20240115	20456	20475
20240115	20475	20474
20240115	20474	20493
20240115	20493	20490
20240115	20490	20511
20240115	20511	20510
20240115	20510	20323
20240115	20323	
20240115	20226	20233
20240115	20233	20250
20240115	20250	20459
20240115	20459	20456
20240115	20456	20475
20240115	20475	20474
20240115	20474	20493
20240115	20493	20490
20240115	20490	20511
20240115	20511	20510
20240115	20510	20323
20240115	20323	
20240115	20407	20412
20240115	20412	20439
20240115	20439	20440
20240115	20440	20257
20240115	20257	20270
20240115	20270	20271
20240115	20271	20286
20240115	20286	20287
20240115	20287	20300
20240115	20300	20303
20240115	20303	20318
20240115	20318	20319
20240115	20319	20336
20240115	20336	20541
20240115	20541	20538
20240115	20538	
20240115	20407	20412
20240115	20412	20439
20240115	20439	20440
20240115	20440	20257
20240115	20257	20270
20240115	20270	20271
20240115	20271	20286
20240115	20286	20287
20240115	20287	20300
20240115	20300	20303
20240115	20303	20318
20240115	20318	20319
20240115	20319	20336
20240115	20336	20541
20240115	20541	20538
20240115	20538	
20240115	20408	20433
20240115	20433	20436
20240115	20436	39047
20240115	39047	49047
20240115	49047	
20240115	20408	20433
20240115	20433	20436
20240115	20436	39047
20240115	39047	49047
20240115	49047	
20240115	39029	20414
20240115	20414	20441
20240115	20441	
20240115	39029	20414
20240115	20414	20441
20240115	20441	
20240115	39045	20213
20240115	20213	20230
20240115	20230	20237
20240115	20237	20254
20240115	20254	20461
20240115	20461	20458
20240115	20458	20477
20240115	20477	20476
20240115	20476	20295
20240115	20295	20312
20240115	20312	20521
20240115	20521	20520
20240115	20520	
20240115	39045	20213
20240115	20213	20230
20240115	20230	20237
20240115	20237	20254
20240115	20254	20461
20240115	20461	20458
20240115	20458	20477
20240115	20477	20476
20240115	20476	20295
20240115	20295	20312
20240115	20312	20521
20240115	20521	20520
20240115	20520	
20240115	37047	20417
20240115	20417	20422
20240115	20422	20449
20240115	20449	20448
20240115	20448	20467
20240115	20467	20464
20240115	20464	20279
20240115	20279	20294
20240115	20294	35145
20240115	35145	20310
20240115	20310	20519
20240115	20519	20518
20240115	20518	20331
20240115	20331	20346
20240115	20346	
20240115	37047	20417
20240115	20417	20422
20240115	20422	20449
20240115	20449	20448
20240115	20448	20467
20240115	20467	20464
20240115	20464	20279
20240115	20279	20294
20240115	20294	35145
20240115	35145	20310
20240115	20310	20519
20240115	20519	20518
20240115	20518	20331
20240115	20331	20346
20240115	20346	
20240115	20284	20491
20240115	20491	20488
20240115	20488	20509
20240115	20509	20508
20240115	20508	20531
20240115	20531	20528
20240115	20528	20547
20240115	20547	
20240115	20284	20491
20240115	20491	20488
20240115	20488	20509
20240115	20509	20508
20240115	20508	20531
20240115	20531	20528
20240115	20528	20547
20240115	20547	
20240115	20290	20495
20240115	20495	20494
20240115	20494	20515
20240115	20515	
20240115	20290	20495
20240115	20495	20494
20240115	20494	20515
20240115	20515	
20240115	20478	20291
20240115	20291	20304
20240115	20304	20309
20240115	20309	20324
20240115	20324	20325
20240115	20325	20340
20240115	20340	35545
20240115	35545	
20240115	20478	20291
20240115	20291	20304
20240115	20304	20309
20240115	20309	20324
20240115	20324	20325
20240115	20325	20340
20240115	20340	35545
20240115	35545	
20240115	49501	19501
20240115	19501	19504
20240115	19504	19523
20240115	19523	20732
20240115	20732	20747
20240115	20747	20794
20240115	20794	20809
20240115	20809	20872
20240115	20872	20885
20240115	20885	19748
20240115	19748	49748
20240115	49748	
20240115	49501	19501
20240115	19501	19504
20240115	19504	19523
20240115	19523	20732
20240115	20732	20747
20240115	20747	20794
20240115	20794	20809
20240115	20809	20872
20240115	20872	20885
20240115	20885	19748
20240115	19748	49748
20240115	49748	
20240115	49503	19503
20240115	19503	20704
20240115	20704	20723
20240115	20723	19566
20240115	19566	49566
20240115	49566	49621
20240115	49621	19621
20240115	19621	19636
20240115	19636	49636
20240115	49636	49717
20240115	49717	19717
20240115	19717	20892
20240115	20892	20899
20240115	20899	19764
20240115	19764	19759
20240115	19759	
20240115	49503	19503
20240115	19503	20704
20240115	20704	20723
20240115	20723	19566
20240115	19566	49566
20240115	49566	49621
20240115	49621	19621
20240115	19621	19636
20240115	19636	49636
20240115	49636	49717
20240115	49717	19717
20240115	19717	20892
20240115	20892	20899
20240115	20899	19764
20240115	19764	19759
20240115	19759	
20240115	49505	19505
20240115	19505	19522
20240115	19522	19559
20240115	19559	20758
20240115	20758	20771
20240115	20771	20774
20240115	20774	20783
20240115	20783	20786
20240115	20786	20797
20240115	20797	19642
20240115	19642	19663
20240115	19663	20842
20240115	20842	20851
20240115	20851	19712
20240115	19712	19729
20240115	19729	19750
20240115	19750	19751
20240115	19751	
20240115	49505	19505
20240115	19505	19522
20240115	19522	19559
20240115	19559	20758
20240115	20758	20771
20240115	20771	20774
20240115	20774	20783
20240115	20783	20786
20240115	20786	20797
20240115	20797	19642
20240115	19642	19663
20240115	19663	20842
20240115	20842	20851
20240115	20851	19712
20240115	19712	19729
20240115	19729	19750
20240115	19750	19751
20240115	19751	
20240115	49509	19509
20240115	19509	20712
20240115	20712	20731
20240115	20731	20762
20240115	20762	20773
20240115	20773	20776
20240115	20776	20785
20240115	20785	19608
20240115	19608	49608
20240115	49608	49635
20240115	49635	19635
20240115	19635	20824
20240115	20824	20829
20240115	20829	19682
20240115	19682	19699
20240115	19699	20878
20240115	20878	20891
20240115	20891	19754
20240115	19754	49754
20240115	49754	49755
20240115	49755	19755
20240115	19755	
20240115	49509	19509
20240115	19509	20712
20240115	20712	20731
20240115	20731	20762
20240115	20762	20773
20240115	20773	20776
20240115	20776	20785
20240115	20785	19608
20240115	19608	49608
20240115	49608	49635
20240115	49635	19635
20240115	19635	20824
20240115	20824	20829
20240115	20829	19682
20240115	19682	19699
20240115	19699	20878
20240115	20878	20891
20240115	20891	19754
20240115	19754	49754
20240115	49754	49755
20240115	49755	19755
20240115	19755	
20240115	49515	19515
20240115	19515	19532
20240115	19532	19569
20240115	19569	20766
20240115	20766	20775
20240115	20775	20778
20240115	20778	20787
20240115	20787	19612
20240115	19612	19641
20240115	19641	19660
20240115	19660	19675
20240115	19675	20854
20240115	20854	20867
20240115	20867	19732
20240115	19732	19741
20240115	19741	19760
20240115	19760	49800
20240115	49800	
20240115	49515	19515
20240115	19515	19532
20240115	19532	19569
20240115	19569	20766
20240115	20766	20775
20240115	20775	20778
20240115	20778	20787
20240115	20787	19612
20240115	19612	19641
20240115	19641	19660
20240115	19660	19675
20240115	19675	20854
20240115	20854	20867
20240115	20867	19732
20240115	19732	19741
20240115	19741	19760
20240115	19760	49800
20240115	49800	
20240115	49525	19525
20240115	19525	20734
20240115	20734	20753
20240115	20753	19620
20240115	19620	19645
20240115	19645	20832
20240115	20832	20839
20240115	20839	19694
20240115	19694	19713
20240115	19713	20890
20240115	20890	20897
20240115	20897	
20240115	49525	19525
20240115	19525	20734
20240115	20734	20753
20240115	20753	19620
20240115	19620	19645
20240115	19645	20832
20240115	20832	20839
20240115	20839	19694
20240115	19694	19713
20240115	19713	20890
20240115	20890	20897
20240115	20897	
20240115	49531	19531
20240115	19531	20742
20240115	20742	20759
20240115	20759	20770
20240115	20770	20779
20240115	20779	20782
20240115	20782	20791
20240115	20791	20806
20240115	20806	20821
20240115	20821	20836
20240115	20836	20843
20240115	20843	19698
20240115	19698	19721
20240115	19721	20896
20240115	20896	20901
20240115	20901	19768
20240115	19768	37103
20240115	37103	
20240115	49531	19531
20240115	19531	20742
20240115	20742	20759
20240115	20759	20770
20240115	20770	20779
20240115	20779	20782
20240115	20782	20791
20240115	20791	20806
20240115	20806	20821
20240115	20821	20836
20240115	20836	20843
20240115	20843	19698
20240115	19698	19721
20240115	19721	20896
20240115	20896	20901
20240115	20901	19768
20240115	19768	37103
20240115	37103	
20240115	49543	19543
20240115	19543	20750
20240115	20750	20765
20240115	20765	19590
20240115	19590	19605
20240115	19605	19604
20240115	19604	19629
20240115	19629	20818
20240115	20818	20827
20240115	20827	19676
20240115	19676	19695
20240115	19695	20876
20240115	20876	20889
20240115	20889	
20240115	49543	19543
20240115	19543	20750
20240115	20750	20765
20240115	20765	19590
20240115	19590	19605
20240115	19605	19604
20240115	19604	19629
20240115	19629	20818
20240115	20818	20827
20240115	20827	19676
20240115	19676	19695
20240115	19695	20876
20240115	20876	20889
20240115	20889	
20240115	49557	19557
20240115	19557	20754
20240115	20754	20801
20240115	20801	19648
20240115	19648	19667
20240115	19667	20846
20240115	20846	20855
20240115	20855	19718
20240115	19718	19735
20240115	19735	20902
20240115	20902	20903
20240115	20903	19774
20240115	19774	49774
20240115	49774	47113
20240115	47113	37107
20240115	37107	37102
20240115	37102	47108
20240115	47108	
20240115	49557	19557
20240115	19557	20754
20240115	20754	20801
20240115	20801	19648
20240115	19648	19667
20240115	19667	20846
20240115	20846	20855
20240115	20855	19718
20240115	19718	19735
20240115	19735	20902
20240115	20902	20903
20240115	20903	19774
20240115	19774	49774
20240115	49774	47113
20240115	47113	37107
20240115	37107	37102
20240115	37102	47108
20240115	47108	
20240115	20703	19536
20240115	19536	19571
20240115	19571	19586
20240115	19586	19601
20240115	19601	19600
20240115	19600	19617
20240115	19617	19630
20240115	19630	19653
20240115	19653	19666
20240115	19666	19683
20240115	19683	20864
20240115	20864	20877
20240115	20877	19742
20240115	19742	19745
20240115	19745	
20240115	20703	19536
20240115	19536	19571
20240115	19571	19586
20240115	19586	19601
20240115	19601	19600
20240115	19600	19617
20240115	19617	19630
20240115	19630	19653
20240115	19653	19666
20240115	19666	19683
20240115	19683	20864
20240115	20864	20877
20240115	20877	19742
20240115	19742	19745
20240115	19745	
20240115	20705	19544
20240115	19544	19581
20240115	19581	
20240115	20705	19544
20240115	19544	19581
20240115	19581	
20240115	20709	19550
20240115	19550	19587
20240115	19587	20772
20240115	20772	20781
20240115	20781	20784
20240115	20784	20793
20240115	20793	19634
20240115	19634	49634
20240115	49634	
20240115	20709	19550
20240115	19550	19587
20240115	19587	20772
20240115	20772	20781
20240115	20781	20784
20240115	20784	20793
20240115	20793	19634
20240115	19634	49634
20240115	49634	
20240115	19547	19556
20240115	19556	49556
20240115	49556	
20240115	19547	19556
20240115	19556	49556
20240115	49556	
20240115	20717	
20240115	20717	
20240115	19500	49500
20240115	49500	47119
20240115	47119	37111
20240115	37111	37104
20240115	37104	47110
20240115	47110	49511
20240115	49511	19511
20240115	19511	20718
20240115	20718	20735
20240115	20735	19580
20240115	19580	49580
20240115	49580	
20240115	19500	49500
20240115	49500	47119
20240115	47119	37111
20240115	37111	37104
20240115	37104	47110
20240115	47110	49511
20240115	49511	19511
20240115	19511	20718
20240115	20718	20735
20240115	20735	19580
20240115	19580	49580
20240115	49580	
20240115	19502	49502
20240115	49502	49521
20240115	49521	19521
20240115	19521	20730
20240115	20730	20741
20240115	20741	
20240115	19502	49502
20240115	49502	49521
20240115	49521	19521
20240115	19521	20730
20240115	20730	20741
20240115	20741	
20240115	19506	19529
20240115	19529	20738
20240115	20738	20755
20240115	20755	19588
20240115	19588	19603
20240115	19603	19602
20240115	19602	19625
20240115	19625	20814
20240115	20814	20825
20240115	20825	19672
20240115	19672	19689
20240115	19689	20868
20240115	20868	20879
20240115	20879	19746
20240115	19746	49746
20240115	49746	49749
20240115	49749	19749
20240115	19749	19770
20240115	19770	39117
20240115	39117	
20240115	19506	19529
20240115	19529	20738
20240115	20738	20755
20240115	20755	19588
20240115	19588	19603
20240115	19603	19602
20240115	19602	19625
20240115	19625	20814
20240115	20814	20825
20240115	20825	19672
20240115	19672	19689
20240115	19689	20868
20240115	20868	20879
20240115	20879	19746
20240115	19746	49746
20240115	49746	49749
20240115	49749	19749
20240115	19749	19770
20240115	19770	39117
20240115	39117	
20240115	19508	49508
20240115	49508	49539
20240115	49539	19539
20240115	19539	19552
20240115	19552	49552
20240115	49552	
20240115	19508	49508
20240115	49508	49539
20240115	49539	19539
20240115	19539	19552
20240115	19552	49552
20240115	49552	
20240115	20700	20711
20240115	20711	20746
20240115	20746	20761
20240115	20761	
20240115	20700	20711
20240115	20711	20746
20240115	20746	20761
20240115	20761	
20240115	19514	19551
20240115	19551	19560
20240115	19560	19591
20240115	19591	19592
20240115	19592	19607
20240115	19607	19606
20240115	19606	19633
20240115	19633	19650
20240115	19650	49650
20240115	49650	
20240115	19514	19551
20240115	19551	19560
20240115	19560	19591
20240115	19591	19592
20240115	19592	19607
20240115	19607	19606
20240115	19606	19633
20240115	19633	19650
20240115	19650	49650
20240115	49650	
20240115	19518	19555
20240115	19555	20752
20240115	20752	20767
20240115	20767	19632
20240115	19632	19657
20240115	19657	20840
20240115	20840	20847
20240115	20847	19702
20240115	19702	49702
20240115	49702	
20240115	19518	19555
20240115	19555	20752
20240115	20752	20767
20240115	20767	19632
20240115	19632	19657
20240115	19657	20840
20240115	20840	20847
20240115	20847	19702
20240115	19702	49702
20240115	49702	
20240115	20708	20725
20240115	20725	19572
20240115	19572	19595
20240115	19595	19594
20240115	19594	19609
20240115	19609	20790
20240115	20790	20807
20240115	20807	20828
20240115	20828	20833
20240115	20833	19688
20240115	19688	19709
20240115	19709	20886
20240115	20886	20895
20240115	20895	20904
20240115	20904	
20240115	20708	20725
20240115	20725	19572
20240115	19572	19595
20240115	19595	19594
20240115	19594	19609
20240115	19609	20790
20240115	20790	20807
20240115	20807	20828
20240115	20828	20833
20240115	20833	19688
20240115	19688	19709
20240115	19709	20886
20240115	20886	20895
20240115	20895	20904
20240115	20904	
20240115	19526	19563
20240115	19563	20760
20240115	20760	20803
20240115	20803	19654
20240115	19654	49654
20240115	49654	49671
20240115	49671	19671
20240115	19671	20850
20240115	20850	20861
20240115	20861	19728
20240115	19728	49728
20240115	49728	47121
20240115	47121	37113
20240115	37113	
20240115	19526	19563
20240115	19563	20760
20240115	20760	20803
20240115	20803	19654
20240115	19654	49654
20240115	49654	49671
20240115	49671	19671
20240115	19671	20850
20240115	20850	20861
20240115	20861	19728
20240115	19728	49728
20240115	49728	47121
20240115	47121	37113
20240115	37113	
20240115	19528	19565
20240115	19565	19578
20240115	19578	19597
20240115	19597	19596
20240115	19596	19611
20240115	19611	20798
20240115	20798	20813
20240115	20813	
20240115	19528	19565
20240115	19565	19578
20240115	19578	19597
20240115	19597	19596
20240115	19596	19611
20240115	19611	20798
20240115	20798	20813
20240115	20813	
20240115	20714	39116
20240115	39116	47150
20240115	47150	49703
20240115	49703	19703
20240115	19703	19722
20240115	19722	19739
20240115	19739	19756
20240115	19756	49756
20240115	49756	49757
20240115	49757	35757
20240115	35757	
20240115	20714	39116
20240115	39116	47150
20240115	47150	49703
20240115	49703	19703
20240115	19703	19722
20240115	19722	19739
20240115	19739	19756
20240115	19756	49756
20240115	49756	49757
20240115	49757	35757
20240115	35757	
20240115	20724	20737
20240115	20737	19582
20240115	19582	19599
20240115	19599	19598
20240115	19598	19613
20240115	19613	19624
20240115	19624	19649
20240115	19649	
20240115	20724	20737
20240115	20737	19582
20240115	19582	19599
20240115	19599	19598
20240115	19598	19613
20240115	19613	19624
20240115	19624	19649
20240115	19649	
20240115	19540	19575
20240115	19575	20768
20240115	20768	20777
20240115	20777	20780
20240115	20780	20789
20240115	20789	20802
20240115	20802	20817
20240115	20817	19664
20240115	19664	19679
20240115	19679	20858
20240115	20858	20871
20240115	20871	19736
20240115	19736	19743
20240115	19743	20906
20240115	20906	
20240115	19540	19575
20240115	19575	20768
20240115	20768	20777
20240115	20777	20780
20240115	20780	20789
20240115	20789	20802
20240115	20802	20817
20240115	20817	19664
20240115	19664	19679
20240115	19679	20858
20240115	20858	20871
20240115	20871	19736
20240115	19736	19743
20240115	19743	20906
20240115	20906	
20240115	48001	48000
20240115	48000	48003
20240115	48003	48002
20240115	48002	48005
20240115	48005	48004
20240115	48004	48007
20240115	48007	48012
20240115	48012	48009
20240115	48009	48006
20240115	48006	48011
20240115	48011	48008
20240115	48008	48013
20240115	48013	48010
20240115	48010	48015
20240115	48015	48014
20240115	48014	48017
20240115	48017	48016
20240115	48016	
20240115	20681	20680
20240115	20680	20685
20240115	20685	20684
20240115	20684	20689
20240115	20689	20688
20240115	20688	20691
20240115	20691	20690
20240115	20690	20693
20240115	20693	20692
20240115	20692	
20240115	37788	31529
20240115	31529	31502
20240115	31502	31507
20240115	31507	31506
20240115	31506	31511
20240115	31511	37798
20240115	37798	37771
20240115	37771	31528
20240115	31528	31533
20240115	31533	31534
20240115	31534	31539
20240115	31539	31538
20240115	31538	
20240115	37749	31505
20240115	31505	31504
20240115	31504	31509
20240115	31509	31508
20240115	31508	31513
20240115	31513	31510
20240115	31510	31515
20240115	31515	31512
20240115	31512	31517
20240115	31517	31514
20240115	31514	31519
20240115	31519	31516
20240115	31516	31521
20240115	31521	31518
20240115	31518	31523
20240115	31523	31520
20240115	31520	31525
20240115	31525	31522
20240115	31522	31527
20240115	31527	31526
20240115	31526	31531
20240115	31531	31530
20240115	31530	37727
20240115	37727	31540
20240115	31540	31543
20240115	31543	31542
20240115	31542	
20240115	31545	
20240115	37711	
20240115	37731	
20240115	39382	38330
20240115	38330	23303
20240115	23303	23302
20240115	23302	23153
20240115	23153	23152
20240115	23152	39307
20240115	39307	38370
20240115	38370	23161
20240115	23161	23160
20240115	23160	23165
20240115	23165	23164
20240115	23164	38383
20240115	38383	38373
20240115	38373	23171
20240115	23171	23170
20240115	23170	23175
20240115	23175	23174
20240115	23174	38387
20240115	38387	
20240115	39382	38351
20240115	38351	23305
20240115	23305	23304
20240115	23304	23315
20240115	23315	23314
20240115	23314	23325
20240115	23325	23324
20240115	23324	23335
20240115	23335	23334
20240115	23334	23345
20240115	23345	23344
20240115	23344	23355
20240115	23355	23354
20240115	23354	23365
20240115	23365	23364
20240115	23364	23375
20240115	23375	23374
20240115	23374	23385
20240115	23385	23384
20240115	23384	23395
20240115	23395	23394
20240115	23394	23403
20240115	23403	23402
20240115	23402	38337
20240115	38337	
20240115	38336	23307
20240115	23307	23306
20240115	23306	23317
20240115	23317	23316
20240115	23316	23327
20240115	23327	23326
20240115	23326	23337
20240115	23337	23336
20240115	23336	23347
20240115	23347	23346
20240115	23346	23357
20240115	23357	23356
20240115	23356	23367
20240115	23367	23366
20240115	23366	23377
20240115	23377	23376
20240115	23376	23387
20240115	23387	23386
20240115	23386	23397
20240115	23397	23396
20240115	23396	38389
20240115	38389	
20240115	38336	38357
20240115	38357	23309
20240115	23309	23308
20240115	23308	23319
20240115	23319	23318
20240115	23318	23329
20240115	23329	23328
20240115	23328	23339
20240115	23339	23338
20240115	23338	23349
20240115	23349	23348
20240115	23348	23359
20240115	23359	23358
20240115	23358	23369
20240115	23369	23368
20240115	23368	23379
20240115	23379	23378
20240115	23378	23389
20240115	23389	23388
20240115	23388	23399
20240115	23399	23398
20240115	23398	38349
20240115	38349	
20240115	38359	23311
20240115	23311	23310
20240115	23310	23321
20240115	23321	23320
20240115	23320	23331
20240115	23331	23330
20240115	23330	23341
20240115	23341	23340
20240115	23340	23351
20240115	23351	23350
20240115	23350	23361
20240115	23361	23360
20240115	23360	23371
20240115	23371	23370
20240115	23370	23381
20240115	23381	23380
20240115	23380	23391
20240115	23391	23390
20240115	23390	38385
20240115	38385	
20240115	38375	35151
20240115	35151	35150
20240115	35150	23313
20240115	23313	23312
20240115	23312	23323
20240115	23323	23322
20240115	23322	23333
20240115	23333	23332
20240115	23332	23343
20240115	23343	23342
20240115	23342	23353
20240115	23353	23352
20240115	23352	23363
20240115	23363	23362
20240115	23362	23373
20240115	23373	23372
20240115	23372	23383
20240115	23383	23382
20240115	23382	23393
20240115	23393	23392
20240115	23392	23401
20240115	23401	23400
20240115	23400	38391
20240115	38391	38337
20240115	38337	
20240115	38361	23155
20240115	23155	23154
20240115	23154	23157
20240115	23157	23156
20240115	23156	23159
20240115	23159	23158
20240115	23158	23163
20240115	23163	23162
20240115	23162	23167
20240115	23167	23166
20240115	23166	23169
20240115	23169	23168
20240115	23168	23173
20240115	23173	23172
20240115	23172	23177
20240115	23177	23176
20240115	23176	23405
20240115	23405	23404
20240115	23404	38393
20240115	38393	39301
20240115	39301	
20240115	78003	78038
20240115	78038	78039
20240115	78039	78088
20240115	78088	
20240115	78003	78038
20240115	78038	78039
20240115	78039	78088
20240115	78088	
20240115	78016	78021
20240115	78021	78056
20240115	78056	78063
20240115	78063	
20240115	78016	78021
20240115	78021	78056
20240115	78056	78063
20240115	78063	
20240115	36200	78001
20240115	78001	78024
20240115	78024	36205
20240115	36205	36202
20240115	36202	78067
20240115	78067	78092
20240115	78092	78093
20240115	78093	
20240115	36200	78001
20240115	78001	78024
20240115	78024	36205
20240115	36205	36202
20240115	36202	78067
20240115	78067	78092
20240115	78092	78093
20240115	78093	
20240115	78101	78112
20240115	78112	78121
20240115	78121	78172
20240115	78172	78081
20240115	78081	
20240115	78101	78112
20240115	78112	78121
20240115	78121	78172
20240115	78172	78081
20240115	78081	
20240115	78105	78116
20240115	78116	78125
20240115	78125	78130
20240115	78130	78141
20240115	78141	78140
20240115	78140	78151
20240115	78151	78156
20240115	78156	78059
20240115	78059	78084
20240115	78084	36207
20240115	36207	
20240115	78105	78116
20240115	78116	78125
20240115	78125	78130
20240115	78130	78141
20240115	78141	78140
20240115	78140	78151
20240115	78151	78156
20240115	78156	78059
20240115	78059	78084
20240115	78084	36207
20240115	36207	
20240115	78007	78034
20240115	78034	78031
20240115	78031	78052
20240115	78052	78055
20240115	78055	78080
20240115	78080	78087
20240115	78087	
20240115	78007	78034
20240115	78034	78031
20240115	78031	78052
20240115	78052	78055
20240115	78055	78080
20240115	78080	78087
20240115	78087	
20240115	78011	78032
20240115	78032	78029
20240115	78029	78068
20240115	78068	78075
20240115	78075	78096
20240115	78096	
20240115	78011	78032
20240115	78032	78029
20240115	78029	78068
20240115	78068	78075
20240115	78075	78096
20240115	78096	
20240115	36275	78108
20240115	78108	78117
20240115	78117	36212
20240115	36212	78166
20240115	78166	78177
20240115	78177	78182
20240115	78182	
20240115	36275	78108
20240115	78108	78117
20240115	78117	36212
20240115	36212	78166
20240115	78166	78177
20240115	78177	78182
20240115	78182	
20240115	78106	78111
20240115	78111	78124
20240115	78124	78135
20240115	78135	78148
20240115	78148	78161
20240115	78161	78162
20240115	78162	78069
20240115	78069	78086
20240115	78086	78091
20240115	78091	
20240115	78106	78111
20240115	78111	78124
20240115	78124	78135
20240115	78135	78148
20240115	78148	78161
20240115	78161	78162
20240115	78162	78069
20240115	78069	78086
20240115	78086	78091
20240115	78091	
20240115	36279	78118
20240115	78118	36203
20240115	36203	36204
20240115	36204	78073
20240115	78073	78090
20240115	78090	36561
20240115	36561	78374
20240115	78374	
20240115	36279	78118
20240115	78118	36203
20240115	36203	36204
20240115	36204	78073
20240115	78073	78090
20240115	78090	36561
20240115	36561	78376
20240115	78376	
20240115	78110	36201
20240115	36201	36206
20240115	36206	78079
20240115	78079	
20240115	78110	36201
20240115	36201	36206
20240115	36206	78079
20240115	78079	
20240115	78008	78013
20240115	78013	78046
20240115	78046	78049
20240115	78049	78070
20240115	78070	78181
20240115	78181	
20240115	78008	78013
20240115	78013	78046
20240115	78046	78049
20240115	78049	78070
20240115	78070	78181
20240115	78181	
20240115	78010	78017
20240115	78017	78042
20240115	78042	78043
20240115	78043	78066
20240115	78066	78071
20240115	78071	
20240115	78010	78017
20240115	78017	78042
20240115	78042	78043
20240115	78043	78066
20240115	78066	78071
20240115	78071	
20240115	78014	78019
20240115	78019	78040
20240115	78040	78147
20240115	78147	78150
20240115	78150	78053
20240115	78053	78076
20240115	78076	78085
20240115	78085	
20240115	78014	78019
20240115	78019	78040
20240115	78040	78147
20240115	78147	78150
20240115	78150	78053
20240115	78053	78076
20240115	78076	78085
20240115	78085	
20240115	78018	78035
20240115	78035	78060
20240115	78060	78061
20240115	78061	78078
20240115	78078	78191
20240115	78191	
20240115	78018	78035
20240115	78035	78060
20240115	78060	78061
20240115	78061	78078
20240115	78078	78191
20240115	78191	
20240115	78000	78015
20240115	78015	78036
20240115	78036	78033
20240115	78033	78064
20240115	78064	78173
20240115	78173	78180
20240115	78180	78089
20240115	78089	
20240115	78000	78015
20240115	78015	78036
20240115	78036	78033
20240115	78033	78064
20240115	78064	78173
20240115	78173	78180
20240115	78180	78089
20240115	78089	
20240115	78012	78119
20240115	78119	78128
20240115	78128	78139
20240115	78139	78138
20240115	78138	78045
20240115	78045	78062
20240115	78062	78065
20240115	78065	78082
20240115	78082	78193
20240115	78193	
20240115	78012	78119
20240115	78119	78128
20240115	78128	78139
20240115	78139	78138
20240115	78138	78045
20240115	78045	78062
20240115	78062	78065
20240115	78065	78082
20240115	78082	78193
20240115	78193	
20240115	78020	78023
20240115	78023	78044
20240115	78044	78047
20240115	78047	78072
20240115	78072	78083
20240115	78083	
20240115	78020	78023
20240115	78023	78044
20240115	78044	78047
20240115	78047	78072
20240115	78072	78083
20240115	78083	
20240115	78028	78025
20240115	78025	78050
20240115	78050	78163
20240115	78163	78164
20240115	78164	78175
20240115	78175	36270
20240115	36270	
20240115	78028	78025
20240115	78025	78050
20240115	78050	78163
20240115	78163	78164
20240115	78164	78175
20240115	78175	36270
20240115	36270	
20240115	78030	78027
20240115	78027	78048
20240115	78048	78051
20240115	78051	78094
20240115	78094	
20240115	78030	78027
20240115	78027	78048
20240115	78048	78051
20240115	78051	78094
20240115	78094	
20240115	77350	77351
20240115	77351	36210
20240115	36210	77375
20240115	77375	
20240115	77312	77301
20240115	77301	39590
20240115	39590	36581
20240115	36581	77302
20240115	77302	77319
20240115	77319	77328
20240115	77328	77325
20240115	77325	
20240115	77310	77353
20240115	77353	77352
20240115	77352	77357
20240115	77357	77334
20240115	77334	77333
20240115	77333	
20240115	77314	77355
20240115	77355	77354
20240115	77354	77303
20240115	77303	36582
20240115	36582	36583
20240115	36583	77304
20240115	77304	77363
20240115	77363	77362
20240115	77362	77327
20240115	77327	77336
20240115	77336	77373
20240115	77373	36210
20240115	36210	77377
20240115	77377	
20240115	77320	77315
20240115	77315	77324
20240115	77324	77361
20240115	77361	77360
20240115	77360	77323
20240115	77323	77332
20240115	77332	77369
20240115	77369	77368
20240115	77368	77335
20240115	77335	
20240115	77316	77311
20240115	77311	77322
20240115	77322	77305
20240115	77305	36584
20240115	36584	36585
20240115	36585	77306
20240115	77306	77367
20240115	77367	77366
20240115	77366	77331
20240115	77331	
20240115	77318	77359
20240115	77359	77358
20240115	77358	77321
20240115	77321	77330
20240115	77330	77365
20240115	77365	77364
20240115	77364	77329
20240115	77329	
20240115	36299	77300
20240115	77300	77317
20240115	77317	77326
20240115	77326	77307
20240115	77307	36586
20240115	36586	36587
20240115	36587	77308
20240115	77308	77371
20240115	77371	77370
20240115	77370	77337
20240115	77337	
20240115	77400	77518
20240115	77518	77424
20240115	77424	77542
20240115	77542	77448
20240115	77448	77566
20240115	77566	
20240115	77400	77518
20240115	77518	77424
20240115	77424	77542
20240115	77542	77448
20240115	77448	77566
20240115	77566	
20240115	77402	77520
20240115	77520	77426
20240115	77426	77544
20240115	77544	77450
20240115	77450	77568
20240115	77568	
20240115	77402	77520
20240115	77520	77426
20240115	77426	77544
20240115	77544	77450
20240115	77450	77568
20240115	77568	
20240115	77404	77522
20240115	77522	77428
20240115	77428	77546
20240115	77546	77452
20240115	77452	77570
20240115	77570	36528
20240115	36528	
20240115	77404	77522
20240115	77522	77428
20240115	77428	77546
20240115	77546	77452
20240115	77452	77570
20240115	77570	36528
20240115	36528	
20240115	77406	77524
20240115	77524	77430
20240115	77430	77548
20240115	77548	77454
20240115	77454	77572
20240115	77572	
20240115	77406	77524
20240115	77524	77430
20240115	77430	77548
20240115	77548	77454
20240115	77454	77572
20240115	77572	
20240115	77408	77526
20240115	77526	77432
20240115	77432	77550
20240115	77550	77460
20240115	77460	
20240115	77408	77526
20240115	77526	77432
20240115	77432	77550
20240115	77550	77460
20240115	77460	
20240115	77600	77514
20240115	77514	77420
20240115	77420	77538
20240115	77538	77444
20240115	77444	77562
20240115	77562	77468
20240115	77468	
20240115	77600	77514
20240115	77514	77420
20240115	77420	77538
20240115	77538	77444
20240115	77444	77562
20240115	77562	77468
20240115	77468	
20240115	77602	77516
20240115	77516	77422
20240115	77422	77540
20240115	77540	77446
20240115	77446	77564
20240115	77564	
20240115	77602	77516
20240115	77516	77422
20240115	77422	77540
20240115	77540	77446
20240115	77446	77564
20240115	77564	
20240115	36521	77604
20240115	77604	77714
20240115	77714	77618
20240115	77618	77728
20240115	77728	77632
20240115	77632	77742
20240115	77742	77646
20240115	77646	77756
20240115	77756	77660
20240115	77660	77574
20240115	77574	
20240115	36521	77604
20240115	77604	77714
20240115	77714	77618
20240115	77618	77728
20240115	77728	77632
20240115	77632	77742
20240115	77742	77646
20240115	77646	77756
20240115	77756	77660
20240115	77660	77574
20240115	77574	
20240115	77983	77990
20240115	77990	77985
20240115	77985	77994
20240115	77994	
20240115	77702	77606
20240115	77606	77716
20240115	77716	77620
20240115	77620	77730
20240115	77730	77634
20240115	77634	77744
20240115	77744	77648
20240115	77648	77758
20240115	77758	77662
20240115	77662	
20240115	77702	77606
20240115	77606	77716
20240115	77716	77620
20240115	77620	77730
20240115	77730	77634
20240115	77634	77744
20240115	77744	77648
20240115	77648	77758
20240115	77758	77662
20240115	77662	
20240115	36283	77708
20240115	77708	77612
20240115	77612	77722
20240115	77722	77626
20240115	77626	77736
20240115	77736	77640
20240115	77640	77750
20240115	77750	77654
20240115	77654	36260
20240115	36260	
20240115	36283	77708
20240115	77708	77612
20240115	77612	77722
20240115	77722	77626
20240115	77626	77736
20240115	77736	77640
20240115	77640	77750
20240115	77750	77654
20240115	77654	36260
20240115	36260	
20240115	36285	77500
20240115	77500	77416
20240115	77416	77534
20240115	77534	77440
20240115	77440	77558
20240115	77558	
20240115	36285	77500
20240115	77500	77416
20240115	77416	77534
20240115	77534	77440
20240115	77440	77558
20240115	77558	
20240115	77704	77608
20240115	77608	77718
20240115	77718	77622
20240115	77622	77732
20240115	77732	77636
20240115	77636	77746
20240115	77746	77650
20240115	77650	77760
20240115	77760	77664
20240115	77664	
20240115	77704	77608
20240115	77608	77718
20240115	77718	77622
20240115	77622	77732
20240115	77732	77636
20240115	77636	77746
20240115	77746	77650
20240115	77650	77760
20240115	77760	77664
20240115	77664	
20240115	36287	77710
20240115	77710	77614
20240115	77614	77724
20240115	77724	77628
20240115	77628	77738
20240115	77738	77642
20240115	77642	77752
20240115	77752	77656
20240115	77656	
20240115	36287	77710
20240115	77710	77614
20240115	77614	77724
20240115	77724	77628
20240115	77628	77738
20240115	77738	77642
20240115	77642	77752
20240115	77752	77656
20240115	77656	
20240115	77502	77410
20240115	77410	77528
20240115	77528	77434
20240115	77434	77552
20240115	77552	77458
20240115	77458	36280
20240115	36280	
20240115	77502	77410
20240115	77410	77528
20240115	77528	77434
20240115	77434	77552
20240115	77552	77458
20240115	77458	36280
20240115	36280	
20240115	77504	77456
20240115	77456	
20240115	77504	77456
20240115	77456	
20240115	77506	
20240115	77506	
20240115	77508	77412
20240115	77412	77530
20240115	77530	77436
20240115	77436	77554
20240115	77554	77464
20240115	77464	
20240115	77508	77412
20240115	77412	77530
20240115	77530	77436
20240115	77436	77554
20240115	77554	77464
20240115	77464	
20240115	77510	77414
20240115	77414	77532
20240115	77532	77438
20240115	77438	77556
20240115	77556	77462
20240115	77462	
20240115	77510	77414
20240115	77414	77532
20240115	77532	77438
20240115	77438	77556
20240115	77556	77462
20240115	77462	
20240115	36278	77706
20240115	77706	77610
20240115	77610	77720
20240115	77720	77624
20240115	77624	77734
20240115	77734	77638
20240115	77638	77748
20240115	77748	77652
20240115	77652	77762
20240115	77762	36548
20240115	36548	
20240115	36278	77706
20240115	77706	77610
20240115	77610	77720
20240115	77720	77624
20240115	77624	77734
20240115	77734	77638
20240115	77638	77748
20240115	77748	77652
20240115	77652	77762
20240115	77762	36548
20240115	36548	
20240115	77512	77418
20240115	77418	77536
20240115	77536	77442
20240115	77442	77560
20240115	77560	77466
20240115	77466	
20240115	77512	77418
20240115	77418	77536
20240115	77536	77442
20240115	77442	77560
20240115	77560	77466
20240115	77466	
20240115	77712	77616
20240115	77616	77726
20240115	77726	77630
20240115	77630	77740
20240115	77740	77644
20240115	77644	77754
20240115	77754	77658
20240115	77658	
20240115	77712	77616
20240115	77616	77726
20240115	77726	77630
20240115	77630	77740
20240115	77740	77644
20240115	77644	77754
20240115	77754	77658
20240115	77658	
20240115	36274	77801
20240115	77801	77800
20240115	77800	77805
20240115	77805	77804
20240115	77804	77873
20240115	77873	36520
20240115	36520	36518
20240115	36518	77855
20240115	77855	77850
20240115	77850	77859
20240115	77859	77854
20240115	77854	77863
20240115	77863	77858
20240115	77858	77867
20240115	77867	77862
20240115	77862	36277
20240115	36277	
20240115	36276	77803
20240115	77803	77802
20240115	77802	77871
20240115	77871	36288
20240115	36288	36526
20240115	36526	77853
20240115	77853	77896
20240115	77896	36517
20240115	36517	
20240115	25562	25511
20240115	25511	25516
20240115	25516	25525
20240115	25525	25530
20240115	25530	25541
20240115	25541	25546
20240115	25546	25555
20240115	25555	25560
20240115	25560	25567
20240115	25567	39500
20240115	39500	
20240115	25506	25519
20240115	25519	25524
20240115	25524	25535
20240115	25535	25540
20240115	25540	25549
20240115	25549	25554
20240115	25554	31591
20240115	31591	31567
20240115	31567	
20240115	28557	28556
20240115	28556	28267
20240115	28267	28272
20240115	28272	28277
20240115	28277	37869
20240115	37869	25558
20240115	25558	
20240115	28265	25486
20240115	25486	25513
20240115	25513	25518
20240115	25518	25529
20240115	25529	25534
20240115	25534	25543
20240115	25543	25548
20240115	25548	25559
20240115	25559	39578
20240115	39578	
20240115	25488	25517
20240115	25517	25522
20240115	25522	25531
20240115	25531	25536
20240115	25536	25547
20240115	25547	25552
20240115	25552	25561
20240115	25561	
20240115	28263	28268
20240115	28268	28273
20240115	28273	28278
20240115	28278	25521
20240115	25521	25526
20240115	25526	28299
20240115	28299	28366
20240115	28366	28371
20240115	28371	28376
20240115	28376	25557
20240115	25557	25478
20240115	25478	
20240115	28275	28280
20240115	28280	28285
20240115	28285	28290
20240115	28290	25533
20240115	25533	25538
20240115	25538	28373
20240115	28373	28378
20240115	28378	28383
20240115	28383	28390
20240115	28390	
20240115	25400	28476
20240115	28476	37879
20240115	37879	28282
20240115	28282	28289
20240115	28289	28294
20240115	28294	25537
20240115	25537	25542
20240115	25542	28377
20240115	28377	
20240115	25400	28476
20240115	28476	37879
20240115	37879	28282
20240115	28282	28289
20240115	28289	28294
20240115	28294	25537
20240115	25537	25542
20240115	25542	28377
20240115	28377	28386
20240115	28386	
20240115	37979	28264
20240115	28264	28269
20240115	28269	28274
20240115	28274	28387
20240115	28387	
20240115	37979	28264
20240115	28264	28269
20240115	28269	28274
20240115	28274	28387
20240115	28387	
20240115	28502	28472
20240115	28472	37885
20240115	37885	
20240115	28502	28472
20240115	28472	37885
20240115	37885	
20240115	28504	28562
20240115	28562	28554
20240115	28554	28566
20240115	28566	28520
20240115	28520	28576
20240115	28576	28530
20240115	28530	28586
20240115	28586	28540
20240115	28540	28596
20240115	28596	28550
20240115	28550	
20240115	28271	25510
20240115	25510	28283
20240115	28283	28288
20240115	28288	28295
20240115	28295	28362
20240115	28362	28369
20240115	28369	28374
20240115	28374	28381
20240115	28381	
20240115	28271	25510
20240115	25510	28283
20240115	28283	28288
20240115	28288	28295
20240115	28295	28362
20240115	28362	28369
20240115	28369	28374
20240115	28374	28381
20240115	28381	
20240115	37871	28466
20240115	28466	25480
20240115	25480	37867
20240115	37867	28572
20240115	28572	28526
20240115	28526	28582
20240115	28582	28536
20240115	28536	28592
20240115	28592	28546
20240115	28546	28490
20240115	28490	39506
20240115	39506	
20240115	28402	25404
20240115	25404	28416
20240115	28416	25418
20240115	25418	28430
20240115	28430	25432
20240115	25432	28444
20240115	28444	25446
20240115	25446	28458
20240115	28458	25460
20240115	25460	
20240115	31560	25402
20240115	25402	28412
20240115	28412	25414
20240115	25414	28426
20240115	28426	25428
20240115	25428	28440
20240115	28440	25442
20240115	25442	28456
20240115	28456	25458
20240115	25458	28484
20240115	28484	25472
20240115	25472	
20240115	28470	37889
20240115	37889	37894
20240115	37894	
20240115	36509	78100
20240115	78100	78115
20240115	78115	78126
20240115	78126	78137
20240115	78137	78136
20240115	78136	78041
20240115	78041	78058
20240115	78058	78169
20240115	78169	78176
20240115	78176	78185
20240115	78185	36500
20240115	36500	
20240115	36273	78006
20240115	78006	78109
20240115	78109	78122
20240115	78122	78133
20240115	78133	78132
20240115	78132	78143
20240115	78143	78142
20240115	78142	78155
20240115	78155	78158
20240115	78158	78171
20240115	78171	78178
20240115	78178	78189
20240115	78189	36272
20240115	36272	
20240115	78103	78114
20240115	78114	78123
20240115	78123	78134
20240115	78134	78037
20240115	78037	78054
20240115	78054	78057
20240115	78057	78074
20240115	78074	78187
20240115	78187	78188
20240115	78188	
20240115	78103	78114
20240115	78114	78123
20240115	78123	78134
20240115	78134	78037
20240115	78037	78054
20240115	78054	78057
20240115	78057	78074
20240115	78074	78187
20240115	78187	78188
20240115	78188	
20240115	78127	
20240115	36265	78002
20240115	78002	78107
20240115	78107	78120
20240115	78120	78129
20240115	78129	78152
20240115	78152	78165
20240115	78165	
20240115	36269	78004
20240115	78004	78009
20240115	78009	78026
20240115	78026	78145
20240115	78145	78146
20240115	78146	78159
20240115	78159	78160
20240115	78160	77987
20240115	77987	36282
20240115	36282	
20240115	78102	78005
20240115	78005	78022
20240115	78022	78131
20240115	78131	78144
20240115	78144	78157
20240115	78157	78168
20240115	78168	78179
20240115	78179	78184
20240115	78184	
20240115	36273	78006
20240115	78006	78109
20240115	78109	78122
20240115	78122	78133
20240115	78133	78132
20240115	78132	78143
20240115	78143	78142
20240115	78142	78155
20240115	78155	78158
20240115	78158	78171
20240115	78171	78178
20240115	78178	78189
20240115	78189	36272
20240115	36272	
20240115	78104	78113
20240115	78113	36268
20240115	36268	
20240115	36509	78100
20240115	78100	78115
20240115	78115	78126
20240115	78126	78137
20240115	78137	78136
20240115	78136	78041
20240115	78041	78058
20240115	78058	78169
20240115	78169	78176
20240115	78176	78185
20240115	78185	36500
20240115	36500	
20240115	28506	28560
20240115	28560	25490
20240115	25490	28570
20240115	28570	28524
20240115	28524	28580
20240115	28580	28534
20240115	28534	28590
20240115	28590	28544
20240115	28544	
20240115	28506	28560
20240115	28560	25490
20240115	25490	28570
20240115	28570	28524
20240115	28524	28580
20240115	28580	28534
20240115	28534	28590
20240115	28590	28544
20240115	28544	
20240115	25504	25515
20240115	25515	25520
20240115	25520	28293
20240115	28293	28298
20240115	28298	28365
20240115	28365	28370
20240115	28370	25551
20240115	25551	25556
20240115	25556	31565
20240115	31565	
20240115	25504	25515
20240115	25515	25520
20240115	25520	28293
20240115	28293	28298
20240115	28298	28365
20240115	28365	28370
20240115	28370	25551
20240115	25551	25556
20240115	25556	31565
20240115	31565	
20240115	37865	25502
20240115	25502	25509
20240115	25509	25514
20240115	25514	28287
20240115	28287	28292
20240115	28292	28297
20240115	28297	28364
20240115	28364	25545
20240115	25545	25550
20240115	25550	
20240115	37865	25502
20240115	25502	25509
20240115	25509	25514
20240115	25514	28287
20240115	28287	28292
20240115	28292	28297
20240115	28297	28364
20240115	28364	25545
20240115	25545	25550
20240115	25550	
20240115	25482	37975
20240115	37975	
20240115	25501	28276
20240115	28276	28281
20240115	28281	28286
20240115	28286	28291
20240115	28291	28296
20240115	28296	25539
20240115	25539	25544
20240115	25544	28379
20240115	28379	28384
20240115	28384	28389
20240115	28389	
20240115	25501	28276
20240115	28276	28281
20240115	28281	28286
20240115	28286	28291
20240115	28291	28296
20240115	28296	25539
20240115	25539	25544
20240115	25544	28379
20240115	28379	28384
20240115	28384	28389
20240115	28389	
20240115	25503	25508
20240115	25508	28279
20240115	28279	28284
20240115	28284	25527
20240115	25527	25532
20240115	25532	28367
20240115	28367	28372
20240115	28372	37863
20240115	37863	28512
20240115	28512	28514
20240115	28514	
20240115	25503	25508
20240115	25508	28279
20240115	28279	28284
20240115	28284	25527
20240115	25527	25532
20240115	25532	28367
20240115	28367	28372
20240115	28372	37863
20240115	37863	28558
20240115	28558	25564
20240115	25564	37977
20240115	37977	
20240115	28564	37872
20240115	37872	28382
20240115	28382	25563
20240115	25563	
20240115	37862	25507
20240115	25507	25512
20240115	25512	25523
20240115	25523	25528
20240115	25528	28363
20240115	28363	28368
20240115	28368	28375
20240115	28375	28380
20240115	28380	28385
20240115	28385	
20240115	37862	25507
20240115	25507	25512
20240115	25512	25523
20240115	25523	25528
20240115	25528	28363
20240115	28363	28368
20240115	28368	28375
20240115	28375	28380
20240115	28380	28385
20240115	28385	28388
20240115	28388	
20240115	31560	25402
20240115	25402	28412
20240115	28412	25414
20240115	25414	28426
20240115	28426	25428
20240115	25428	28440
20240115	28440	25442
20240115	25442	28456
20240115	28456	25458
20240115	25458	28484
20240115	28484	25472
20240115	25472	
20240115	28402	25404
20240115	25404	28416
20240115	28416	25418
20240115	25418	28430
20240115	28430	25432
20240115	25432	28444
20240115	28444	25446
20240115	25446	28458
20240115	28458	25460
20240115	25460	
20240115	37849	28406
20240115	28406	25408
20240115	25408	28420
20240115	28420	25422
20240115	25422	28434
20240115	28434	25436
20240115	25436	28448
20240115	28448	25450
20240115	25450	28462
20240115	28462	25464
20240115	25464	
20240115	37849	28406
20240115	28406	25408
20240115	25408	28420
20240115	28420	25422
20240115	25422	28434
20240115	28434	25436
20240115	25436	28448
20240115	28448	25450
20240115	25450	28462
20240115	28462	25464
20240115	25464	
20240115	28468	37899
20240115	37899	28510
20240115	28510	28574
20240115	28574	28528
20240115	28528	28584
20240115	28584	28538
20240115	28538	28594
20240115	28594	28548
20240115	28548	
20240115	28474	37893
20240115	37893	28382
20240115	28382	25563
20240115	25563	
20240115	28404	25406
20240115	25406	28418
20240115	28418	25420
20240115	25420	28432
20240115	28432	25434
20240115	25434	28446
20240115	28446	25448
20240115	25448	28460
20240115	28460	25462
20240115	25462	
20240115	28404	25406
20240115	25406	28418
20240115	28418	25420
20240115	25420	28432
20240115	28432	25434
20240115	25434	28446
20240115	28446	25448
20240115	25448	28460
20240115	28460	25462
20240115	25462	
20240115	28470	37889
20240115	37889	37894
20240115	37894	
20240115	28410	25412
20240115	25412	28424
20240115	28424	25426
20240115	25426	28438
20240115	28438	25440
20240115	25440	28452
20240115	28452	25454
20240115	25454	28480
20240115	28480	25468
20240115	25468	
20240115	28410	25412
20240115	25412	28424
20240115	28424	25426
20240115	25426	28438
20240115	28438	25440
20240115	25440	28452
20240115	28452	25454
20240115	25454	28480
20240115	28480	25468
20240115	25468	
20240115	28478	25484
20240115	25484	28568
20240115	28568	28522
20240115	28522	28578
20240115	28578	28532
20240115	28532	28588
20240115	28588	28542
20240115	28542	28598
20240115	28598	28552
20240115	28552	37888
20240115	37888	28393
20240115	28393	
20240115	28478	25484
20240115	25484	28568
20240115	28568	28522
20240115	28522	28578
20240115	28578	28532
20240115	28532	28588
20240115	28588	28542
20240115	28542	28598
20240115	28598	28552
20240115	28552	37888
20240115	37888	
20240115	28408	25410
20240115	25410	28422
20240115	28422	25424
20240115	25424	28436
20240115	28436	25438
20240115	25438	28450
20240115	28450	25452
20240115	25452	28464
20240115	28464	25466
20240115	25466	
20240115	28408	25410
20240115	25410	28422
20240115	28422	25424
20240115	25424	28436
20240115	28436	25438
20240115	25438	28450
20240115	28450	25452
20240115	25452	28464
20240115	28464	25466
20240115	25466	
20240115	28414	25416
20240115	25416	28428
20240115	28428	25430
20240115	25430	28442
20240115	28442	25444
20240115	25444	28454
20240115	28454	25456
20240115	25456	28482
20240115	28482	25470
20240115	25470	
20240115	28414	25416
20240115	25416	28428
20240115	28428	25430
20240115	25430	28442
20240115	28442	25444
20240115	25444	28454
20240115	28454	25456
20240115	25456	28482
20240115	28482	25470
20240115	25470	
20240115	78301	78300
20240115	78300	78309
20240115	78309	78308
20240115	78308	78317
20240115	78317	78316
20240115	78316	78325
20240115	78325	78324
20240115	78324	78333
20240115	78333	78332
20240115	78332	78341
20240115	78341	78340
20240115	78340	78349
20240115	78349	78348
20240115	78348	78357
20240115	78357	78356
20240115	78356	78365
20240115	78365	78364
20240115	78364	78373
20240115	78373	78372
20240115	78372	
20240115	78303	78302
20240115	78302	78311
20240115	78311	78310
20240115	78310	78319
20240115	78319	78318
20240115	78318	78327
20240115	78327	78326
20240115	78326	78335
20240115	78335	78334
20240115	78334	78343
20240115	78343	78342
20240115	78342	78351
20240115	78351	78350
20240115	78350	78359
20240115	78359	78358
20240115	78358	78367
20240115	78367	78366
20240115	78366	
20240115	78305	78304
20240115	78304	78313
20240115	78313	78312
20240115	78312	78321
20240115	78321	78320
20240115	78320	78329
20240115	78329	78328
20240115	78328	78337
20240115	78337	78336
20240115	78336	78345
20240115	78345	78344
20240115	78344	78353
20240115	78353	78352
20240115	78352	78361
20240115	78361	78360
20240115	78360	78369
20240115	78369	78368
20240115	78368	
20240115	78307	78306
20240115	78306	78315
20240115	78315	78314
20240115	78314	78323
20240115	78323	78322
20240115	78322	78331
20240115	78331	78330
20240115	78330	78339
20240115	78339	78338
20240115	78338	78347
20240115	78347	78346
20240115	78346	78355
20240115	78355	78354
20240115	78354	78363
20240115	78363	78362
20240115	78362	78371
20240115	78371	78370
20240115	78370	
20240115	36281	77982
20240115	77982	77981
20240115	77981	77988
20240115	77988	77989
20240115	77989	36284
20240115	36284	
20240115	36281	77980
20240115	77980	36505
20240115	36505	36508
20240115	36508	77886
20240115	77886	77878
20240115	77878	77821
20240115	77821	36522
20240115	36522	77991
20240115	77991	77992
20240115	77992	
20240115	36289	77984
20240115	77984	78149
20240115	78149	78154
20240115	78154	78167
20240115	78167	78174
20240115	78174	78183
20240115	78183	78186
20240115	78186	78195
20240115	78195	
20240115	36291	77986
20240115	77986	78153
20240115	78153	78170
20240115	78170	78077
20240115	78077	78098
20240115	78098	
20240115	36501	36502
20240115	36502	77880
20240115	77880	77872
20240115	77872	77875
20240115	77875	36290
20240115	36290	36524
20240115	36524	77851
20240115	77851	77894
20240115	77894	36515
20240115	36515	
20240115	36503	36504
20240115	36504	77882
20240115	77882	77874
20240115	77874	77877
20240115	77877	77814
20240115	77814	77823
20240115	77823	77818
20240115	77818	77827
20240115	77827	77822
20240115	77822	77831
20240115	77831	77826
20240115	77826	77835
20240115	77835	77830
20240115	77830	77839
20240115	77839	77834
20240115	77834	77843
20240115	77843	77838
20240115	77838	77847
20240115	77847	77890
20240115	77890	36511
20240115	36511	77857
20240115	77857	77852
20240115	77852	77861
20240115	77861	77856
20240115	77856	77865
20240115	77865	77860
20240115	77860	77869
20240115	77869	36292
20240115	36292	
20240115	36507	77884
20240115	77884	77876
20240115	77876	77819
20240115	77819	77816
20240115	77816	77825
20240115	77825	77820
20240115	77820	77829
20240115	77829	77824
20240115	77824	77833
20240115	77833	77828
20240115	77828	77837
20240115	77837	77832
20240115	77832	77841
20240115	77841	77836
20240115	77836	77845
20240115	77845	77840
20240115	77840	77849
20240115	77849	77892
20240115	77892	36513
20240115	36513	
20240115	78600	78634
20240115	78634	78604
20240115	78604	78638
20240115	78638	78608
20240115	78608	78642
20240115	78642	78612
20240115	78612	78646
20240115	78646	78616
20240115	78616	78650
20240115	78650	78620
20240115	78620	78654
20240115	78654	78624
20240115	78624	78658
20240115	78658	78628
20240115	78628	78662
20240115	78662	
20240115	78632	78602
20240115	78602	78636
20240115	78636	78606
20240115	78606	78640
20240115	78640	78610
20240115	78610	78644
20240115	78644	78614
20240115	78614	78648
20240115	78648	78618
20240115	78618	78652
20240115	78652	78622
20240115	78622	78656
20240115	78656	78626
20240115	78626	78660
20240115	78660	78630
20240115	78630	
20240115	88600	87702
20240115	87702	88602
20240115	88602	87704
20240115	87704	88604
20240115	88604	87708
20240115	87708	88606
20240115	88606	87712
20240115	87712	88608
20240115	88608	88638
20240115	88638	87620
20240115	87620	87718
20240115	87718	87624
20240115	87624	87722
20240115	87722	87628
20240115	87628	87726
20240115	87726	87632
20240115	87632	87730
20240115	87730	87636
20240115	87636	87734
20240115	87734	87640
20240115	87640	87738
20240115	87738	87644
20240115	87644	87742
20240115	87742	87648
20240115	87648	87746
20240115	87746	87650
20240115	87650	88654
20240115	88654	87652
20240115	87652	87750
20240115	87750	87654
20240115	87654	88656
20240115	88656	87656
20240115	87656	87754
20240115	87754	87660
20240115	87660	87758
20240115	87758	87664
20240115	87664	87762
20240115	87762	
20240115	87604	88632
20240115	88632	87608
20240115	87608	87706
20240115	87706	87612
20240115	87612	87710
20240115	87710	87616
20240115	87616	87714
20240115	87714	88610
20240115	88610	88640
20240115	88640	88612
20240115	88612	88642
20240115	88642	88614
20240115	88614	88644
20240115	88644	88616
20240115	88616	88646
20240115	88646	88618
20240115	88618	88648
20240115	88648	88620
20240115	88620	88650
20240115	88650	88622
20240115	88622	88652
20240115	88652	88624
20240115	88624	87748
20240115	87748	88626
20240115	88626	87752
20240115	87752	88628
20240115	88628	88658
20240115	88658	88630
20240115	88630	88660
20240115	88660	
20240115	87606	88634
20240115	88634	87614
20240115	87614	88636
20240115	88636	87618
20240115	87618	87716
20240115	87716	87622
20240115	87622	87720
20240115	87720	87626
20240115	87626	87724
20240115	87724	87630
20240115	87630	87728
20240115	87728	87634
20240115	87634	87732
20240115	87732	87638
20240115	87638	87736
20240115	87736	87642
20240115	87642	87740
20240115	87740	87646
20240115	87646	87744
20240115	87744	87658
20240115	87658	87756
20240115	87756	87662
20240115	87662	87760
20240115	87760	
20240115	87610	88662
20240115	88662	
20240115	37602	15826
20240115	15826	15808
20240115	15808	37605
20240115	37605	37612
20240115	37612	15836
20240115	15836	15820
20240115	15820	37619
20240115	37619	
20240115	37604	15828
20240115	15828	15810
20240115	15810	37607
20240115	37607	37616
20240115	37616	15838
20240115	15838	
20240115	37600	15824
20240115	15824	15812
20240115	15812	37609
20240115	37609	
20240115	15804	37601
20240115	37601	37606
20240115	37606	15830
20240115	15830	15814
20240115	15814	37611
20240115	37611	37618
20240115	37618	15840
20240115	15840	
20240115	15806	37603
20240115	37603	37608
20240115	37608	15832
20240115	15832	15818
20240115	15818	37617
20240115	37617	
20240115	39566	30513
20240115	30513	30514
20240115	30514	
20240115	39566	30513
20240115	30513	30514
20240115	30514	
20240115	30823	30828
20240115	30828	30831
20240115	30831	30840
20240115	30840	39593
20240115	39593	
20240115	30823	30828
20240115	30828	30831
20240115	30831	30840
20240115	30840	39593
20240115	39593	
20240115	30834	30839
20240115	30839	30888
20240115	30888	
20240115	30834	30839
20240115	30839	30888
20240115	30888	
20240115	30884	30824
20240115	30824	30829
20240115	30829	30836
20240115	30836	30841
20240115	30841	
20240115	30884	30824
20240115	30824	30829
20240115	30829	30836
20240115	30836	30841
20240115	30841	
20240115	34653	34656
20240115	34656	34663
20240115	34663	34666
20240115	34666	
20240115	34653	34656
20240115	34656	34663
20240115	34663	34666
20240115	34666	
20240115	34652	34657
20240115	34657	34662
20240115	34662	34667
20240115	34667	
20240115	34652	34657
20240115	34657	34662
20240115	34662	34667
20240115	34667	
20240115	34659	34664
20240115	34664	
20240115	34659	34664
20240115	34664	
20240115	34671	36208
20240115	36208	
20240115	34671	36208
20240115	36208	
20240115	34655	34658
20240115	34658	
20240115	34655	34658
20240115	34658	
20240115	34673	34654
20240115	34654	34665
20240115	34665	34670
20240115	34670	
20240115	34673	34654
20240115	34654	34665
20240115	34665	34670
20240115	34670	
20240115	30542	30541
20240115	30541	
20240115	30542	30541
20240115	30541	30541
20240115	30541	
20240115	30504	30547
20240115	30547	30546
20240115	30546	
20240115	37657	30540
20240115	30540	37915
20240115	37915	37852
20240115	37852	30511
20240115	30511	
20240115	37657	30540
20240115	30540	30540
20240115	30540	37915
20240115	37915	37852
20240115	37852	30511
20240115	30511	
20240115	33505	33504
20240115	33504	33513
20240115	33513	33514
20240115	33514	33519
20240115	33519	33520
20240115	33520	
20240115	30821	30826
20240115	30826	30837
20240115	30837	30844
20240115	30844	
20240115	30826	30837
20240115	30837	
20240115	33509	33512
20240115	33512	30543
20240115	30543	
20240115	36534	33851
20240115	33851	33850
20240115	33850	33853
20240115	33853	33852
20240115	33852	33855
20240115	33855	33854
20240115	33854	33857
20240115	33857	33856
20240115	33856	33859
20240115	33859	33858
20240115	33858	36535
20240115	36535	
20240115	33501	33500
20240115	33500	30531
20240115	30531	30530
20240115	30530	30533
20240115	30533	15504
20240115	15504	15505
20240115	15505	15500
20240115	15500	15501
20240115	15501	30532
20240115	30532	
20240115	39568	15900
20240115	15900	15066
20240115	15066	36961
20240115	36961	36950
20240115	36950	15078
20240115	15078	15002
20240115	15002	36937
20240115	36937	36952
20240115	36952	15080
20240115	15080	15904
20240115	15904	37626
20240115	37626	
20240115	39568	15900
20240115	15900	15066
20240115	15066	36961
20240115	36961	36950
20240115	36950	15078
20240115	15078	15002
20240115	15002	36937
20240115	36937	36952
20240115	36952	15080
20240115	15080	15904
20240115	15904	37626
20240115	37626	
20240115	36900	36940
20240115	36940	15008
20240115	15008	15068
20240115	15068	36963
20240115	36963	36932
20240115	36932	34604
20240115	34604	15072
20240115	15072	36969
20240115	36969	36962
20240115	36962	34684
20240115	34684	
20240115	36900	36940
20240115	36940	15008
20240115	15008	15068
20240115	15068	36963
20240115	36963	36932
20240115	36932	34604
20240115	34604	15072
20240115	15072	36969
20240115	36969	36962
20240115	36962	34684
20240115	34684	
20240115	37574	15010
20240115	15010	36941
20240115	36941	36946
20240115	36946	15076
20240115	15076	15070
20240115	15070	37665
20240115	37665	37642
20240115	37642	15012
20240115	15012	15092
20240115	15092	37675
20240115	37675	37636
20240115	37636	34608
20240115	34608	
20240115	37574	15010
20240115	15010	36941
20240115	36941	36946
20240115	36946	15076
20240115	15076	15070
20240115	15070	37665
20240115	37665	37642
20240115	37642	15012
20240115	15012	15092
20240115	15092	37675
20240115	37675	37636
20240115	37636	34608
20240115	34608	
20240115	15046	36945
20240115	36945	36920
20240115	36920	36910
20240115	36910	36992
20240115	36992	15098
20240115	15098	15074
20240115	15074	37671
20240115	37671	36976
20240115	36976	15916
20240115	15916	37575
20240115	37575	
20240115	15046	36945
20240115	36945	36920
20240115	36920	36910
20240115	36910	36992
20240115	36992	15098
20240115	15098	15074
20240115	15074	37671
20240115	37671	36976
20240115	36976	15916
20240115	15916	37575
20240115	37575	
20240115	15060	37647
20240115	37647	36924
20240115	36924	36906
20240115	36906	36972
20240115	36972	15096
20240115	15096	15018
20240115	15018	36953
20240115	36953	36964
20240115	36964	15086
20240115	15086	
20240115	15060	37647
20240115	37647	36924
20240115	36924	36906
20240115	36906	36972
20240115	36972	15096
20240115	15096	15018
20240115	15018	36953
20240115	36953	36964
20240115	36964	15086
20240115	15086	
20240115	15062	36951
20240115	36951	36970
20240115	36970	15094
20240115	15094	15090
20240115	15090	36973
20240115	36973	37660
20240115	37660	15082
20240115	15082	15000
20240115	15000	36935
20240115	36935	36930
20240115	36930	
20240115	15062	36951
20240115	36951	36970
20240115	36970	15094
20240115	15094	15090
20240115	15090	36973
20240115	36973	37660
20240115	37660	15082
20240115	15082	15000
20240115	15000	36935
20240115	36935	36930
20240115	36930	
20240115	37868	30501
20240115	30501	30506
20240115	30506	30833
20240115	30833	
20240115	30502	30509
20240115	30509	
20240115	30502	30503
20240115	30503	30508
20240115	30508	30833
20240115	30833	
20240115	30820	30825
20240115	30825	30832
20240115	30832	30515
20240115	30515	
20240115	30820	30825
20240115	30825	30832
20240115	30832	
20240115	30526	30521
20240115	30521	30524
20240115	30524	30517
20240115	30517	
20240115	30549	30548
20240115	30548	30517
20240115	30517	
20240115	37882	30527
20240115	30527	30522
20240115	30522	
20240115	30520	39563
20240115	39563	
20240115	37882	30527
20240115	30527	30520
20240115	30520	39563
20240115	39563	
20240115	30500	30523
20240115	30523	30528
20240115	30528	
20240115	30500	30505
20240115	30505	30510
20240115	30510	30525
20240115	30525	34632
20240115	34632	37997
20240115	37997	
20240115	15634	15631
20240115	15631	34622
20240115	34622	34625
20240115	34625	34626
20240115	34626	
20240115	34623	34630
20240115	34630	34635
20240115	34635	34624
20240115	34624	
20240115	30507	30512
20240115	30512	30529
20240115	30529	
20240115	34627	
20240115	37998	15633
20240115	15633	
