"Código","Longitud","Latitud"
"A0180","-3,675992","40,3863"
"A0300","-3,812033","37,995773"
"A0426","-4,72908","37,080373"
"A0427","-4,7211","37,062286"
"A0660","2,115491","41,343752"
"A0720","-3,678504","40,494678"
"A0740","",""
"A0741","",""
"A0742","",""
"A0800","",""
"A0801","-3,678094","40,480426"
"A1112","-3,621114","42,374014"
"A1311","-2,931338","43,251401"
"A2031","",""
"A2045","-8,387354","43,351622"
"A2220","-8,621203","42,075071"
"A2230","-8,664902","42,279767"
"A2240","-8,629099","42,068815"
"A2300","",""
"A3500","-3,84553","40,237206"
"A3710","-3,917348","38,957985"
"A5030","-3,808388","38,002153"
"A5031","-3,822784","38,006527"
"A5040","-4,687685","37,926491"
"A5050","-4,835881","37,871511"
"A5100","-5,966505","37,340611"
"A5101","-5,959324","37,340254"
"A5450","-4,530743","36,600799"
"A6001","",""
"A6002","",""
"A6015","",""
"A6031","-3,21945","39,409403"
"A6090","-0,528951","38,382588"
"A6131","-0,973348","37,614664"
"A6141","-0,96422","37,613375"
"A6142","-0,955153","37,613714"
"A6144","-0,914386","37,599595"
"A6210","-0,531842","38,300219"
"A6541","1,21133","41,107919"
"A7002","-3,674489","40,396908"
"A7060","-1,62506","41,354063"
"A7070","-1,216644","41,705401"
"A7080","-0,93147","41,670161"
"A7081","-0,938552","41,670076"
"A7083","-0,815829","41,594032"
"A7086","-0,985493","41,623036"
"A7087","-1,009172","41,633249"
"A7110","-0,802818","41,595713"
"A7111","-0,855207","41,623583"
"A7141","1,217423","41,110992"
"A7203","",""
"A7221","",""
"A7222","",""
"A7223","",""
"A7224","",""
"A7225","1,899141","41,465495"
"A7226","1,906445","41,467858"
"A7227","1,901278","41,469244"
"A7228","",""
"A7300","",""
"A7310","",""
"A7400","-0,434785","42,098399"
"A7701","2,272266","41,588047"
"A7702","",""
"A7830","",""
"A7890","-0,857044","41,629961"
"A9060","-3,676581","40,485334"
"A9101","",""
"B0101","-4,446188","37,107414"
"B0102","-4,81576","37,177734"
"B0103","-4,694772","37,043758"
"B0200","-4,941639","37,839899"
"B0740","-4,680824","41,273538"
"B0800","-4,761095","41,550089"
"B0801","",""
"B0802","-4,784792","41,475877"
"B0900","-3,749181","40,208062"
"B0901","",""
"B0902","-8,551307","42,856964"
"B1005","-3,871898","40,500854"
"B1050","",""
"B1051","-4,733328","41,638531"
"B1052","-4,75082","41,596689"
"B1110","-2,963741","42,684295"
"B1111","-3,787817","42,346274"
"B1112","-3,587733","42,382817"
"B1120","-2,187381","42,882913"
"B1320","-2,951406","43,263567"
"B1400","",""
"B1501","",""
"B1506","-5,605448","42,556703"
"B1507","-5,575796","42,549635"
"B1508","-5,594755","42,560344"
"B1509","-5,58045","42,564026"
"B1511","-5,599483","42,597986"
"B1521","-5,835693","43,298996"
"B1601","-5,834818","43,305469"
"B1602","-5,762781","43,33434"
"B1611","-5,766379","43,336859"
"B1702","-3,684595","40,518301"
"B1703","",""
"B1804","-3,686203","40,390954"
"B2001","-5,596316","42,589714"
"B2021","",""
"B2041","-8,387537","43,347462"
"B2051","-8,392386","43,348734"
"B2052","-8,417348","43,33628"
"B3001","-5,656172","40,951238"
"B3002","-6,137681","39,943938"
"B3141","-8,42539","43,336194"
"B3142","",""
"B3531","-6,139738","39,92529"
"B3700","",""
"B3710","-3,660576","40,304558"
"B3770","-4,699085","37,922546"
"B4005","-3,908765","38,971409"
"B4015","-1,263006","41,676097"
"B4030","-1,027983","41,634864"
"B4041","-0,868021","41,632734"
"B4042","-0,835355","41,604784"
"B4043","-0,7966","41,572695"
"B4044","-0,894733","41,651086"
"B4045","-0,840665","41,610953"
"B4054","0,546309","41,625506"
"B4100","0,694008","41,565199"
"B4101","0,655257","41,593308"
"B4102","0,727159","41,558251"
"B4103","",""
"B4104","2,114735","41,345518"
"B4300","2,219239","41,529881"
"B4301","-6,001344","37,425777"
"B5052","-4,806159","37,881204"
"B5073","-5,970522","37,44014"
"B5101","-5,95926","37,441957"
"B5102","-5,950853","37,424029"
"B5103","-5,818739","37,210119"
"B5109","-5,945451","37,416993"
"B5119","-5,953141","37,416705"
"B5601","-3,306818","37,423902"
"B5701","-3,314811","37,421997"
"B6000","-3,673065","40,390609"
"B6001","-3,61767","40,338323"
"B6002","-3,679461","40,384318"
"B6040","-3,041138","39,359964"
"B6091","-0,926529","38,759173"
"B6401","-0,685379","38,911071"
"B6402","-0,538504","38,986314"
"B6500","-0,340874","39,442072"
"B6501","-0,346211","39,438918"
"B6502","",""
"B6504","-0,33836","39,43815"
"B6505","-0,351752","39,43945"
"B6541","",""
"B6722","-0,280031","39,671694"
"B6731","-0,275779","39,66823"
"B7011","",""
"B7081","-0,948981","41,614211"
"B7082","-0,995209","41,634348"
"B7171","",""
"B7173","2,116266","41,363138"
"B7181","2,174338","41,399275"
"B7182","",""
"B7184","",""
"B7192","",""
"B7193","2,063956","41,348259"
"B7511","",""
"B7800","-0,424358","42,07979"
"B7801","-0,418644","42,10058"
"B7840","0,649047","41,610029"
"B7901","2,191596","41,455752"
"B7920","",""
"B7941","",""
"B7942","",""
"B7943","2,203086","41,429658"
"B8000","-2,167583","42,893307"
"B8100","-2,958002","42,681752"
"B8221","",""
"B8301","",""
"B8801","2,184486","41,394587"
"B9521","-3,673628","40,356857"
"B9701","-3,867426","40,510633"
"B9800","",""
"B9811","-3,563226","40,43804"
"C0001","",""
"C0004","",""
"C0200","",""
"C0201","",""
"C0202","",""
"C0203","",""
"C0204","",""
"C0205","",""
"C0206","",""
"C0207","-4,735625","36,967374"
"C0208","",""
"C0209","",""
"C0210","-4,723045","36,902509"
"C0211","",""
"C0212","",""
"C0213","",""
"C0214","",""
"C0215","",""
"C0216","",""
"C0217","",""
"C0218","",""
"C0219","",""
"C0420","",""
"C0421","",""
"C0422","",""
"C0423","",""
"C0424","",""
"C0425","",""
"C0426","",""
"C0427","",""
"C0428","",""
"C0501","",""
"C0700","",""
"C0742","",""
"C0801","",""
"C0802","",""
"C0803","",""
"C0804","",""
"C0805","-3,716373","40,663572"
"C0806","-3,732084","40,741039"
"C0807","",""
"C0808","-3,773241","40,775844"
"C0809","",""
"C0810","-4,070778","40,901806"
"C0811","",""
"C0812","",""
"C0900","",""
"C0901","",""
"C0902","",""
"C0903","",""
"C0904","",""
"C0905","",""
"C0906","",""
"C0907","",""
"C0908","",""
"C0909","",""
"C0910","",""
"C0911","",""
"C0912","",""
"C0913","",""
"C0914","",""
"C0915","",""
"C0916","",""
"C0917","",""
"C0918","",""
"C0919","",""
"C0920","",""
"C0921","",""
"C0922","",""
"C0923","",""
"C0924","",""
"C0925","",""
"C0926","",""
"C0927","",""
"C0928","",""
"C0929","",""
"C0930","",""
"C0931","",""
"C0932","",""
"C0940","",""
"C0941","",""
"C0942","",""
"C0943","",""
"C1300","",""
"C1301","",""
"C1400","",""
"C1421","-4,018363","43,340902"
"C3140","",""
"C3143","",""
"C3530","-6,203347","39,880325"
"C3710","-3,675996","40,398281"
"C3711","",""
"C3712","",""
"C3713","",""
"C3714","",""
"C3715","-3,883628","39,266023"
"C3720","",""
"C3721","",""
"C3722","",""
"C3723","",""
"C3724","",""
"C3725","-3,680199","40,400697"
"C3726","",""
"C3727","",""
"C3728","",""
"C3729","",""
"C3770","",""
"C3771","",""
"C3772","",""
"C3773","",""
"C3775","-4,560601","38,023479"
"C3776","",""
"C3777","",""
"C3778","",""
"C3781","",""
"C3782","",""
"C3783","",""
"C3784","-5,306989","37,733872"
"C3785","",""
"C3786","",""
"C3788","",""
"C3789","",""
"C3790","",""
"C3793","",""
"C3794","",""
"C3795","",""
"C4001","",""
"C4002","",""
"C4003","-3,675889","40,387111"
"C4004","",""
"C4005","",""
"C4006","",""
"C4300","",""
"C4301","",""
"C4302","",""
"C4303","",""
"C4304","",""
"C4305","",""
"C4306","",""
"C4307","",""
"C4308","",""
"C4309","",""
"C4310","",""
"C4311","",""
"C4312","",""
"C4313","",""
"C4314","",""
"C4315","",""
"C4316","",""
"C4317","",""
"C4318","",""
"C4319","",""
"C4320","",""
"C4321","",""
"C4322","",""
"C4323","",""
"C5440","",""
"C5501","",""
"C6041","",""
"C6050","",""
"C6051","",""
"C6052","-1,192081","37,969793"
"C6070","",""
"C6071","",""
"C6100","-1,682709","38,719734"
"C6101","",""
"C6102","",""
"C6103","",""
"C6104","",""
"C6410","",""
"C6701","",""
"C7400","",""
"C7804","",""
"C7805","",""
"C7806","",""
"C8100","-2,505867","42,472083"
"C8401","",""
"C9210","-3,876938","39,928824"
"C9211","-3,856512","39,946545"
"D0002","",""
"D0003","",""
"D0004","",""
"D0101","",""
"D0103","",""
"D0104","",""
"D0105","",""
"D0106","",""
"D0502","",""
"D1111","",""
"D1301","",""
"D1303","",""
"D1422","",""
"D1423","",""
"D1505","",""
"D2012","",""
"D2013","",""
"D2022","",""
"D2031","",""
"D2032","",""
"D2033","",""
"D2034","",""
"D2036","",""
"D2037","",""
"D2038","",""
"D2202","",""
"D2203","",""
"D2211","",""
"D2213","",""
"D2214","",""
"D2301","",""
"D3001","",""
"D3011","",""
"D3012","",""
"D3121","",""
"D3122","",""
"D3124","",""
"D3133","",""
"D3135","",""
"D3137","",""
"D3302","",""
"D3401","-4,711953","40,673545"
"D3402","",""
"D3403","",""
"D3405","",""
"D3407","",""
"D3514","",""
"D3521","",""
"D3532","",""
"D3533","",""
"D3534","",""
"D3536","",""
"D3541","",""
"D3546","",""
"D3548","",""
"D3601","",""
"D3602","",""
"D3603","",""
"D3731","",""
"D3732","",""
"D3734","",""
"D3741","",""
"D3742","",""
"D3760","",""
"D4011","",""
"D4200","",""
"D4209","",""
"D4217","",""
"D4303","",""
"D5021","",""
"D5022","",""
"D5031","",""
"D5042","",""
"D5045","",""
"D5054","",""
"D5055","",""
"D5056","",""
"D5421","",""
"D5431","",""
"D5432","",""
"D5501","",""
"D5502","",""
"D5507","",""
"D5603","",""
"D5604","",""
"D5605","",""
"D5606","",""
"D5607","",""
"D5608","",""
"D5609","",""
"D5611","",""
"D5621","",""
"D5633","",""
"D5634","",""
"D5635","",""
"D5701","",""
"D5702","",""
"D5703","",""
"D5811","",""
"D6101","",""
"D6131","",""
"D6210","",""
"D6211","",""
"D6541","",""
"D6601","-3,084411","39,996072"
"D6602","",""
"D6603","",""
"D6604","",""
"D6605","",""
"D6611","",""
"D6612","",""
"D6613","",""
"D6614","",""
"D6615","",""
"D6616","",""
"D6617","",""
"D6618","",""
"D6622","",""
"D6625","",""
"D6626","",""
"D6721","",""
"D7001","",""
"D7002","",""
"D7003","",""
"D7041","",""
"D7042","",""
"D7121","",""
"D7123","0,45154","41,235089"
"D7124","",""
"D7171","",""
"D7201","",""
"D7202","",""
"D7301","",""
"D7310","",""
"D7319","",""
"D7421","",""
"D7511","",""
"D7711","",""
"D7824","",""
"D7831","",""
"D7881","",""
"D7931","",""
"D7932","",""
"D8002","",""
"D8003","",""
"D8100","",""
"D8111","",""
"D8122","",""
"D8123","",""
"D8204","",""
"D8302","",""
"D8401","",""
"D8412","",""
"D9701","",""
"00001","",""
"00002","",""
"00003","",""
"00004","",""
"00005","-5,274509","38,291932"
"00006","",""
"00007","-5,122199","38,229355"
"00008","",""
"00010","-4,949905","38,119589"
"00012","-4,941889","38,116408"
"00013","-4,853026","38,076825"
"00014","-4,789492","38,025819"
"00015","-4,769448","38,002036"
"00016","-4,758916","37,973735"
"00017","-4,767574","37,919234"
"00018","-4,773429","37,914891"
"01001","-5,706721","37,207335"
"01002","",""
"01003","-5,548392","37,268135"
"01005","-5,425448","37,33422"
"01007","-5,114847","37,233788"
"01009","-4,8937","37,222366"
"01019","",""
"02000","-4,999464","37,791189"
"02001","-4,891999","37,589734"
"02002","-4,822268","37,359676"
"02003","-4,720192","37,071449"
"02004","-4,691629","36,858334"
"02005","-4,476931","36,698271"
"02020","-4,720452","37,066515"
"03001","-3,801934","37,977867"
"03002","-3,784097","37,913594"
"03003","",""
"03100","-3,790788","37,779917"
"04001","-3,663535","40,346813"
"04002","-3,61512","40,339259"
"04003","-3,490647","40,4066"
"04005","-3,314423","40,455745"
"04007","-3,126501","40,58652"
"04009","-2,92977","40,796502"
"04011","-2,702379","40,897257"
"04013","-2,526733","40,992288"
"04015","-2,349306","41,120195"
"04018","-2,070191","41,225947"
"04020","-1,906442","41,282766"
"04026","-1,405064","41,525909"
"04028","-1,262384","41,675992"
"04030","-1,079784","41,656187"
"04031","-0,925414","41,666218"
"04040","-0,910774","41,658683"
"04044","-0,755333","41,5521"
"04046","-0,521919","41,5316"
"04048","-0,353921","41,533121"
"04050","-0,158548","41,526447"
"04052","0,108138","41,572014"
"04054","0,370928","41,618496"
"04055","0,495703","41,629717"
"04100","0,602308","41,602764"
"04101","0,777356","41,538953"
"04102","1,102929","41,404313"
"04103","1,187292","41,268783"
"04104","1,271923","41,19213"
"04105","1,432994","41,187055"
"04106","1,605019","41,278527"
"04107","1,716463","41,358001"
"04108","1,833224","41,442707"
"04109","2,012318","41,405512"
"04110","2,089408","41,330585"
"04200","1,437782","41,183334"
"04300","2,194029","41,424729"
"04301","",""
"04302","2,421665","41,649187"
"04303","2,57874","41,729543"
"04304","2,766544","41,886454"
"04305","2,620227","41,745135"
"04306","",""
"04307","2,943028","42,264581"
"04308","",""
"04309","",""
"04310","",""
"04311","",""
"05000","-3,609136","37,184"
"05002","-3,695919","37,216787"
"05003","",""
"05004","-3,756051","37,247288"
"05005","",""
"05006","",""
"05007","",""
"05008","",""
"05009","-3,963147","37,232994"
"05010","",""
"05011","",""
"05012","-4,134975","37,175061"
"05013","",""
"05014","",""
"05015","-4,297522","37,122994"
"05016","-4,426117","37,134055"
"05017","",""
"05018","",""
"05019","-4,560924","37,028167"
"06001","-1,347123","37,886525"
"06002","-1,414493","37,849377"
"06003","-1,495615","37,76348"
"06004","-1,595385","37,703698"
"06005","-1,685641","37,680691"
"06006","-1,696252","37,672061"
"06007","-1,731898","37,580997"
"06008","-1,216974","37,964244"
"06100","-1,779577","37,474727"
"07001","-1,749475","37,399224"
"07003","-1,693032","37,39243"
"07004","-1,57253","37,409787"
"07007","-1,585864","37,411849"
"08000","-3,725218","40,624771"
"08001","-3,759176","40,763446"
"08004","-4,094868","40,910185"
"08005","-4,275599","40,992385"
"08006","-4,438227","41,125398"
"08007","-4,672583","41,268408"
"08008","-4,759979","41,353086"
"08009","-4,791421","41,461054"
"08010","",""
"08011","",""
"08012","-4,780553","41,483425"
"08013","",""
"08200","",""
"09000","",""
"09001","",""
"09002","",""
"09003","",""
"09004","",""
"09005","",""
"09006","",""
"09007","",""
"09008","",""
"09009","",""
"09010","",""
"09011","",""
"09012","",""
"09013","",""
"09014","",""
"09015","",""
"09016","",""
"09020","",""
"09021","",""
"09022","",""
"10000","-3,720123","40,422254"
"10001","-3,785552","40,448415"
"10002","-3,800203","40,447337"
"10005","-3,868148","40,494207"
"10007","-3,846271","40,474309"
"10010","-3,807857","40,465286"
"10100","-3,882252","40,522279"
"10101","-3,896748","40,552361"
"10103","-3,956445","40,574451"
"10104","-3,98226","40,600269"
"10105","-3,888387","40,538043"
"10200","-4,008069","40,626476"
"10201","-4,031114","40,617857"
"10202","-4,046352","40,609254"
"10203","-4,132421","40,58524"
"10204","-4,158088","40,538826"
"10205","-4,246759","40,520709"
"10206","-4,269116","40,568971"
"10207","-4,361556","40,589256"
"10208","-4,408705","40,590964"
"10209","-4,283051","40,567702"
"10300","-4,495097","40,599322"
"10301","-4,534514","40,606076"
"10302","-4,615031","40,648979"
"10400","-4,683314","40,657175"
"10401","",""
"10403","-4,653165","40,747913"
"10404","",""
"10405","-4,601889","40,88632"
"10406","",""
"10407","",""
"10408","",""
"10409","-4,701968","41,04707"
"10410","-4,750666","41,117774"
"10411","-4,792034","41,178183"
"10500","-4,909634","41,317268"
"10501","-4,835732","41,367689"
"10502","-4,801402","41,421901"
"10503","-4,772929","41,488711"
"10504","-4,754466","41,524079"
"10505","",""
"10600","-4,726967","41,64217"
"10601","-4,692167","41,677978"
"10602","-4,651332","41,737306"
"10603","-4,62341","41,766375"
"10604","-4,579609","41,809021"
"10605","-4,540835","41,871267"
"10608","-4,739516","41,622984"
"10610","-4,704104","41,660232"
"11000","-4,495894","41,917174"
"11002","-4,466191","41,943649"
"11003","",""
"11004","-4,432135","41,976575"
"11005","-4,299151","42,015957"
"11006","-4,198598","42,079965"
"11007","-4,106213","42,146899"
"11008","",""
"11009","-3,999543","42,21563"
"11010","-3,894002","42,272477"
"11011","-3,811816","42,327346"
"11014","-3,666178","42,370155"
"11101","",""
"11102","-3,622011","42,361742"
"11103","-3,540473","42,400773"
"11104","",""
"11106","-3,446961","42,464904"
"11107","",""
"11109","-3,319249","42,54272"
"11110","-3,246122","42,623008"
"11111","-3,112998","42,630261"
"11112","-3,013531","42,649075"
"11200","-2,94111","42,690754"
"11202","",""
"11203","-2,867521","42,742865"
"11204","-2,830131","42,765211"
"11205","-2,804915","42,816218"
"11206","",""
"11207","",""
"11208","-2,672643","42,841472"
"11209","",""
"11210","-2,514604","42,848818"
"11211","",""
"11212","-2,389177","42,84642"
"11213","-2,306783","42,869461"
"11214","",""
"11215","",""
"11216","",""
"11220","",""
"11221","-2,745911","42,85127"
"11300","-2,181218","42,894856"
"11303","-2,263594","42,939425"
"11304","",""
"11305","-2,334618","43,018796"
"11306","-2,33059","43,051029"
"11400","-2,32001","43,087105"
"11402","-2,256438","43,040262"
"11403","",""
"11404","-2,202352","43,046247"
"11405","-2,1792","43,052714"
"11406","-2,162626","43,068441"
"11407","-2,140898","43,085725"
"11408","-2,125577","43,094023"
"11409","-2,097187","43,101731"
"11411","-2,278671","43,058808"
"11500","-2,079037","43,135457"
"11501","-2,074155","43,138569"
"11502","-2,070398","43,162595"
"11503","-2,055387","43,18839"
"11504","-2,020521","43,214768"
"11505","-2,01566","43,221984"
"11506","-1,988435","43,247526"
"11507","-1,973269","43,264778"
"11508","-1,963741","43,272514"
"11509","-1,956199","43,299087"
"11510","-1,963686","43,303851"
"11511","-1,976902","43,317697"
"11512","-1,973536","43,321799"
"11513","-1,959847","43,320305"
"11514","-1,937119","43,318563"
"11515","-1,91716","43,3189"
"11516","-1,899509","43,315074"
"11518","-1,8168","43,330436"
"11521","",""
"11600","-1,801305","43,339467"
"11601","",""
"11602","",""
"11604","",""
"12001","-4,021912","40,638565"
"12002","-4,035127","40,658251"
"12004","-4,035877","40,692739"
"12005","-4,067192","40,70662"
"12006","-4,06647","40,737487"
"12007","-4,125385","40,705644"
"12008","-4,157734","40,716902"
"12009","-4,181425","40,714945"
"12010","-4,189551","40,74083"
"12011","-4,207409","40,778525"
"12012","-4,203557","40,800902"
"12013","-4,16815","40,832702"
"12014","-4,141142","40,856644"
"12015","",""
"12016","",""
"12017","",""
"12018","",""
"12019","",""
"12020","-4,004749","40,784444"
"12021","",""
"12022","",""
"12023","-3,964533","40,822265"
"12100","-4,113504","40,934224"
"13001","-2,907168","42,805003"
"13002","-2,896225","42,868592"
"13003","-2,900788","42,951395"
"13004","-2,91584","42,992981"
"13005","-2,98458","43,02083"
"13006","-2,979729","42,986775"
"13100","-3,015829","42,994606"
"13101","-3,001972","43,048988"
"13102","-2,999405","43,074142"
"13103","-2,999733","43,093588"
"13104","-2,96985","43,132833"
"13106","-2,96067","43,14232"
"13107","-2,9434","43,145105"
"13108","-2,927646","43,163161"
"13109","-2,918241","43,169872"
"13110","-2,902711","43,17907"
"13111","-2,88855","43,21007"
"13112","-2,882223","43,223385"
"13113","-2,88955","43,236916"
"13114","-2,9165","43,242446"
"13115","-2,909095","43,176979"
"13116","-3,003903","43,035797"
"13117","-2,938617","43,152632"
"13118","-2,887332","43,225839"
"13119","-2,923838","43,240045"
"13120","-2,92883","43,248675"
"13121","-2,996271","43,057729"
"13200","-2,927608","43,260606"
"13201","-2,939945","43,253803"
"13203","",""
"13205","-2,932619","43,256251"
"13206","-2,943666","43,254644"
"13207","-2,946057","43,258242"
"13208","-2,948793","43,26149"
"13300","",""
"13303","-2,954903","43,264084"
"13304","-2,972176","43,277711"
"13305","-2,975428","43,287757"
"13306","",""
"13400","-2,98388","43,300167"
"13401","-2,993948","43,308436"
"13402","-3,004485","43,312642"
"13403","-3,014997","43,318626"
"13404","-3,023472","43,326328"
"13405","-3,030082","43,328807"
"13407","",""
"13408","-3,060594","43,343827"
"13501","-3,010202","43,304102"
"13502","-3,017458","43,302853"
"13503","-3,02877","43,301467"
"13504","-3,060413","43,311523"
"13505","-3,091183","43,315663"
"13506","-3,112395","43,321391"
"13507","-3,041077","43,30753"
"13508","-3,067434","43,319295"
"13509","-3,053692","43,308613"
"14100","-4,533983","42,015659"
"14101","-4,501681","42,105555"
"14102","-4,480497","42,178179"
"14103","-4,434585","42,211722"
"14104","-4,402455","42,264895"
"14105","-4,382234","42,310254"
"14106","-4,363041","42,357014"
"14107","-4,357362","42,4142"
"14108","-4,374477","42,478948"
"14109","-4,370407","42,496975"
"14110","",""
"14111","-4,316528","42,598651"
"14112","-4,311383","42,656868"
"14113","-4,275605","42,723387"
"14114","-4,233824","42,785316"
"14115","-4,202725","42,818916"
"14117","-4,495849","42,116748"
"14200","-4,164958","42,871108"
"14201","-4,121862","42,91903"
"14202","-4,140499","42,994843"
"14203","-4,084011","43,058331"
"14204","-4,073841","43,082307"
"14205","-4,097505","43,102131"
"14206","-4,053481","43,128698"
"14207","-4,039071","43,145496"
"14208","-4,045082","43,170123"
"14209","-4,054132","43,193192"
"14210","-4,063989","43,255121"
"14211","-4,073228","43,298617"
"14212","-4,054","43,324486"
"14213","-4,042662","43,327612"
"14214","-4,02662","43,341712"
"14215","-3,991016","43,347701"
"14216","-3,949597","43,353083"
"14217","-3,89424","43,376703"
"14218","-3,859485","43,391471"
"14219","-3,841632","43,410392"
"14220","-3,842045","43,41742"
"14221","-3,848165","43,427106"
"14223","-3,811454","43,45924"
"14224","",""
"14226","-4,033211","43,387474"
"14227","-4,135667","42,951091"
"14228","-4,067591","43,131219"
"14230","-3,827903","43,454045"
"14231","-3,847199","43,444713"
"14232","-4,067596","43,265806"
"14233","-4,134408","43,000748"
"14234","-4,082643","43,12263"
"14235","-4,050076","43,185071"
"14236","-3,964805","43,360629"
"14237","-3,844134","43,421714"
"15001","-4,584845","42,049924"
"15002","-4,626872","42,086145"
"15003","-4,647132","42,104745"
"15004","-4,697514","42,150698"
"15005","-4,780777","42,178354"
"15006","-4,850233","42,191084"
"15007","-4,970556","42,245207"
"15008","-5,013421","42,323231"
"15009","-5,022655","42,369352"
"15010","-5,078739","42,402191"
"15011","",""
"15012","-5,208503","42,425727"
"15013","-5,296827","42,466342"
"15014","-5,386675","42,459977"
"15015","-5,497464","42,460636"
"15016","-5,537393","42,480971"
"15017","-5,559915","42,517273"
"15018","-5,580175","42,583396"
"15019","-5,589632","42,554676"
"15100","-5,580819","42,593186"
"15102","",""
"15103","-5,633432","42,681637"
"15104","",""
"15105","",""
"15106","-5,626428","42,803968"
"15107","",""
"15108","-5,674626","42,854025"
"15109","-5,639712","42,874946"
"15110","-5,640553","42,889135"
"15111","",""
"15112","-5,657717","42,936633"
"15113","-5,705306","42,984459"
"15114","-5,772849","43,027678"
"15115","-5,725544","43,070086"
"15116","-5,772208","43,10165"
"15117","-5,7957","43,106507"
"15118","-5,769414","43,07171"
"15119","-5,798545","43,096127"
"15120","-5,816379","43,110138"
"15121","-5,816027","43,130085"
"15122","-5,831011","43,158661"
"15123","-5,814621","43,183831"
"15200","-5,792669","43,20602"
"15202","-5,785612","43,220857"
"15203","-5,782237","43,250045"
"15204","-5,784655","43,254613"
"15205","-5,80476","43,2674"
"15206","-5,812254","43,277046"
"15207","-5,818851","43,296085"
"15208","-5,855818","43,30637"
"15209","-5,8692","43,313226"
"15210","-5,873283","43,329022"
"15211","-5,854885","43,366309"
"15212","-5,811938","43,404218"
"15214","-5,811295","43,434081"
"15217","-5,827138","43,388196"
"15218","-5,85734","43,358817"
"15300","-5,815926","43,442301"
"15301","-5,826377","43,461513"
"15302","-5,781933","43,504867"
"15303","-5,746364","43,520815"
"15304","-5,736568","43,527305"
"15305","-5,800049","43,474145"
"15400","-5,722789","43,541583"
"15401","-5,697983","43,535336"
"15402","",""
"15403","",""
"16001","-5,812619","43,317338"
"16002","-5,776873","43,331057"
"16005","-5,720882","43,321331"
"16006","-5,710932","43,317808"
"16008","-5,692811","43,304823"
"16009","-5,679444","43,291812"
"16010","-5,668692","43,289405"
"16011","-5,644679","43,287205"
"16101","-5,78607","43,388999"
"16301","-5,861615","43,476024"
"16302","-5,869255","43,507312"
"16400","-5,870232","43,523387"
"16401","-5,902201","43,540271"
"16402","-5,904731","43,547078"
"16403","-5,922825","43,561283"
"16404","-5,928641","43,575691"
"16405","-5,931319","43,587903"
"16406","",""
"16407","",""
"16408","-5,884934","43,535971"
"16501","-5,863058","43,555384"
"16601","-5,723564","43,555109"
"16604","-5,688692","43,552383"
"16605","",""
"16606","",""
"17000","-3,681469","40,47353"
"17001","-3,681896","40,502512"
"17003","-3,713954","40,558784"
"17004","-3,715558","40,598548"
"17005","-3,776629","40,645225"
"17006","-3,793578","40,717379"
"17007","-3,766652","40,758247"
"17008","-3,752156","40,806913"
"17009","-3,700197","40,543861"
"17010","",""
"17100","-3,686944","40,849915"
"17102","-3,650911","40,902688"
"17103","-3,715956","40,952097"
"17105","-3,674078","41,028309"
"17106","-3,642857","41,043805"
"17107","-3,590478","41,1077"
"17108","-3,563486","41,180678"
"17109","-3,507362","41,257549"
"17110","-3,600967","41,331413"
"17111","-3,543353","41,42967"
"17112","-3,543028","41,502912"
"17113","-3,626934","41,596308"
"17114","-3,692847","40,922603"
"17115","-3,625032","41,087813"
"17116","-3,597198","41,590535"
"17117","-3,62221","41,063234"
"17200","-3,696761","41,668716"
"17201","-3,670825","41,774393"
"17203","",""
"17204","-3,769921","41,935317"
"17205","-3,772681","42,022132"
"17206","-3,734639","42,117815"
"17208","-3,70541","42,250442"
"17209","",""
"18000","-3,689084","40,406105"
"18001","-3,691921","40,422536"
"18002","-3,690645","40,446619"
"18003","-3,678389","40,395602"
"18004","-3,691443","40,399735"
"18005","-3,711317","40,402619"
"18101","-3,703119","40,416927"
"18102","",""
"18103","",""
"19001","-3,683705","40,553977"
"19002","-3,654136","40,547455"
"19003","-3,635012","40,546623"
"19004","-3,692583","40,553334"
"20002","-5,637936","42,550138"
"20003","-5,745568","42,521569"
"20004","-5,820236","42,476492"
"20005","-5,887603","42,433542"
"20006","-5,964048","42,414327"
"20007","-6,007954","42,424436"
"20008","-5,838852","42,464577"
"20100","-6,047247","42,459449"
"20101","",""
"20102","-6,068013","42,553163"
"20103","-6,108371","42,598954"
"20104","-6,201076","42,63258"
"20105","-6,251474","42,630499"
"20106","-6,294997","42,606838"
"20108","-6,282474","42,61485"
"20109","-6,328919","42,595474"
"20111","-6,422196","42,609592"
"20112","",""
"20113","-6,523836","42,586421"
"20114","",""
"20200","-6,602317","42,545401"
"20201","-6,686117","42,543764"
"20202","",""
"20203","-6,75114","42,536861"
"20204","-6,776612","42,541059"
"20205","",""
"20206","",""
"20207","-6,830848","42,475258"
"20208","-6,829572","42,420675"
"20209","",""
"20210","-6,91195","42,414828"
"20211","-6,985082","42,418235"
"20212","-7,061464","42,411558"
"20213","-7,113296","42,392661"
"20214","-7,194572","42,393743"
"20215","-7,227557","42,445462"
"20216","-7,287196","42,465221"
"20217","-7,344368","42,483336"
"20218","-7,400087","42,533735"
"20300","-7,503479","42,529591"
"20302","",""
"20303","-7,484901","42,649062"
"20304","-7,447768","42,721829"
"20305","-7,418891","42,784075"
"20306","-7,393364","42,832903"
"20307","",""
"20308","-7,481682","42,957786"
"20309","-7,552112","43,015092"
"20310","-7,62475","43,121363"
"20311","",""
"20312","-7,756304","43,173378"
"20313","-7,83735","43,163621"
"20314","-7,895127","43,179069"
"20315","",""
"20316","-8,037666","43,141377"
"20317","-8,143177","43,1272"
"20318","-8,191205","43,145301"
"20319","-8,200532","43,173034"
"20320","-8,187004","43,2187"
"20322","-7,583035","43,097513"
"20323","-7,556036","43,047611"
"20400","-8,225844","43,270746"
"20401","",""
"20402","-8,307754","43,287918"
"20403","-8,352112","43,2905"
"20404","-8,36865","43,317875"
"20405","",""
"20406","-8,398556","43,358025"
"20407","",""
"20410","-8,413005","43,335228"
"20601","-6,766545","42,55631"
"20603","-6,814144","42,60164"
"21001","-8,215862","43,284157"
"21002","-8,205404","43,342303"
"21003","-8,201086","43,378179"
"21004","-8,180378","43,411768"
"21005","-8,16883","43,415618"
"21006","",""
"21007","-8,188616","43,462881"
"21008","-8,175033","43,472297"
"21009","-8,160986","43,495386"
"21010","-8,231033","43,488034"
"21011","",""
"22001","-7,587627","42,482702"
"22002","-7,629174","42,457926"
"22003","-7,66301","42,427475"
"22004","-7,712948","42,45306"
"22005","-7,735604","42,451173"
"22006","-7,802662","42,401056"
"22100","-7,872764","42,350314"
"22101","-8,011593","42,338546"
"22102","-8,139187","42,293064"
"22103","-8,184792","42,219925"
"22104","-8,201038","42,154872"
"22105","-8,234913","42,136671"
"22106","-8,300205","42,107001"
"22107","-8,35599","42,092042"
"22108","-8,42011","42,075446"
"22109","-8,49522","42,081602"
"22110","-8,56639","42,055805"
"22200","-8,622534","42,065662"
"22201","-8,621993","42,164074"
"22202","-8,596734","42,23437"
"22203","-8,622771","42,125213"
"22300","-8,619426","42,286024"
"22302","",""
"22303","",""
"22305","",""
"22308","-8,711349","42,240274"
"22309","",""
"22319","-8,669719","42,272522"
"22401","-8,643028","42,05658"
"22402","-8,639245","42,024043"
"22403","-8,648926","42,037958"
"23000","-8,607141","42,286918"
"23001","-8,616562","42,31035"
"23002","-8,610473","42,340436"
"23003","",""
"23004","-8,635882","42,421616"
"23005","-8,654539","42,517756"
"23006","-8,657965","42,587477"
"23008","-8,73612","42,598842"
"23009","-8,72536","42,672216"
"23010","-8,652153","42,722931"
"23011","-8,652598","42,738984"
"23012","-8,651203","42,781072"
"23013","-8,615844","42,825269"
"23014","",""
"23015","-8,647684","42,52767"
"23017","",""
"23018","-8,630044","42,438314"
"23019","",""
"30000","-6,101058","39,937481"
"30002","-6,099492","40,022199"
"30023","",""
"30100","-5,648527","40,971861"
"30101","",""
"30110","-5,656277","40,966834"
"30200","-5,73974","41,515917"
"30216","",""
"30219","",""
"31002","-5,076765","41,334756"
"31003","",""
"31004","-5,242896","41,40248"
"31006","-5,383332","41,511824"
"31007","-5,504546","41,507991"
"31008","",""
"31009","",""
"31010","",""
"31102","",""
"31104","-5,972014","41,681556"
"31105","",""
"31106","-6,073897","41,764115"
"31107","-6,141835","41,809394"
"31108","-6,205094","41,848269"
"31109","-6,246335","41,854594"
"31110","",""
"31111","-6,379867","41,909122"
"31112","-6,484612","41,946959"
"31113","",""
"31200","-6,62665","42,045641"
"31201","-6,696708","42,027225"
"31202","-6,748841","42,02253"
"31203","-6,893509","42,03782"
"31204","-7,019293","42,044459"
"31205","-7,13247","42,060638"
"31206","-7,234198","42,070045"
"31207","",""
"31208","-7,403868","42,087961"
"31209","",""
"31210","-7,598636","42,163338"
"31211","-7,683007","42,237566"
"31212","",""
"31213","",""
"31214","-7,831791","42,265439"
"31215","-7,860904","42,332692"
"31301","-7,989602","42,35277"
"31302","-8,006818","42,411476"
"31303","-8,028941","42,411366"
"31304","-8,068795","42,431441"
"31305","",""
"31306","-8,105038","42,519645"
"31307","",""
"31308","-8,142653","42,632529"
"31309","-8,206923","42,684417"
"31310","",""
"31311","-8,304425","42,746166"
"31312","-8,428153","42,77664"
"31313","-8,486154","42,829554"
"31314","-8,289643","42,754834"
"31400","-8,544712","42,870788"
"31403","",""
"31406","",""
"31407","",""
"31408","",""
"31409","-8,449542","43,215073"
"31411","-8,444423","43,297415"
"31412","-8,409508","43,352867"
"31415","-8,447864","43,038"
"31421","-8,445635","43,164042"
"31422","-8,418565","43,167701"
"31434","",""
"31436","",""
"32001","-5,01787","41,25951"
"32002","-5,114467","41,215444"
"32003","-5,137987","41,191373"
"32004","-5,183022","41,133605"
"32005","-5,300671","41,118111"
"32006","-5,406126","41,079874"
"32007","-5,474123","41,063753"
"32008","-5,541548","41,041797"
"32009","-5,584137","41,012099"
"33001","-5,690897","40,953478"
"33003","-5,878622","40,909919"
"33004","",""
"33006","-6,052965","40,851208"
"33007","-6,197469","40,813149"
"33008","-6,248397","40,793145"
"33009","-6,291612","40,778565"
"33010","-6,347476","40,763113"
"33011","-6,400486","40,719055"
"33012","-6,43439","40,663258"
"33013","-6,530469","40,608723"
"33014","-6,620821","40,587021"
"33015","-6,730182","40,559277"
"33016","-6,824564","40,598526"
"33030","-6,826081","40,605786"
"34002","-4,750798","40,739191"
"34003","-4,795614","40,761518"
"34004","-4,83683","40,785646"
"34005","-4,871473","40,803808"
"34007","-4,968015","40,870093"
"34008","-5,052806","40,866571"
"34010","-5,206419","40,898005"
"34011","-5,296041","40,952028"
"34012","-5,430583","40,972358"
"34013","-5,492806","40,984154"
"34014","-5,5532","40,979782"
"35001","-3,771025","40,328877"
"35002","-3,799569","40,283153"
"35004","-3,856136","40,208181"
"35005","-3,842351","40,120839"
"35008","",""
"35009","-3,748218","40,340681"
"35010","-3,792619","40,296784"
"35011","-3,783388","40,312772"
"35012","-3,828616","40,255703"
"35100","-3,902354","40,032324"
"35102","-4,023256","39,972147"
"35103","-4,128459","39,963982"
"35105","-4,283092","39,97897"
"35107","-4,48747","39,948813"
"35108","",""
"35109","-4,64652","39,960866"
"35200","-4,826493","39,970641"
"35201","-4,962785","39,891136"
"35203","-5,186161","39,921722"
"35206","-5,545646","39,894842"
"35207","-5,677452","39,891236"
"35209","-5,897855","39,915256"
"35301","-6,228907","39,866169"
"35302","-6,325704","39,812077"
"35303","-6,374543","39,788962"
"35304","-6,457373","39,703862"
"35305","-6,440301","39,55147"
"35400","-6,385681","39,461153"
"35402","-6,53442","39,468074"
"35404","",""
"35405","-7,117065","39,381526"
"35406","-7,230699","39,426894"
"35407","-7,30722","39,465477"
"35600","-3,760781","40,385705"
"35601","-3,768638","40,383673"
"35602","-3,780269","40,3812"
"35603","-3,791481","40,377776"
"35604","-3,81558","40,356559"
"35605","-3,832046","40,350302"
"35606","-3,863721","40,328562"
"35607","-3,882423","40,330962"
"35608","-3,744165","40,398983"
"35609","-3,702648","40,405126"
"35610","-3,84307","40,341471"
"35701","-3,678216","40,395625"
"35702","-3,698901","40,378891"
"35703","-3,704708","40,366355"
"35704","-3,705184","40,350368"
"36001","",""
"36002","",""
"36003","",""
"36004","",""
"37000","",""
"37001","-3,711568","40,34155"
"37002","-3,734025","40,309924"
"37003","-3,739257","40,266933"
"37004","",""
"37006","-3,769617","40,138767"
"37008","-3,850677","39,945904"
"37009","-3,744571","40,234077"
"37010","-3,727258","40,322952"
"37011","-3,737536","40,288238"
"37012","-3,769413","40,240837"
"37013","-3,668371","40,298728"
"37100","-3,862967","39,914235"
"37101","-3,854223","39,817422"
"37104","-3,80123","39,682921"
"37106","-3,820741","39,549409"
"37107","-3,822226","39,419046"
"37108","-3,874266","39,335077"
"37110","-3,860489","39,165821"
"37113","-3,837844","39,982839"
"37200","-3,913343","38,985086"
"37201","",""
"37202","-3,99936","38,866519"
"37205","-4,070361","38,803697"
"37206","",""
"37210","-4,071342","38,803555"
"37300","",""
"37301","-4,14418","38,677775"
"37302","-4,316612","38,668817"
"37303","-4,474776","38,705009"
"37305","-4,730308","38,740551"
"37306","",""
"37307","",""
"37308","-4,929545","38,699218"
"37309","-5,074371","38,714767"
"37311","-5,226613","38,724014"
"37315","-4,064613","38,670684"
"37316","-4,512927","38,194875"
"37400","-5,290419","38,6966"
"37401","",""
"37402","-5,541804","38,73496"
"37404","-5,641817","38,854091"
"37405","",""
"37406","-5,796414","38,968806"
"37407","-5,862873","38,966984"
"37408","-5,97255","38,934044"
"37409","-6,069392","38,913337"
"37410","-6,12895","38,896874"
"37411","",""
"37412","",""
"37413","",""
"37414","-6,094899","38,908311"
"37500","-6,343073","38,921391"
"37502","",""
"37600","-6,407876","38,936412"
"37601","-6,47406","38,9157"
"37602","",""
"37603","-6,598563","38,913516"
"37604","-6,689313","38,922011"
"37605","-6,800261","38,933764"
"37606","-6,98174","38,890664"
"37608","-6,618263","38,913979"
"37609","-6,926146","38,920204"
"37610","-7,03015","38,920244"
"37700","-4,111612","38,691415"
"37701","-4,316583","38,668725"
"37702","-4,428201","38,568553"
"37703","-4,479304","38,380834"
"37704","-4,571081","38,255445"
"37705","-4,561619","38,020007"
"37706","-4,691979","37,924646"
"37801","-5,243313","37,766651"
"37802","-5,622784","37,600738"
"37803","-5,948881","37,470772"
"37805","-5,960694","37,453506"
"40001","",""
"40002","-6,382956","38,886894"
"40003","",""
"40004","-6,399788","38,684648"
"40005","-6,352078","38,564477"
"40006","-6,361656","38,449601"
"40008","-6,409755","38,424575"
"40100","-6,405429","38,413873"
"40101","",""
"40103","-6,186611","38,334069"
"40105","-6,009802","38,237663"
"40107","-5,900535","38,163543"
"40108","-5,803471","38,09026"
"40110","",""
"40111","",""
"40113","-5,704405","37,932786"
"40114","-5,737738","37,862431"
"40115","-5,76243","37,837313"
"40118","-5,750717","37,701298"
"40119","-5,712175","37,661637"
"40121","-5,731082","37,635039"
"40122","-5,731388","37,61034"
"41002","-6,592485","38,375023"
"41003","-6,719384","38,335707"
"41004","-6,783678","38,322324"
"41005","-6,481225","38,380067"
"42002","-6,408809","38,342718"
"42003","-6,453996","38,257452"
"42005","-6,637799","38,167687"
"42006","-6,631008","38,053271"
"42007","",""
"42008","-6,773044","37,927955"
"42009","-6,797329","37,901221"
"42010","",""
"42012","-6,873731","37,787125"
"42013","-6,900539","37,72032"
"42014","-6,892717","37,705512"
"42015","-6,876488","37,651967"
"42016","-6,919846","37,586186"
"42017","",""
"42018","-6,953399","37,516501"
"42019","-6,94755","37,461842"
"42020","-6,962322","37,367911"
"42021","",""
"43001","-6,023453","37,417733"
"43002","-6,040854","37,417888"
"43003","-6,148226","37,40707"
"43006","-6,258826","37,31426"
"43007","",""
"43008","-6,335041","37,368994"
"43009","-6,392014","37,397842"
"43010","",""
"43011","-6,554421","37,390639"
"43012","-6,598827","37,386985"
"43013","-6,661644","37,361406"
"43014","",""
"43015","-6,681261","37,358501"
"43016","",""
"43017","",""
"43018","-6,847002","37,309748"
"43019","-6,95099","37,253023"
"43020","",""
"43021","-6,841084","37,311883"
"43022","",""
"43023","-6,909842","37,2684"
"43024","",""
"50001","-3,211296","39,256396"
"50002","-3,232795","39,169286"
"50003","-3,252989","39,083264"
"50100","-3,370539","39,005806"
"50101","-3,393674","38,891313"
"50102","-3,395945","38,763295"
"50200","-3,451524","38,644625"
"50201","-3,494242","38,575133"
"50202","-3,50177","38,514287"
"50203","-3,496034","38,43572"
"50204","-3,501554","38,373827"
"50205","-3,501252","38,331254"
"50206","-3,479045","38,288817"
"50207","-3,517506","38,2157"
"50208","",""
"50209","-3,557904","38,135637"
"50300","-3,589317","38,069127"
"50301","-3,637161","38,019983"
"50302","-3,708567","38,000569"
"50303","-3,783666","37,989213"
"50400","-3,832282","38,010132"
"50402","-3,923909","38,004204"
"50403","-4,066053","38,028185"
"50404","-4,116988","38,010494"
"50405","-4,168937","38,018938"
"50406","-4,231668","38,008346"
"50407","-4,281952","37,982985"
"50408","-4,382328","38,007969"
"50409","-4,442428","37,955628"
"50410","-4,488823","37,941783"
"50411","-4,536375","37,949775"
"50412","-4,602102","37,911135"
"50413","-4,675361","37,933052"
"50414","-4,476001","37,941386"
"50417","-4,720688","37,912557"
"50500","-4,789505","37,888505"
"50501","-4,850309","37,867281"
"50502","-4,914061","37,847735"
"50503","-5,008296","37,813727"
"50504","-5,106333","37,803946"
"50505","-5,206057","37,773999"
"50506","-5,292734","37,718068"
"50507","-5,341639","37,707506"
"50508","-5,433331","37,690222"
"50512","-4,821568","37,875348"
"50521","-4,985275","37,821414"
"50600","-5,530967","37,661108"
"50602","-5,669886","37,581378"
"50700","-5,725216","37,589847"
"50701","-5,803192","37,57489"
"50702","-5,866801","37,546248"
"50703","-5,940059","37,480033"
"50709","-5,960306","37,455844"
"50803","",""
"51003","-5,974836","37,392404"
"51005","-5,936888","37,374657"
"51006","",""
"51007","",""
"51009","-5,936523","37,403627"
"51010","-5,939481","37,370957"
"51050","-6,010079","37,407457"
"51051","-6,007684","37,416922"
"51100","-5,979539","37,377518"
"51101","-5,963827","37,32907"
"51102","",""
"51103","-5,923537","37,28718"
"51106","",""
"51107","-5,991333","37,362312"
"51110","-5,975992","37,362824"
"51111","-5,96434","37,321512"
"51112","-5,910713","37,27844"
"51200","-5,789998","37,183396"
"51201","",""
"51202","-5,946399","37,019384"
"51203","-6,086474","36,929939"
"51204","",""
"51205","-6,062224","36,756013"
"51207","-6,093499","36,720927"
"51300","-6,126547","36,679994"
"51400","-6,217947","36,603956"
"51401","-6,189432","36,532728"
"51402","-6,194011","36,475829"
"51404","-6,277052","36,513642"
"51405","-6,288529","36,529388"
"51406","-6,206744","36,467978"
"51407","-6,268269","36,494347"
"51409","-6,27214","36,50309"
"51411","",""
"51413","",""
"51414","-6,280597","36,521315"
"51415","-6,198619","36,544059"
"51416","-6,206185","36,529226"
"51417","-6,21623","36,58464"
"54001","",""
"54100","-4,832558","37,836499"
"54101","-4,759341","37,799315"
"54102","-4,688028","37,779994"
"54103","-4,667102","37,70144"
"54104","-4,656989","37,637969"
"54105","-4,634112","37,578821"
"54106","-4,660776","37,52453"
"54200","",""
"54201","-4,752987","37,396012"
"54202","-4,764383","37,294609"
"54300","-4,774985","37,209324"
"54301","-4,737956","37,135311"
"54400","-4,727748","37,037559"
"54402","-4,738366","36,976573"
"54403","-4,759278","36,907278"
"54404","-4,719428","36,873284"
"54405","-4,699655","36,819815"
"54406","-4,711847","36,764083"
"54407","-4,664719","36,73309"
"54408","-4,608534","36,733723"
"54410","-4,545441","36,705198"
"54412","-4,472327","36,69531"
"54413","-4,432411","36,711509"
"54414","",""
"54501","-4,45426","36,701229"
"54503","-4,483715","36,692021"
"54504","",""
"54505","-4,486998","36,675565"
"54506","",""
"54507","",""
"54508","-4,492651","36,641909"
"54509","-4,499625","36,622497"
"54510","-4,515376","36,609845"
"54511","-4,536314","36,599053"
"54512","-4,567035","36,582257"
"54513","-4,593693","36,570649"
"54514","-4,606676","36,564875"
"54515","-4,614577","36,554635"
"54516","-4,624027","36,541751"
"54517","-4,426781","36,715311"
"54518","-4,485132","36,645021"
"54519","-4,509425","36,613664"
"54520","-4,480315","36,656175"
"54521","-4,482588","36,651262"
"54522","-4,493736","36,641355"
"54523","-4,513015","36,611323"
"54524","-4,560078","36,584211"
"54525","-4,604165","36,56539"
"55001","-4,863512","37,032188"
"55002","",""
"55003","-5,020109","37,001024"
"55004","",""
"55005","-5,121114","36,862447"
"55006","",""
"55007","-5,161958","36,748419"
"55008","-5,140188","36,791061"
"55009","-5,19657","36,760867"
"55010","-5,246402","36,713766"
"55011","-5,281499","36,660731"
"55012","-5,332801","36,59737"
"55013","-5,386869","36,540364"
"55014","-5,419","36,467926"
"55015","-5,434272","36,424294"
"55016","-5,406726","36,331057"
"55017","-5,430101","36,276735"
"55018","-5,431961","36,21361"
"55019","-5,460782","36,173878"
"55020","-5,448969","36,126452"
"55021","",""
"55024","",""
"55026","",""
"56001","",""
"56002","-3,535441","37,955567"
"56003","",""
"56004","-3,350186","37,913341"
"56005","-3,282514","37,892053"
"56006","",""
"56007","-3,23167","37,777123"
"56008","-3,187034","37,717093"
"56009","-3,262533","37,656725"
"56010","",""
"56011","-3,30292","37,580351"
"56012","-3,320661","37,508629"
"56100","-3,310534","37,431139"
"56101","-3,250731","37,405375"
"56102","-3,184929","37,362914"
"56103","-3,163144","37,345296"
"56200","-3,127144","37,316846"
"56201","-3,029207","37,252867"
"56300","-2,94905","37,221526"
"56301","-2,839708","37,184697"
"56302","-2,783976","37,167489"
"56303","-2,691052","37,143723"
"56305","-2,591509","37,108851"
"56306","-2,524824","37,044302"
"56307","-2,526875","36,972277"
"56308","-2,487462","36,951574"
"56309","-2,455453","36,922523"
"56310","-2,436208","36,883489"
"56312","-2,456148","36,834682"
"56313","",""
"56314","",""
"57002","-3,424285","37,40025"
"57003","-3,527885","37,395878"
"57004","-3,596505","37,332596"
"57006","-3,647036","37,233988"
"58001","",""
"58101","-3,103214","37,189023"
"60000","-3,690552","40,405559"
"60001","-3,678774","40,374836"
"60004","-3,677351","40,369898"
"60100","-3,684186","40,352561"
"60101","-3,698749","40,331894"
"60102","-3,707807","40,305473"
"60103","-3,703615","40,242806"
"60104","-3,664956","40,196006"
"60105","-3,61014","40,159117"
"60106","",""
"60107","-3,683866","40,342047"
"60108","",""
"60109","-3,709821","40,318532"
"60115","",""
"60116","",""
"60200","-3,618281","40,034864"
"60201","",""
"60202","-3,738438","39,949581"
"60203","-3,728541","39,879478"
"60204","-3,652765","39,817454"
"60205","",""
"60206","-3,497053","39,72247"
"60207","-3,430041","39,694036"
"60208","",""
"60299","-4,982983","37,822312"
"60300","-3,330358","39,622006"
"60301","-3,266263","39,50423"
"60302","-3,213474","39,402742"
"60400","-3,205441","39,395973"
"60402","-3,11768","39,394401"
"60404","-2,951864","39,334796"
"60406","-2,775488","39,278758"
"60500","-2,598513","39,260829"
"60503","-2,348486","39,240717"
"60505","-2,162864","39,199381"
"60507","-2,000284","39,111701"
"60599","-5,467641","37,687233"
"60600","-1,848239","38,999776"
"60601","",""
"60602","",""
"60700","",""
"60701","-1,694588","38,903691"
"60702","",""
"60704","",""
"60705","-1,252999","38,939917"
"60800","-1,105463","38,867785"
"60900","-0,954273","38,765392"
"60901","-0,959746","38,716129"
"60902","-0,867675","38,631836"
"60903","",""
"60904","-0,814225","38,544776"
"60905","-0,801065","38,48494"
"60906","-0,816629","38,441351"
"60907","-0,777721","38,407148"
"60908","-0,694985","38,406264"
"60909","-0,614843","38,407371"
"60910","-0,534706","38,397878"
"60911","-0,49552","38,344593"
"60913","-0,528733","38,394621"
"60914","-0,528425","38,384121"
"61001","-1,724332","38,804199"
"61003","-1,664855","38,649027"
"61004","",""
"61005","-1,688562","38,508773"
"61007","-1,629912","38,403486"
"61009","",""
"61011","",""
"61012","-1,421796","38,246589"
"61013","-1,324914","38,222822"
"61014","",""
"61015","-1,236023","38,131332"
"61017","-1,245257","38,0516"
"61018","",""
"61100","",""
"61101","-1,194965","37,969628"
"61200","-1,131555","37,974803"
"61204","",""
"61210","-1,028576","38,006325"
"61301","",""
"61302","-0,973288","37,896051"
"61303","-0,950954","37,818798"
"61304","-0,96704","37,746988"
"61305","-0,977814","37,699924"
"61307","-0,975008","37,605049"
"61308","",""
"61401","-0,925759","37,574755"
"62001","-0,999542","38,044763"
"62002","-0,944537","38,077884"
"62003","-0,874399","38,122674"
"62100","-0,838101","38,167006"
"62101","-0,781565","38,224497"
"62102","-0,706358","38,269022"
"62103","-0,695069","38,271853"
"62104","-0,582505","38,289598"
"62105","",""
"62107","",""
"62108","-0,655529","38,278621"
"62109","-0,508731","38,329048"
"64001","-0,849014","38,830279"
"64003","-0,753722","38,877612"
"64004","-0,682565","38,912535"
"64005","-0,641254","38,942843"
"64006","-0,586423","38,969052"
"64007","-0,477711","39,050115"
"64100","-0,52455","38,992191"
"64102","-0,469921","39,082064"
"64103","-0,454445","39,120491"
"64104","-0,450658","39,153158"
"64105","-0,440975","39,193209"
"64107","-0,429985","39,284256"
"64108","-0,419378","39,317498"
"64200","-0,41495","39,361766"
"64201","-0,399169","39,40006"
"64202","-0,395323","39,409184"
"64203","-0,392586","39,422305"
"64204","",""
"65000","-0,377476","39,466098"
"65001","-0,323574","39,526812"
"65002","-0,369899","39,44144"
"65003","-0,334655","39,470078"
"65004","",""
"65005","-0,320618","39,543326"
"65006","-0,318317","39,555673"
"65007","-0,311756","39,58836"
"65008","-0,303093","39,620462"
"65009","",""
"65012","",""
"65013","-0,358315","39,439433"
"65014","",""
"65015","-0,331852","39,48517"
"65020","",""
"65200","-0,271578","39,675759"
"65201","-0,239789","39,719281"
"65202","-0,216311","39,751545"
"65203","-0,202941","39,767831"
"65204","-0,190211","39,782626"
"65205","-0,16261","39,820844"
"65206","-0,152674","39,853125"
"65207","-0,103865","39,896456"
"65208","-0,09674","39,933046"
"65209","-0,076776","39,954831"
"65210","",""
"65211","",""
"65212","",""
"65300","-0,052269","39,988311"
"65301","-0,001687","40,023638"
"65304","0,139823","40,0923"
"65306","0,199008","40,21217"
"65308","0,228684","40,304668"
"65309","0,293709","40,35844"
"65311","0,415137","40,427651"
"65312","0,455674","40,471634"
"65314","0,449319","40,595935"
"65318","0,057848","40,058095"
"65400","0,522999","40,807245"
"65401","0,555856","40,759136"
"65402","0,614267","40,753517"
"65403","0,671259","40,775169"
"65404","0,708247","40,812012"
"65405","0,800436","40,8862"
"65406","",""
"65407","",""
"65408","",""
"65409","",""
"65410","",""
"65411","1,145992","41,088465"
"65412","1,166782","41,103809"
"65501","0,019236","39,97418"
"66001","-3,573788","40,001708"
"66002","-3,486043","39,96459"
"66003","-3,442695","39,972503"
"66004","-3,367315","39,966222"
"66005","-3,180455","39,973129"
"66006","-3,009762","40,006492"
"66008","",""
"66009","",""
"66010","",""
"66011","-2,681772","40,146756"
"66012","",""
"66013","-2,506893","40,137115"
"66014","-2,408539","40,155452"
"66015","",""
"66016","-2,221013","40,102855"
"66017","-3,030548","40,010299"
"66018","-3,40416","39,965436"
"66100","-2,136494","40,06731"
"66101","",""
"66102","",""
"66103","-1,889583","39,953832"
"66104","-1,806858","39,900178"
"66105","-1,812312","39,838533"
"66108","-1,68188","39,750878"
"66109","-1,610922","39,746917"
"66110","",""
"66112","-1,402808","39,644815"
"66113","-1,278429","39,615838"
"66200","-1,202431","39,570578"
"66201","-1,150377","39,522215"
"66202","-1,104666","39,491141"
"66203","-1,011675","39,477342"
"66204","-0,902477","39,457203"
"66205","-0,87022","39,454273"
"66206","-0,787399","39,427095"
"66207","-0,722926","39,471049"
"66208","-0,686262","39,49078"
"66209","-0,567378","39,485689"
"66210","-0,626128","39,495599"
"66211","-0,463225","39,461017"
"66212","-0,405891","39,452684"
"66214","-0,432179","39,462571"
"67001","-0,933386","41,606289"
"67002","-0,94726","41,592347"
"67004","-0,997451","41,540111"
"67007","-1,086072","41,469039"
"67009","-1,158859","41,40445"
"67010","-1,228558","41,335583"
"67011","-1,278492","41,288949"
"67013","-1,286991","41,196132"
"67014","-1,278741","41,165486"
"67015","-1,251553","41,139471"
"67016","-1,23984","41,10852"
"67017","-1,237926","41,063467"
"67018","-1,254291","41,00886"
"67019","-1,269093","40,95757"
"67020","-1,26118","40,936541"
"67021","-1,300373","40,903442"
"67100","-1,338436","40,850707"
"67101","-1,340471","40,826022"
"67103","-1,358228","40,68412"
"67105","-1,313001","40,572904"
"67107","-1,244782","40,45531"
"67113","-1,360775","40,782295"
"67200","-1,110259","40,341012"
"67201","-1,033674","40,331433"
"67202","-0,985089","40,273242"
"67203","-0,944617","40,213434"
"67205","-0,823415","40,146238"
"67206","-0,773382","40,117937"
"67207","-0,740852","40,110636"
"67208","-0,69628","40,011717"
"67209","",""
"67210","-0,636845","39,964734"
"67211","-0,572027","39,947305"
"67212","-0,56939","39,914967"
"67213","-0,506089","39,873693"
"67214","-0,493853","39,854548"
"67215","-0,482349","39,8471"
"67216","-0,365734","39,752958"
"67217","-0,431803","39,812573"
"67218","-0,367455","39,772195"
"67220","",""
"67221","-0,348211","39,706281"
"67223","-0,320663","39,679409"
"67225","",""
"69001","-0,485125","38,974183"
"69002","-0,453262","38,93846"
"69003","-0,445601","38,915337"
"69004","-0,491499","38,88409"
"69005","-0,510489","38,867429"
"69006","-0,518245","38,845705"
"69007","-0,551209","38,830517"
"69008","-0,602623","38,809509"
"69009","-0,521813","38,796858"
"69010","-0,451775","38,755682"
"69011","-0,470278","38,709476"
"69101","-0,394106","39,302987"
"69102","-0,379284","39,279302"
"69103","-0,308249","39,205807"
"69104","-0,263251","39,177834"
"69105","-0,226346","39,078942"
"69107","-0,214781","39,026197"
"69108","-0,181018","38,983484"
"69109","-0,158042","38,993073"
"69110","-0,179999","38,970315"
"69111","-0,162451","38,990211"
"69200","-0,420925","39,463678"
"69202","",""
"70001","-3,630279","40,380618"
"70002","-3,667916","40,381727"
"70003","-3,656223","40,376059"
"70004","-3,680703","40,401096"
"70005","-3,624648","40,382086"
"70100","-3,595899","40,40125"
"70101","-3,534026","40,442663"
"70102","-3,47991","40,454727"
"70103","-3,366112","40,488979"
"70104","-3,29864","40,534646"
"70105","-3,265445","40,560999"
"70106","",""
"70107","-3,335233","40,505297"
"70108","-3,561026","40,423726"
"70109","-3,608958","40,386938"
"70110","",""
"70111","-3,393043","40,48052"
"70200","-3,18218","40,644129"
"70202","-3,163143","40,747042"
"70203","",""
"70204","-3,138988","40,831143"
"70205","-3,132703","40,860412"
"70206","",""
"70207","-3,073167","40,909703"
"70208","-3,014136","40,905887"
"70209","-2,935801","40,930017"
"70210","-2,843247","40,953833"
"70300","-2,785925","41,004899"
"70302","-2,646445","41,071307"
"70303","",""
"70304","",""
"70400","-2,493004","41,136323"
"70401","-2,421225","41,165243"
"70402","",""
"70403","-2,277685","41,215634"
"70404","-2,177999","41,263909"
"70405","-2,109877","41,298658"
"70500","-2,05955","41,30962"
"70501","-1,959927","41,295887"
"70502","-1,904327","41,294328"
"70503","-1,855844","41,317237"
"70504","-1,785195","41,324537"
"70505","-1,708435","41,322253"
"70600","-1,638605","41,346675"
"70601","-1,611477","41,401511"
"70602","-1,593153","41,421371"
"70603","-1,567694","41,429386"
"70604","-1,571141","41,444059"
"70605","-1,566182","41,478553"
"70606","-1,540184","41,477196"
"70607","-1,478567","41,47549"
"70608","-1,535057","41,479298"
"70700","-1,40281","41,501465"
"70701","-1,360608","41,528654"
"70702","-1,325484","41,568095"
"70703","-1,300968","41,609636"
"70704","-1,281577","41,639158"
"70705","-1,234257","41,689475"
"70706","-1,165903","41,745199"
"70707","",""
"70715","-1,228137","41,696342"
"70800","-1,020257","41,722639"
"70801","-0,9986","41,710844"
"70803","-0,947001","41,678887"
"70804","-0,889188","41,603408"
"70805","-1,044428","41,641739"
"70806","-0,89591","41,652762"
"70899","-0,92947","41,668817"
"71000","",""
"71100","-0,866798","41,632429"
"71101","-0,819761","41,600842"
"71102","",""
"71103","-0,618677","41,515139"
"71104","",""
"71105","-0,490722","41,41943"
"71106","",""
"71108","-0,426842","41,32047"
"71109","",""
"71121","-0,681847","41,539312"
"71200","-0,438434","41,224379"
"71201","-0,368442","41,182255"
"71202","-0,289693","41,212567"
"71203","-0,155573","41,231508"
"71204","-0,042728","41,239838"
"71205","0,076103","41,229317"
"71206","0,142828","41,234236"
"71207","0,242285","41,213509"
"71208","0,351057","41,22502"
"71209","0,481071","41,248558"
"71210","0,540061","41,229364"
"71211","0,568985","41,182391"
"71300","0,653203","41,106499"
"71301","0,747697","41,095914"
"71302","0,780339","41,102079"
"71303","0,810362","41,130859"
"71304","0,858622","41,133305"
"71305","0,920861","41,143667"
"71306","0,975733","41,14002"
"71307","1,022128","41,166432"
"71400","1,100082","41,160498"
"71401","1,150336","41,11279"
"71403","1,224752","41,111054"
"71500","1,253192","41,111499"
"71502","1,373423","41,136619"
"71503","1,405705","41,142815"
"71504","1,20005","41,095166"
"71600","1,524656","41,186152"
"71601","1,575034","41,189593"
"71602","1,606455","41,192547"
"71603","1,63192","41,194993"
"71604","1,675989","41,204258"
"71700","1,730805","41,220298"
"71701","1,809703","41,23904"
"71702","",""
"71703","1,902552","41,254467"
"71704","1,957129","41,266957"
"71705","1,979253","41,278886"
"71706","2,01049","41,303367"
"71707","2,089316","41,330904"
"71708","2,115362","41,352637"
"71709","2,02741","41,309434"
"71801","2,139834","41,378961"
"71802","2,164494","41,392149"
"71901","2,129271","41,344441"
"71902","2,17371","41,367045"
"71908","2,008793","41,411734"
"72001","",""
"72002","",""
"72003","",""
"72004","",""
"72005","",""
"72006","1,170922","41,166733"
"72100","1,44011","41,183928"
"72101","1,455181","41,186409"
"72201","1,537884","41,220822"
"72202","1,600527","41,273456"
"72203","1,659946","41,314684"
"72204","1,703164","41,344723"
"72205","1,734096","41,363866"
"72206","1,768187","41,39573"
"72207","1,794693","41,420501"
"72208","1,86543","41,448494"
"72209","1,926293","41,478758"
"72210","1,967741","41,473376"
"72211","2,002585","41,435367"
"72212","1,905955","41,486276"
"72300","2,020741","41,409877"
"72301","2,047937","41,38297"
"72302","2,0602","41,368573"
"72303","2,070542","41,35749"
"72304","",""
"72305","2,100918","41,364195"
"72400","2,073927","41,304402"
"72501","2,037333","41,475189"
"72502","2,079706","41,481048"
"72503","2,115285","41,496954"
"73001","0,733433","41,553678"
"73002","0,825522","41,543902"
"73003","0,877257","41,521733"
"73004","0,924432","41,504202"
"73005","0,970319","41,425072"
"73006","1,045984","41,402704"
"73007","1,103316","41,40062"
"73008","1,165529","41,376565"
"73009","1,176478","41,33765"
"73010","1,181284","41,318462"
"73020","",""
"73021","0,951024","41,482578"
"73022","1,032232","41,407354"
"73100","1,194929","41,306096"
"73101","1,174168","41,261563"
"73102","1,143968","41,211269"
"73110","1,184855","41,277744"
"74199","",""
"74200","-0,409757","42,133302"
"74201","-0,443021","42,106671"
"74202","-0,560912","42,205193"
"74204","-0,682593","42,275558"
"74205","-0,727396","42,316206"
"74206","-0,731712","42,344698"
"74207","-0,695861","42,380332"
"74208","-0,643065","42,403337"
"74209","-0,499452","42,397899"
"74210","",""
"74211","-0,373316","42,520349"
"74212","-0,47997","42,547407"
"74213","-0,538591","42,577643"
"74214","-0,543939","42,625606"
"74215","",""
"74216","-0,523474","42,689078"
"74217","-0,514251","42,751291"
"75101","",""
"75102","",""
"75103","",""
"75104","",""
"75105","",""
"75106","",""
"75107","",""
"75108","",""
"75109","",""
"75110","",""
"75111","",""
"75112","",""
"75113","",""
"75114","",""
"75115","",""
"75116","",""
"76001","1,376582","41,223459"
"76002","1,317461","41,239542"
"76003","1,297494","41,250288"
"76004","1,258716","41,289585"
"77001","",""
"77002","2,181907","41,496757"
"77003","2,19431","41,521662"
"77004","2,20616","41,536648"
"77005","2,226035","41,556289"
"77006","2,276885","41,611397"
"77100","2,295114","41,629783"
"77101","",""
"77102","2,288807","41,68457"
"77103","2,271628","41,72231"
"77104","2,24894","41,760577"
"77105","2,222634","41,799341"
"77106","2,233327","41,814896"
"77107","2,247474","41,841925"
"77108","",""
"77109","2,248848","41,931022"
"77110","2,269287","41,999902"
"77111","2,26","42,052027"
"77112","2,241917","42,064636"
"77113","2,217695","42,104829"
"77114","2,204139","42,130571"
"77200","2,195881","42,196035"
"77301","2,165769","42,221611"
"77302","",""
"77303","2,165436","42,298675"
"77304","2,099842","42,314345"
"77305","2,01531","42,320888"
"77306","1,955979","42,344576"
"77307","1,896859","42,376468"
"77308","1,914808","42,39765"
"77309","1,92465","42,429494"
"77310","1,90449","42,45906"
"78002","",""
"78004","-0,843407","41,721617"
"78005","-0,822166","41,765645"
"78006","-0,860292","41,7218"
"78007","-0,854604","41,695792"
"78100","-0,764131","41,877248"
"78102","-0,640068","41,996281"
"78200","-0,538346","41,975766"
"78201","-0,3693","41,937981"
"78202","-0,283595","41,881901"
"78203","-0,172268","41,817078"
"78204","-0,037647","41,848835"
"78300","0,148434","41,906106"
"78301","0,196874","41,91372"
"78302","0,291386","41,849755"
"78303","0,374987","41,77902"
"78304","0,444875","41,730304"
"78305","0,474517","41,686938"
"78400","0,632786","41,62085"
"78401","",""
"78402","0,78155","41,631657"
"78403","0,896913","41,631807"
"78404","0,930818","41,635908"
"78405","0,967765","41,637445"
"78406","1,012972","41,632527"
"78407","1,07897","41,646385"
"78408","1,13888","41,650223"
"78500","1,274761","41,673652"
"78501","1,420583","41,65591"
"78502","1,48619","41,701211"
"78503","1,515159","41,730207"
"78504","1,574129","41,748079"
"78505","1,623716","41,738814"
"78506","1,698628","41,732375"
"78600","1,82645","41,72038"
"78602","",""
"78603","",""
"78604","1,86265","41,668739"
"78605","1,868787","41,628628"
"78606","1,894037","41,60189"
"78607","1,917015","41,586962"
"78608","",""
"78609","1,95713","41,563795"
"78610","1,973899","41,56904"
"78700","2,014294","41,569775"
"78701","",""
"78702","",""
"78703","2,105418","41,52867"
"78704","2,114963","41,547889"
"78705","2,11845","41,513563"
"78706","2,147566","41,492536"
"78707","2,166966","41,481129"
"78708","2,185404","41,483874"
"78709","2,096642","41,56183"
"78710","2,039481","41,567427"
"78800","2,179512","41,47051"
"78801","2,180371","41,461628"
"78802","2,18311","41,430951"
"78804","2,180973","41,391975"
"78805","2,169258","41,38758"
"78902","-0,855254","41,675481"
"79002","2,202778","41,429833"
"79004","2,1932","41,436097"
"79005","2,188085","41,484191"
"79006","2,217676","41,533541"
"79007","2,246894","41,55035"
"79008","2,274947","41,564392"
"79009","2,188221","41,409799"
"79011","2,199745","41,510425"
"79100","2,291255","41,599684"
"79101","2,353273","41,636531"
"79102","2,404454","41,638006"
"79103","2,454169","41,671885"
"79104","2,490718","41,685755"
"79105","2,538819","41,718159"
"79106","2,5688","41,726278"
"79107","2,631651","41,747758"
"79108","",""
"79109","2,294463","41,617203"
"79200","2,673284","41,771649"
"79202","2,744998","41,807624"
"79203","2,800729","41,841117"
"79204","2,811613","41,896254"
"79205","2,809761","41,935016"
"79206","2,806292","41,953944"
"79300","2,816957","41,979371"
"79301","2,875084","42,027296"
"79302","2,915329","42,037052"
"79303","2,957392","42,047432"
"79304","2,964665","42,068309"
"79305","2,965377","42,122315"
"79306","2,989589","42,172075"
"79308","2,977791","42,21635"
"79309","2,968775","42,265092"
"79311","3,086238","42,324979"
"79312","3,149109","42,366663"
"79313","",""
"79314","3,154354","42,406863"
"79315","3,158034","42,424701"
"79316","3,162869","42,44096"
"79317","",""
"79318","",""
"79400","2,185325","41,384434"
"79403","2,230472","41,424431"
"79404","2,248944","41,445865"
"79405","2,27215","41,462955"
"79406","2,286784","41,468807"
"79407","2,310403","41,477014"
"79408","2,31997","41,479122"
"79409","2,354882","41,48768"
"79410","2,389753","41,500552"
"79412","2,401525","41,506724"
"79500","2,445516","41,533379"
"79501","2,498263","41,555532"
"79502","2,525977","41,568487"
"79600","2,549354","41,577623"
"79601","2,581335","41,586679"
"79602","2,62461","41,601737"
"79603","2,66594","41,614658"
"79604","2,693597","41,622407"
"79605","2,741517","41,641742"
"79606","2,769169","41,673518"
"79607","2,719308","41,707144"
"79608","2,716306","41,630129"
"80001","-2,16743","42,893282"
"80002","",""
"80003","-2,071189","42,911093"
"80004","",""
"80005","-1,974804","42,920528"
"80006","-1,89459","42,914787"
"80007","-1,832315","42,909448"
"80008","-1,74853","42,853802"
"80100","-1,661442","42,824982"
"80101","",""
"80102","-1,677585","42,797377"
"80103","-1,636029","42,754801"
"80104","-1,652407","42,689869"
"80105","-1,64559","42,652741"
"80106","-1,650107","42,598888"
"80108","-1,67139","42,525723"
"80109","-1,649916","42,485018"
"80111","",""
"80113","-1,64512","42,380886"
"80114","-1,717381","42,334787"
"80115","-1,745646","42,280715"
"80116","-1,733723","42,242879"
"81001","-2,845908","42,621631"
"81002","-2,849274","42,583627"
"81003","-2,77958","42,544922"
"81004","-2,745865","42,520598"
"81005","-2,631302","42,485181"
"81006","-2,570793","42,487913"
"81008","",""
"81009","",""
"81010","",""
"81011","",""
"81100","-2,440903","42,457732"
"81101","-2,337025","42,449727"
"81102","-2,291618","42,443588"
"81103","-2,256085","42,43101"
"81105","-2,122029","42,407448"
"81106","-2,098222","42,411099"
"81107","-2,071077","42,380658"
"81108","-1,957991","42,310567"
"81109","-1,847752","42,230176"
"81110","-1,748226","42,186495"
"81200","-1,692439","42,172836"
"81202","-1,597839","42,059421"
"81203","-1,515221","41,997083"
"81204","-1,487621","41,971977"
"81205","-1,420297","41,914822"
"81206","-1,321232","41,867181"
"81207","-1,243863","41,826269"
"81208","-1,201988","41,805032"
"81209","-1,167554","41,788065"
"81210","-1,112473","41,771409"
"81211","",""
"82100","-2,475498","41,755207"
"82220","",""
"83001","",""
"83006","",""
"83007","",""
"83009","",""
"83010","",""
"83011","",""
"83012","",""
"84001","-2,509494","41,190568"
"84002","-2,458473","41,262137"
"84003","-2,459477","41,364724"
"84100","-2,469815","41,43992"
"84101","-2,525448","41,489154"
"84103","-2,639371","41,593522"
"84104","-2,609638","41,63965"
"84105","",""
"85200","",""
"85214","-4,721143","41,598063"
"85215","-4,731991","41,634757"
"91001","",""
"91002","-3,903667","40,010552"
"92001","",""
"92102","-4,011198","39,862374"
"94001","-3,492208","39,031517"
"94002","-3,604073","39,061495"
"94003","-3,656301","38,973536"
"94004","-3,709752","38,895447"
"94005","-3,895253","38,971581"
"94006","-3,801825","38,954642"
"95101","-3,683384","40,343603"
"95104","-3,681023","40,38362"
"97018","-3,874116","40,507684"
"97100","-3,725811","40,49553"
"97101","-3,679798","40,49936"
"97103","",""
"97201","-3,694664","40,488308"
"98001","-3,650347","40,482928"
"98003","-3,662993","40,484945"
"98100","-3,589239","40,442503"
"98201","-3,581253","40,416153"
"98222","-3,569656","40,433587"
"98304","-3,609586","40,482003"
"98305","-3,59331","40,492401"
"99501","0,499307","41,630203"
"A0320","-0,381402","39,454378"
"A3140","-8,45189","43,204327"
"A5451","-4,439188","36,708225"
"A6060","-1,841968","38,99424"
"A6420","-0,381089","39,455205"
"A7190","1,994284","41,450843"
"A7220","1,982375","41,453272"
"A7229","1,992999","41,443897"
"B0320","-1,957582","39,60876"
"B0321","-0,417087","39,446248"
"B4400","",""
"B4401","",""
"B7900","2,192024","41,414631"
"C0300","",""
"C0320","",""
"C0321","",""
"C0322","",""
"C0323","",""
"C0326","",""
"C0327","",""
"C0328","",""
"C0329","",""
"C0330","",""
"C0331","",""
"C0332","",""
"C0333","",""
"C0335","",""
"C0338","",""
"C0339","",""
"C0340","",""
"C0341","",""
"C0342","",""
"C0343","",""
"C0344","",""
"C0345","",""
"C0346","",""
"C0350","",""
"C0351","",""
"C1044","",""
"C2300","-8,604323","42,291433"
"C3142","",""
"C6072","",""
"C7900","",""
"03201","-3,705175","40,147844"
"03202","-3,663703","40,344677"
"03203","-3,378318","39,953377"
"03204","-3,161454","39,973929"
"03205","-2,996233","39,977386"
"03206","-2,711796","40,026573"
"03207","-2,475998","40,053456"
"03208","-2,141387","40,032979"
"03209","-1,993394","39,808992"
"03210","-1,808291","39,523276"
"03211","-1,558437","39,525075"
"03212","-1,305746","39,547546"
"03213","-1,138448","39,523728"
"03214","-0,94752","39,463153"
"03215","-0,730156","39,450143"
"03216","-0,382301","39,459856"
"03217","-0,381169","39,45524"
"03300","-1,985546","39,484128"
"03301","-2,011552","39,275701"
"03302","-1,94573","39,092348"
"03303","-1,843755","38,996401"
"04400","",""
"04401","",""
"04402","",""
"04403","",""
"04404","",""
"31416","-8,446633","43,207673"
"37611","-6,476941","38,915409"
"64008","",""
"65016","-0,334894","39,43818"
"65017","-0,327889","39,428854"
"72504","2,013048","41,472369"
"72505","2,085317","41,483179"
"72506","2,171162","41,520939"
"72507","2,201153","41,526253"
"79001","",""
"79003","",""
"79010","",""
"79012","",""
"79319","2,893698","42,031825"
"79320","2,973606","42,13155"
"43026","-6,057072","37,426784"
"43027","-6,098857","37,41062"
"43005","-6,207946","37,356911"
"43004","-6,193956","37,381406"
"A0901","",""
"A0902","",""
"B0820","-5,642085","42,772281"
"B5143","",""
"C0352","",""
"C0353","",""
"C0354","",""
"C0355","",""
"C0356","",""
"C0357","",""
"C0358","",""
"C0359","",""
"C0360","",""
"C0361","",""
"C0362","",""
"C0363","",""
"C0820","",""
"C0821","",""
"C0822","",""
"C0823","-5,820108","43,116156"
"C0824","-5,830306","43,153839"
"C0825","",""
"C0826","",""
"C0827","",""
"C0828","",""
"C0829","",""
"C0830","",""
"C0831","",""
"C0832","",""
"C0833","",""
"C0834","",""
"C0835","",""
"C0836","",""
"C0837","",""
"C4330","",""
"C5143","",""
"C5144","",""
"C5145","",""
"C5146","",""
"04312","",""
"04313","2,93279","42,288213"
"04314","",""
"04315","",""
"04316","",""
"08201","-4,491482","41,97627"
"08202","",""
"08203","-4,969857","42,273032"
"08204","",""
"08205","-5,572665","42,543261"
"11522","-1,952176","43,320109"
"15410","-5,675717","43,537564"
"37014","-3,740393","40,258707"
"50704","-5,934322","37,485003"
"51418","",""
"51419","-6,214399","36,458069"
"51430","",""
"51431","",""
"51432","",""
"51433","",""
"51434","",""
"51435","",""
"51436","",""
"51437","",""
"51438","",""
"51439","",""
"51440","",""
"51441","",""
"51442","",""
"51443","",""
"51444","",""
"51445","",""
"51446","",""
"54527","-4,481066","36,673202"
"60706","-1,412173","38,914776"
"78806","2,186962","41,423664"
"79013","",""
"C0840","",""
"C0841","",""
"C0842","",""
"C0843","",""
"C0844","",""
"C0845","",""
"C0846","",""
"C6080","",""
"C6081","",""
"C6082","",""
"C6083","",""
"C6084","",""
"C6085","",""
"C6086","",""
"C6087","",""
"70807","-0,891151","41,643907"
"B0811","-4,672853","41,649334"
"B0812","",""
"B1510","",""
"B1512","",""
"C0850","",""
"C0851","",""
"B0860","-7,882519","42,356058"
"B0861","-8,533128","42,857684"
"B0862","-8,540503","42,854789"
"C0860","",""
"C0861","",""
"C0862","",""
"C0863","",""
"C0864","",""
"A9800","-3,659556","40,484354"
"C9830","",""
"B6100","-1,689539","38,904919"
"08222","-8,103997","42,526159"
"C0865","",""
"C4007","",""
"A6000","-3,764715","40,146597"
"B0903","-3,72344","40,162168"
"C0866","-7,910715","42,359742"
"15000","-4,513347","41,991033"
"15021","-4,991684","42,284976"
"43000","-5,996433","37,427682"
"A1702","-3,682977","40,511995"
"C1705","",""
"C6704","",""
"B1401","-4,494196","41,977982"
"C4324","",""
"B4302","",""
"C4325","",""
"C4326","",""
"B0600","",""
"10611","-4,668591","41,711148"
"A9910","",""
"A9911","",""
"C4340","",""
"C4341","",""
"C4342","",""
"C9900","",""
"C9901","",""
"C9910","",""
"C9911","",""
"C9912","",""
"C9920","",""
"C9921","",""
"99900","",""
"99901","",""
"99902","",""
"99903","",""
"99910","",""
"99911","",""
"99912","",""
"99913","",""
"99914","",""
"99920","",""
"99921","",""
"99922","",""
"99923","",""
"99924","",""
"99925","",""
"99926","",""
"99927","",""
"99928","",""
"99930","",""
"99940","",""
"B0331","-0,970977","38,798548"
"B0332","-0,934406","38,725806"
"B0333","-0,736781","38,40268"
"C3300","",""
"C3301","",""
"C3302","",""
"C3303","",""
"C3304","",""
"C3305","",""
"C3306","",""
"C3307","",""
"03305","-1,723501","38,896253"
"03306","-1,328869","38,893804"
"03307","-0,979567","38,820634"
"03308","-0,925318","38,667954"
"03309","-0,87486","38,586055"
"03310","-0,695443","38,406679"
"A4301","2,224599","41,53607"
"A4302","2,253349","41,552132"
"B4303","2,804624","41,948362"
"A9820","-3,575813","40,425719"
"05102","-8,214161","43,494508"
"05103","-8,200083","43,499744"
"05104","-8,204936","43,496508"
"05105","-8,183914","43,509492"
"05106","-8,177422","43,514786"
"05107","-8,161411","43,517239"
"05108","-8,195625","43,503142"
"05109","-8,150444","43,527925"
"05111","-8,140203","43,542631"
"05113","-8,109225","43,536639"
"05115","-8,078094","43,546097"
"05117","-8,049089","43,547342"
"05119","-8,018722","43,5505"
"05121","-8,002714","43,562122"
"05123","-7,980258","43,565314"
"05125","-7,954236","43,577089"
"05127","-7,934494","43,587064"
"05129","-7,921867","43,607881"
"05131","-7,916231","43,640942"
"05133","-7,902464","43,665967"
"05135","-7,873497","43,660969"
"05137","-7,854511","43,6688"
"05139","-7,849653","43,68635"
"05141","-7,804786","43,708736"
"05143","-7,750003","43,730347"
"05145","-7,702722","43,735683"
"05147","-7,672981","43,730983"
"05149","-7,636206","43,706086"
"05151","-7,634981","43,69275"
"05153","-7,614636","43,670144"
"05155","-7,600167","43,657122"
"05156","-7,592131","43,663092"
"05157","-7,553931","43,688064"
"05159","-7,510961","43,683514"
"05161","-7,495511","43,680942"
"05163","-7,481911","43,687047"
"05165","-7,468897","43,696731"
"05167","-7,4416","43,692172"
"05169","-7,412608","43,6862"
"05171","-7,360842","43,6602"
"05173","-7,333356","43,626075"
"05175","-7,312247","43,610294"
"05177","-7,299822","43,600839"
"05179","-7,269417","43,574692"
"05181","-7,272233","43,560964"
"05183","-7,225306","43,547436"
"05185","-7,174267","43,549836"
"05187","-7,134928","43,551778"
"05189","-7,130739","43,551531"
"05191","-7,108533","43,549739"
"05193","-7,055903","43,535992"
"05197","-7,0503","43,473042"
"05199","-7,035964","43,491269"
"05201","",""
"05203","-5,694583","43,528628"
"05204","-5,706661","43,531106"
"05205","",""
"05207","-5,723478","43,555092"
"05208","-5,728786","43,565958"
"05209","-5,754311","43,580986"
"05210","-5,768025","43,586433"
"05211","-5,772633","43,584636"
"05215","-5,825339","43,568806"
"05216","-5,865436","43,552336"
"05217","-5,874353","43,551844"
"05218","-5,882733","43,554361"
"05219","-5,896517","43,554283"
"05220","-5,929564","43,575589"
"05221","-5,917444","43,554697"
"05223","-5,926483","43,572039"
"05224","-5,939903","43,576361"
"05225","-5,956589","43,570358"
"05226","-5,92605","43,585872"
"05227","-5,975522","43,556458"
"05229","-5,995314","43,551158"
"05231","-6,02805","43,54085"
"05232","-6,070661","43,535169"
"05233","-6,07155","43,529039"
"05235","-6,074372","43,502617"
"05237","-6,094056","43,491192"
"05239","-6,091906","43,503667"
"05241","-6,097283","43,512281"
"05243","-6,110883","43,543128"
"05245","-6,152197","43,550994"
"05247","-6,155472","43,557011"
"05249","-6,184978","43,559172"
"05251","-6,228567","43,544497"
"05253","-6,248197","43,544022"
"05255","-6,234567","43,559489"
"05257","-6,263161","43,566419"
"05259","-6,289514","43,55765"
"05261","-6,305172","43,552633"
"05263","-6,329258","43,550047"
"05265","-6,351531","43,548133"
"05267","-6,391672","43,542822"
"05269","-6,415117","43,547219"
"05271","-6,446011","43,541772"
"05273","-6,508153","43,546786"
"05275","-6,536447","43,537903"
"05277","-6,593342","43,540617"
"05279","-6,6455","43,546633"
"05281","-6,685267","43,535586"
"05283","-6,720031","43,536414"
"05285","-6,752928","43,545619"
"05287","-6,77155","43,551256"
"05289","-6,789667","43,550753"
"05291","-6,827475","43,547133"
"05293","-6,909344","43,534914"
"05297","-6,977064","43,520419"
"05299","-6,977064","43,520419"
"05300","-5,864864","43,365269"
"05302","-5,883347","43,363858"
"05303","-5,888897","43,360378"
"05304","-5,917714","43,355281"
"05305","-5,924714","43,318364"
"05306","-5,958508","43,368764"
"05308","-5,965069","43,356492"
"05309","-5,932961","43,331389"
"05311","-5,967706","43,348581"
"05313","-5,982594","43,384228"
"05315","-6,005658","43,389294"
"05316","-6,045356","43,402919"
"05317","-6,063581","43,394581"
"05320","-6,065792","43,439831"
"05321","-6,077097","43,448772"
"05323","-6,098833","43,470047"
"05325","-6,110261","43,490886"
"05327","-6,081978","43,51635"
"05329","-6,08715","43,552008"
"05351","-5,912275","43,309914"
"05353","-5,875278","43,308481"
"05357","-5,858864","43,282472"
"05361","-5,82825","43,274458"
"05367","-5,784294","43,257161"
"05369","-5,780378","43,250411"
"05371","-5,782911","43,228164"
"05373","-5,784092","43,213819"
"05375","-5,788069","43,200619"
"05376","-5,777594","43,195969"
"05379","-5,74185","43,170606"
"05380","-5,696733","43,168808"
"05381","-5,722183","43,166531"
"05382","-5,676556","43,164244"
"05383","-5,684328","43,165869"
"05384","-5,646097","43,164764"
"05385","-5,624911","43,16065"
"05389","-5,566319","43,124108"
"05403","-5,690514","43,527283"
"05405","-5,726411","43,507253"
"05407","-5,719567","43,486511"
"05409","-5,726003","43,465719"
"05410","-5,693572","43,371275"
"05411","-5,710033","43,434753"
"05412","-5,717336","43,448061"
"05414","",""
"05415","-5,680411","43,363525"
"05416","-5,658539","43,35845"
"05417","-5,63415","43,350875"
"05420","-5,630789","43,339303"
"05421","-5,643219","43,328117"
"05425","-5,685764","43,310364"
"05429","-5,683119","43,298792"
"05432","-5,652978","43,289114"
"05433","-5,640839","43,289728"
"05435","-5,626428","43,287717"
"05436","-5,615339","43,278339"
"05437","-5,604878","43,276083"
"05439","-5,590411","43,270856"
"05443","-5,564903","43,250831"
"05446","-5,717692","43,555256"
"05447","-5,691717","43,567161"
"05451","-2,926975","43,259517"
"05455","-2,952597","43,25945"
"05457","-2,974103","43,274036"
"05459","-2,972903","43,261861"
"05461","-2,989972","43,248414"
"05463","-3,016031","43,233358"
"05465","-3,024933","43,222728"
"05467","-3,050417","43,202"
"05469","-3,07165","43,201019"
"05470","-3,082647","43,205958"
"05473","-3,109478","43,210442"
"05474","-3,114044","43,210294"
"05475","-3,133156","43,212867"
"05477","-3,138681","43,210853"
"05479","-3,145078","43,20365"
"05480","-3,15035","43,19995"
"05481","-3,170508","43,203317"
"05482","-3,192461","43,193378"
"05483","-3,189969","43,196442"
"05484","-3,131256","43,215814"
"05485","-3,197508","43,189992"
"05486","-3,169714","43,223797"
"05487","-3,198278","43,233347"
"05489","-3,213358","43,235508"
"05491","-3,238597","43,240069"
"05493","-3,250475","43,241281"
"05497","-3,357631","43,238878"
"05504","-5,808933","43,386581"
"05505","-5,792189","43,379583"
"05507","-5,748531","43,381022"
"05508","-5,729731","43,381761"
"05509","-5,703556","43,382256"
"05511","-5,675356","43,386972"
"05513","-5,664922","43,388036"
"05515","-5,601553","43,37683"
"05517","-5,5826","43,380492"
"05519","-5,562469","43,379142"
"05521","-5,546239","43,375028"
"05522","-5,525192","43,368806"
"05523","-5,509061","43,361275"
"05525","-5,478383","43,355603"
"05527","-5,451097","43,356147"
"05529","-5,434361","43,355469"
"05531","-5,384175","43,359875"
"05533","-5,369108","43,351861"
"05534","-5,360669","43,343994"
"05535","-5,302431","43,363081"
"05537","-5,257014","43,362403"
"05539","-5,226744","43,358133"
"05541","-5,185133","43,368375"
"05542","-5,186186","43,378869"
"05543","-5,188411","43,387489"
"05545","-5,142853","43,401547"
"05547","-5,117836","43,412203"
"05549","-5,073275","43,431353"
"05551","-5,055856","43,440572"
"05552","-5,061247","43,460356"
"05553","-5,054686","43,459339"
"05555","-5,018969","43,448358"
"05557","-4,982206","43,439811"
"05559","-4,935458","43,440558"
"05563","-4,864964","43,424989"
"05565","-4,835714","43,421456"
"05567","-4,811281","43,424769"
"05569","-4,782439","43,424128"
"05571","-4,759","43,420761"
"05573","-4,729972","43,394731"
"05575","-4,672731","43,396628"
"05577","-4,630061","43,392722"
"05579","-4,556833","43,382839"
"05600","-3,829794","43,444869"
"05602","-3,828517","43,452742"
"05603","-3,840681","43,454661"
"05604","-3,855697","43,453381"
"05605","-3,899508","43,440739"
"05607","-3,917381","43,435222"
"05609","-3,946181","43,431706"
"05611","-3,960444","43,425056"
"05613","-3,988572","43,409733"
"05615","-4,010119","43,398244"
"05617","-4,028083","43,391522"
"05619","-4,042083","43,374014"
"05620","-4,057167","43,352042"
"05621","-4,051231","43,351167"
"05622","-4,070231","43,356492"
"05623","-4,087619","43,358722"
"05625","-4,111789","43,359061"
"05627","-4,149439","43,361108"
"05629","-4,155547","43,340808"
"05631","-4,174769","43,338875"
"05633","-4,193619","43,3231"
"05635","-4,215056","43,315625"
"05637","-4,231817","43,307803"
"05641","-4,308872","43,318411"
"05643","-4,349183","43,328317"
"05644","-4,383747","43,340942"
"05645","-4,4045","43,367739"
"05647","-4,480139","43,370311"
"05649","-4,514556","43,374914"
"05650","-3,81955","43,456056"
"05651","-3,84955","43,440081"
"05652","-3,840367","43,427458"
"05655","-3,841294","43,416753"
"05657","-3,820825","43,403911"
"05658","-3,815083","43,397756"
"05659","-3,803881","43,393692"
"05661","-3,766506","43,401069"
"05663","-3,738319","43,399336"
"05665","-3,731506","43,38715"
"05667","-3,718031","43,376539"
"05669","-3,707272","43,350339"
"05671","-3,741917","43,344997"
"05672","-3,719394","43,406428"
"05673","-3,703619","43,411253"
"05675","-3,666925","43,404969"
"05677","-3,5768","43,413731"
"05679","-3,524944","43,423031"
"05681","-3,490367","43,416961"
"05683","-3,4694","43,394111"
"05685","-3,446758","43,371303"
"05687","-3,421039","43,346547"
"05689","-3,445528","43,313708"
"05691","-3,438331","43,282003"
"05713","-2,879428","43,240108"
"05721","-3,227747","43,166658"
"05722","-3,266247","43,1516"
"05723","-3,2566","43,120539"
"05724","-3,262878","43,105514"
"05725","-3,2826","43,086258"
"05726","-3,315811","43,062725"
"05727","-3,347442","43,068"
"05728","-3,362439","43,085081"
"05729","-3,397161","43,085539"
"05730","-3,457242","43,088456"
"05731","-3,511325","43,079972"
"05732","-3,537322","43,074289"
"05733","-3,619669","43,060556"
"05734","-3,688308","43,045208"
"05735","-3,737842","43,012331"
"05736","-3,755892","43,011286"
"05737","-3,809311","43,019019"
"05738","-3,844769","43,005822"
"05739","-3,858367","42,996392"
"05740","-3,944592","42,991208"
"05741","-3,981653","42,988394"
"05742","-4,029822","42,973619"
"05743","-4,042381","42,932081"
"05744","-4,075225","42,910256"
"05746","-4,231833","42,858989"
"05747","-4,279067","42,857628"
"05748","-4,386061","42,851339"
"05749","-4,494358","42,839283"
"05750","-4,602","42,812111"
"05751","-4,685625","42,818325"
"05752","-4,741619","42,802067"
"05753","-4,844933","42,787681"
"05754","-4,851864","42,790917"
"05755","-5,041322","42,770156"
"05756","-4,905356","42,786825"
"05757","-4,929617","42,765364"
"05758","-4,971808","42,787772"
"05759","-5,027167","42,783239"
"05760","-5,071058","42,767883"
"05761","-5,130894","42,803164"
"05762","-5,180097","42,809758"
"05763","-5,213953","42,808911"
"05764","-5,283114","42,812389"
"05765","-5,3182","42,838553"
"05766","-5,328606","42,862692"
"05767","-5,412083","42,855075"
"05768","-5,442828","42,854725"
"05769","-5,487017","42,849681"
"05770","-5,522103","42,841211"
"05771","-5,508244","42,806344"
"05772","-5,507044","42,790808"
"05773","-5,516428","42,754728"
"05774","-5,524283","42,734564"
"05775","-5,533844","42,707156"
"05776","-5,538028","42,682444"
"05777","-5,553997","42,646856"
"05779","-4,85135","42,80935"
"05786","-5,511897","42,771533"
"05787","-5,522983","42,833458"
"05788","-5,507347","42,840733"
"05789","-5,428908","42,855906"
"05793","-5,339542","42,858589"
"05794","-5,556981","42,638069"
"05795","-5,390056","42,859597"
"05796","-5,561308","42,629083"
"05798","-5,302219","42,820103"
"05799","-5,005639","42,779819"
"05803","-5,566014","42,616222"
"05805","-5,334456","42,864617"
"05807","-5,529553","42,719914"
"05951","-0,976733","37,603639"
"05952","-0,960775","37,605231"
"05955","-0,944114","37,609322"
"05957","-0,931814","37,609681"
"05959","-0,915217","37,609967"
"05961","-0,891397","37,613806"
"05963","-0,8817","37,615453"
"05965","-0,875103","37,61555"
"05969","-0,836228","37,626022"
"05971","-0,829553","37,627572"
"05973","-0,791875","37,646922"
"05975","-0,787939","37,649339"
"05977","-0,796928","37,651894"
"C1500","",""
"C1501","-5,829381","43,384398"
"05213","-5,797625","43,580467"
"05244","-6,143381","43,54685"
"05561","-4,903694","43,441953"
"05460","-2,971969","43,255489"
"C5000","",""
"C5001","",""
"C5002","",""
"C5003","",""
"C5004","",""
"C5005","",""
"C5006","",""
"C5007","",""
"C5008","",""
"C5009","",""
"C5010","",""
"C5011","",""
"C5012","",""
"C5013","",""
"C5014","",""
"C5015","",""
"C5016","",""
"C5017","",""
"C5018","",""
"C5019","",""
"C5020","",""
"C5021","",""
"C5022","",""
"C5023","",""
"C5024","",""
"C5025","",""
"C5026","",""
"C5027","",""
"C5028","",""
"C5029","",""
"C5030","",""
"C5031","",""
"C5032","",""
"C5033","",""
"C5034","",""
"C5035","",""
"C5036","",""
"C5037","",""
"C5038","",""
"C5039","",""
"C5040","",""
"C5041","",""
"C5042","",""
"C5043","",""
"C5044","",""
"C5045","",""
"C5046","",""
"C5047","",""
"C5048","",""
"C5049","",""
"C5050","",""
"C5051","",""
"C5052","",""
"C5053","",""
"C5054","",""
"C5055","",""
"C5056","",""
"C5057","",""
"C5058","",""
"C5059","",""
"C5060","",""
"C5061","",""
"C5062","",""
"C5063","",""
"C5064","",""
"C5065","",""
"C5066","",""
"C5067","",""
"C5068","",""
"C5069","",""
"C5070","",""
"C5071","",""
"C5072","",""
"C5073","",""
"C5074","",""
"C5075","",""
"C5076","",""
"C5077","",""
"C5078","",""
"C5079","",""
"C5080","",""
"C5081","",""
"C5082","",""
"C5083","",""
"C5084","",""
"C5085","",""
"C5086","",""
"C5087","",""
"B0330","-1,830122","38,982453"
"C5088","",""
"C5089","",""
"C5090","",""
"C5091","",""
"C5092","",""
"C5093","",""
"C5094","",""
"C5095","",""
"C5096","",""
"C5097","",""
"C5098","",""
"C5099","",""
"C5100","",""
"C5101","",""
"C5102","",""
"C5103","",""
"C5104","",""
"C5105","",""
"C5106","",""
"C5107","",""
"C5900","",""
"C5901","",""
"C5902","",""
"C5903","",""
"C5904","",""
"C5905","",""
"C5906","",""
"C5907","",""
"C5108","",""
"C5109","",""
"C5110","",""
"C5111","",""
"C5112","",""
"C5113","",""
"C5114","",""
"C5115","",""
"C5116","",""
"C5117","",""
"C5118","",""
"C5119","",""
"C5120","-6,244722","36,519167"
"C5121","",""
"C5122","",""
"C5123","",""
"C5124","",""
"C5125","",""
"C5126","",""
"C5127","",""
"C5128","",""
"C5129","",""
"C5130","",""
"C5131","",""
"C5132","",""
"C5133","",""
"C5134","",""
"C5135","",""
"C5136","",""
"C5137","",""
"C5138","",""
"C5139","",""
"C5140","",""
"C5141","",""
"C5142","",""
"C5147","",""
"C5148","",""
"C5149","",""
"C5150","",""
"C5151","",""
"C5152","",""
"C5943","",""
"C5944","",""
"C5945","",""
"C5946","",""
"C5153","",""
"C5154","",""
"C5155","",""
"C5156","",""
"C5157","",""
"C5158","",""
"C5159","",""
"C5160","",""
"C5161","",""
"C5162","",""
"C5163","",""
"C5164","",""
"C5165","",""
"C5166","",""
"C5167","",""
"C5168","",""
"C5169","",""
"C5170","",""
"C1503","",""
"C1504","",""
"C1505","",""
"C1506","",""
"C1507","",""
"C1508","",""
"C1509","",""
"C1510","-5,635633","42,711644"
"C1511","",""
"C1512","",""
"C1513","",""
"C1514","",""
"C1515","",""
"C1516","",""
"C1517","",""
"C1518","",""
"C1519","",""
"C1520","",""
"C1521","",""
"C1522","",""
"C1523","",""
"C1524","",""
"C1525","",""
"C1526","",""
"C1527","",""
"C1528","",""
"C1529","",""
"C1530","",""
"C1531","",""
"C1532","",""
"C1533","",""
"C1534","",""
"C1535","",""
"C1536","",""
"C1537","",""
"C1538","",""
"C1539","",""
"C1540","",""
"C1541","",""
"C1542","",""
"C1543","",""
"C1544","",""
"C1545","",""
"C1546","",""
"C1547","",""
"C1548","",""
"C1549","",""
"C1550","",""
"C1551","",""
"C1552","",""
"C1553","",""
"C1554","",""
"C1555","",""
"C1556","",""
"C1557","",""
"C1558","",""
"C1559","",""
"C1560","",""
"C1561","",""
"C1562","",""
"C1563","",""
"C1564","",""
"C1565","",""
"C1566","",""
"C1567","",""
"C1568","",""
"C1569","",""
"C1570","",""
"C1571","",""
"C1572","",""
"C1573","",""
"C1574","",""
"C1575","",""
"C1576","",""
"C1577","",""
"C1578","",""
"C1579","",""
"C1580","",""
"C1581","",""
"C1582","",""
"C1583","",""
"C1584","",""
"C1585","",""
"C1586","",""
"C1587","",""
"C1588","",""
"C1589","",""
"C1590","",""
"C1591","",""
"C1592","",""
"C1593","",""
"C1594","",""
"C1595","",""
"C1596","",""
"C1597","",""
"C1598","",""
"C1599","",""
"C1600","",""
"C1601","",""
"C1602","",""
"C1603","",""
"C1604","",""
"C1605","",""
"C1606","",""
"C1607","",""
"C1608","",""
"C1609","",""
"C1610","",""
"C1611","",""
"C1612","",""
"C1613","",""
"C1614","",""
"C1615","",""
"C1616","",""
"C1617","",""
"C1618","",""
"C1619","",""
"C1620","",""
"C1621","",""
"C1622","",""
"C1623","",""
"C1624","",""
"C1625","",""
"C1626","",""
"C1627","",""
"C1628","",""
"C1629","",""
"C1630","",""
"C1631","",""
"C1632","",""
"C1633","",""
"C1634","",""
"C1635","",""
"C1636","",""
"C1637","",""
"C1638","",""
"C1639","",""
"C1640","",""
"C1641","",""
"C1642","",""
"C1643","",""
"C1644","",""
"C1645","",""
"C1646","",""
"C1647","",""
"C1648","",""
"C1649","",""
"C1650","",""
"C1651","",""
"C1652","",""
"C1653","",""
"C1654","",""
"C1655","",""
"C1656","",""
"C1657","",""
"C1658","",""
"C1659","",""
"C1660","",""
"C1661","",""
"C1662","",""
"C1663","",""
"C1664","",""
"C1665","",""
"C1666","",""
"C1667","",""
"C1668","",""
"C1669","",""
"C1670","",""
"C1671","",""
"C1672","",""
"C1673","",""
"C1674","",""
"C1675","",""
"C1676","",""
"C1677","",""
"C1678","",""
"C1679","",""
"C1680","",""
"C1681","",""
"C1682","",""
"C1683","",""
"C1684","",""
"C1685","",""
"C1686","",""
"C1687","",""
"C1688","",""
"C1689","",""
"C1690","",""
"C1691","",""
"C1692","",""
"C1693","",""
"C1694","",""
"C1695","",""
"C1696","",""
"C1697","",""
"C1698","",""
"C1699","",""
"C1700","",""
"C1701","",""
"C1702","",""
"C1703","",""
"C1704","",""
"C1706","",""
"C1707","",""
"C1708","",""
"C1709","",""
"C1710","",""
"C1711","",""
"C1712","",""
"C1713","",""
"C1714","",""
"C1715","",""
"C1716","",""
"C1717","",""
"C1718","",""
"C1719","",""
"C1720","",""
"C1721","-3,819793","43,455492"
"C1722","-3,825901","43,453832"
"C1723","",""
"C1724","",""
"C1725","",""
"C1726","",""
"C1727","",""
"C1728","",""
"C1729","",""
"C1730","",""
"C1731","",""
"C1732","",""
"C1733","",""
"C1734","",""
"C1735","",""
"C1736","",""
"C1737","",""
"C1738","",""
"C1739","",""
"C1740","",""
"C1741","",""
"C1742","",""
"C1743","",""
"C1744","",""
"C1745","",""
"C1746","",""
"C1747","",""
"C1748","",""
"C1749","",""
"C1750","",""
"C1751","",""
"C1752","",""
"C1753","",""
"C1754","",""
"C1755","",""
"C1756","",""
"C1757","",""
"C1758","",""
"C1759","",""
"C1760","",""
"C1761","",""
"C1762","",""
"C1763","",""
"C1764","",""
"C1765","",""
"C1766","",""
"C1767","",""
"C1768","",""
"C1769","",""
"C1770","",""
"C1771","",""
"C1772","",""
"C1773","",""
"C1774","",""
"C1775","",""
"C1776","",""
"C5171","",""
"C5172","",""
"C5173","",""
"C5174","",""
"C5175","",""
"C5176","",""
"C5177","",""
"C5178","",""
"C5179","",""
"C5180","",""
"C5181","",""
"C5182","",""
"C5183","",""
"C5184","",""
"C5185","",""
"C5186","",""
"C5187","",""
"C5188","",""
"C5189","",""
"C5190","",""
"C5191","",""
"C5192","",""
"C5193","",""
"C5194","",""
"C5195","",""
"C5196","",""
"C5197","",""
"C5198","",""
"C5199","",""
"C5200","",""
"C5201","",""
"C5202","",""
"C5203","",""
"C5204","",""
"C5205","",""
"C5206","",""
"C5207","",""
"C5208","",""
"C5209","",""
"C5210","",""
"C5211","",""
"C5212","",""
"C5213","",""
"C5214","",""
"C5215","",""
"C5216","",""
"C5217","",""
"C5218","",""
"C5219","",""
"C5220","",""
"C5221","",""
"C5222","",""
"C5223","",""
"C5224","",""
"C5225","",""
"C5226","",""
"C5227","",""
"C5228","",""
"C5229","",""
"C5230","",""
"C5231","",""
"C5232","",""
"C5233","",""
"C5234","",""
"C5235","",""
"C1777","",""
"C1778","",""
"C1779","",""
"C1780","",""
"C1781","",""
"C1782","",""
"C1783","",""
"C1784","",""
"C1785","",""
"C1786","",""
"C1787","",""
"C1788","",""
"C1789","",""
"C1790","",""
"C1791","",""
"C1792","",""
"C1793","",""
"C1794","",""
"C1795","",""
"C1796","",""
"C1797","",""
"C1799","",""
"C1800","",""
"C1801","",""
"C1802","",""
"C1803","",""
"C1804","",""
"C1805","",""
"C1806","",""
"C1807","",""
"C1808","",""
"C1809","",""
"C1810","",""
"C1811","",""
"C1812","",""
"C1813","",""
"C1814","",""
"C1815","",""
"C1816","",""
"C1817","",""
"C1818","",""
"C1819","",""
"C1820","",""
"C1821","",""
"C1822","",""
"C1823","",""
"C1824","",""
"C1825","",""
"C1826","",""
"C1827","",""
"C1828","",""
"C1829","",""
"C1830","",""
"C1831","",""
"C1832","",""
"C1833","",""
"C1834","",""
"C1835","",""
"C1836","",""
"C1837","",""
"C1838","",""
"C1839","",""
"C1840","",""
"C1841","",""
"C1842","",""
"C1843","",""
"C1844","",""
"C1845","",""
"C1846","",""
"C1847","",""
"C1848","",""
"C1849","",""
"C1850","",""
"C1851","",""
"C1852","",""
"C1853","",""
"C1854","",""
"C1855","",""
"C1856","",""
"C1857","",""
"C1858","",""
"C1859","",""
"C1860","",""
"C1861","",""
"C1862","",""
"C1863","",""
"C1864","",""
"C1865","",""
"C1866","",""
"C1867","",""
"C1868","",""
"C1869","",""
"C1870","",""
"C1871","",""
"C1872","",""
"C1873","",""
"C1874","",""
"C1875","",""
"C1876","",""
"C1877","",""
"C1878","",""
"C1879","",""
"C1880","",""
"C1881","",""
"C1882","",""
"C1883","",""
"C1884","",""
"C1885","",""
"C1886","",""
"C1887","",""
"C1888","",""
"C1889","",""
"C1890","",""
"C1891","",""
"C1892","",""
"C1893","",""
"C1894","",""
"C1895","",""
"C1896","",""
"C1897","",""
"C1898","",""
"C1899","",""
"C1900","",""
"C1901","",""
"C1902","",""
"C1904","",""
"C1905","",""
"C1906","",""
"C1907","",""
"C1908","",""
"C1909","",""
"C1910","",""
"C1911","",""
"C1912","",""
"C1913","",""
"C1914","",""
"C1915","",""
"C1916","",""
"C1917","",""
"C1918","",""
"C1919","",""
"C1920","",""
"C1921","",""
"C1922","",""
"C1923","",""
"C1924","",""
"C1925","",""
"C1926","",""
"C1927","",""
"C1928","",""
"C1929","",""
"C1930","",""
"C1931","",""
"C1932","",""
"C1933","",""
"C1934","",""
"C1935","",""
"C1936","",""
"C1937","",""
"C1938","",""
"C1939","",""
"C1940","",""
"C1941","",""
"C1942","",""
"C1943","",""
"C1944","",""
"C1945","",""
"C1946","",""
"C1947","",""
"C1948","",""
"C1949","",""
"C1950","",""
"C1951","",""
"C1952","",""
"C1953","",""
"C1954","",""
"C1955","",""
"C1956","",""
"C1957","",""
"C1958","",""
"C1959","",""
"C1960","",""
"C1961","",""
"C1962","",""
"C1963","",""
"C1964","",""
"C1965","",""
"C1966","",""
"C1967","",""
"C1968","",""
"C1969","",""
"C1970","",""
"C5236","",""
"C5237","",""
"C5238","",""
"C5239","",""
"C5240","",""
"C5241","",""
"C5242","",""
"C5243","",""
"C5244","",""
"C5245","",""
"C5246","",""
"C5247","",""
"C5248","",""
"C5249","",""
"C5250","",""
"C5251","",""
"C5252","",""
"C5253","",""
"C5254","",""
"C5255","",""
"C5256","",""
"C5257","",""
"C5258","",""
"C5259","-5,794179","43,263551"
"C5260","-5,782486","43,25278"
"C5261","",""
"C5262","",""
"C5263","",""
"C5264","",""
"C5265","",""
"C5266","",""
"C5267","",""
"C5268","",""
"C5269","",""
"C5270","",""
"C5271","",""
"C5272","",""
"C5273","",""
"C5274","",""
"C1971","",""
"C1972","",""
"C1973","",""
"C1974","",""
"C1975","",""
"C1976","",""
"C1977","",""
"C1978","",""
"C1979","",""
"C1980","",""
"C1981","",""
"C1982","",""
"A1983","-5,725632","43,542045"
"A1984","-5,728417","43,54826"
"C4040","",""
"C4041","",""
"A1703","-5,678233","43,313501"
"C1401","",""
"C1402","",""
"C1983","",""
"A1985","-5,69148","43,529276"
"A1986","-5,687692","43,527555"
"05295","-6,952031","43,527175"
"05301","-5,869919","43,365925"
"05319","-6,059931","43,425544"
"05355","-5,875153","43,283181"
"05377","-5,754903","43,176075"
"05387","-5,600394","43,151058"
"05413","-5,703428","43,394081"
"05431","-5,667792","43,290786"
"05441","-5,575014","43,259847"
"05471","-3,095406","43,209014"
"05785","-5,549286","42,657511"
"05790","-5,127567","42,786261"
"05797","-5,403264","42,864922"
"05953","-0,953644","37,607819"
"05967","-0,864797","37,619836"
"B2300","-8,610298","42,338983"
"B5120","",""
"C1160","-1,786095","43,35049"
"C3308","-6,825961","40,605683"
"C7730","1,914488","42,44716"
"C7931","3,1592","42,434823"
"C1161","",""
"C7932","",""
"B6403","",""
"B6405","-0,519932","38,345886"
"A6143","",""
"B6406","-0,531123","38,362036"
"B1505","-4,544351","42,023622"
"B0602","",""
"C8102","",""
"B0340","-0,716404","38,393676"
"B0341","",""
"C0364","",""
"C0365","",""
"C0366","",""
"C0367","",""
"C6120","",""
"C6121","",""
"C6122","",""
"03410","-0,766969","38,244499"
"03411","",""
"03412","-0,876261","38,134698"
"03413","",""
"03414","",""
"C0748","",""
"C0743","",""
"C0744","",""
"C0745","",""
"C0746","",""
"C0747","",""
"C0800","",""
"C1124","",""
"C4051","",""
"C4052","",""
"C4053","",""
"C4350","",""
"C4351","",""
"C4352","",""
"C4353","",""
"C4354","",""
"C4355","",""
"C4356","",""
"C4357","",""
"C4358","",""
"C4359","",""
"C4364","",""
"C4365","",""
"C4366","",""
"C4367","",""
"C4368","",""
"C4369","",""
"C0318","",""
"C0319","",""
"C0401","",""
"C0402","",""
"C0403","",""
"C3309","",""
"C3310","",""
"C3311","",""
"C3730","",""
"C4050","",""
"C7810","",""
"C7811","",""
"C7812","",""
"C7813","",""
"C7814","",""
"C7815","",""
"C7816","",""
"C7817","",""
"C7818","-0,481674","42,018266"
"C7819","-0,424763","42,078148"
"C7820","-0,418554","42,100701"
"C8000","",""
"C8001","",""
"C9212","",""
"C9213","",""
"C9214","",""
"C3320","",""
"C3321","",""
"C3322","",""
"C3323","",""
"C1100","",""
"C1110","",""
"C1111","",""
"C1112","",""
"C1113","",""
"C1114","",""
"C1115","",""
"C1116","",""
"C1117","",""
"C1118","",""
"C1119","",""
"C1120","",""
"C1121","",""
"C1122","",""
"C1123","",""
"C1450","",""
"C1451","",""
"C1452","",""
"C1453","",""
"C1454","",""
"C1455","",""
"C1456","",""
"C1457","",""
"C1458","",""
"C1459","",""
"C1460","",""
"C1461","",""
"C1462","",""
"C1463","",""
"C1464","",""
"C1465","",""
"C8010","",""
"C8011","",""
"C8012","",""
"C8013","",""
"C8014","",""
"C4361","",""
"C4362","",""
"C4363","",""
"C2000","",""
"C2001","",""
"C2002","",""
"C2003","",""
"C2004","",""
"C2005","",""
"C2006","",""
"C2007","",""
"C2008","",""
"C2009","",""
"C2010","",""
"C3100","",""
"C3101","",""
"C3102","",""
"C3103","",""
"C3104","",""
"C3105","",""
"C0500","",""
"C0502","",""
"C0600","",""
"C0601","",""
"C0602","",""
"C0610","",""
"C0611","",""
"C0612","",""
"C3502","",""
"C3503","",""
"C6001","-3,678977","40,399448"
"C6010","",""
"C6013","",""
"C6014","",""
"C6015","",""
"C6016","",""
"C6017","",""
"C6018","",""
"C6019","",""
"C6020","",""
"C6021","",""
"C6022","",""
"C6023","",""
"C6024","",""
"C6025","",""
"C6026","",""
"C6112","",""
"C6113","",""
"C6201","",""
"C6202","",""
"C6203","",""
"C6204","",""
"C6205","",""
"C6206","",""
"C6207","",""
"C6208","",""
"C6209","",""
"C6210","",""
"C6211","",""
"C6214","",""
"C6605","",""
"C6901","",""
"C6902","",""
"C6903","",""
"C6904","",""
"C0100","",""
"C0101","",""
"C0102","",""
"C0103","",""
"C0104","",""
"C0105","",""
"C0106","",""
"C0130","",""
"C0131","",""
"C0132","",""
"C0133","",""
"C0140","",""
"C0141","",""
"C0142","",""
"C0143","",""
"C0144","",""
"C0301","",""
"C0302","-3,765806","37,847972"
"C7032","",""
"C7033","",""
"C7034","",""
"C7035","",""
"C7036","",""
"C7037","",""
"C7038","",""
"C7039","",""
"C7040","",""
"C7041","",""
"C7042","",""
"C7043","",""
"C7044","",""
"C7045","",""
"C7046","",""
"C7047","",""
"C7048","",""
"C7049","",""
"C7050","",""
"C7051","",""
"C7052","",""
"C7053","",""
"C7054","",""
"C7055","",""
"C7056","",""
"C7057","",""
"C7058","",""
"C7059","",""
"C7060","",""
"C7061","",""
"C7062","",""
"C7063","",""
"C7064","2,946952","42,253369"
"C7065","2,988666","42,15999"
"C7066","2,990377","42,166048"
"C7067","",""
"C7068","",""
"C7069","2,818889","41,983712"
"C7070","",""
"C7071","",""
"C6502","",""
"C6503","",""
"C6504","",""
"C6505","",""
"C6506","",""
"C6507","",""
"C6508","",""
"C6509","",""
"C6510","",""
"C6511","",""
"C6512","",""
"C6513","",""
"C6514","",""
"C6515","",""
"C6516","",""
"C6528","",""
"C6529","",""
"C6530","",""
"C7020","",""
"C7021","",""
"C7022","",""
"C7025","",""
"C7026","",""
"C7027","",""
"C7028","",""
"C7029","",""
"C7030","",""
"C7031","",""
"C6518","",""
"C6519","",""
"C6520","",""
"C6521","",""
"C6522","",""
"C6523","",""
"C6524","",""
"C6525","",""
"C6526","",""
"C6527","",""
"C4400","",""
"C4401","",""
"C7000","",""
"C7001","",""
"C7002","",""
"C0603","-3,611166","38,014213"
"C0604","",""
"C0605","",""
"C0606","",""
"C0607","",""
"C0608","",""
"C0609","",""
"C3500","",""
"C3501","",""
"C3600","",""
"C3601","-6,372189","39,071733"
"C3603","",""
"C3700","",""
"C5500","",""
"C5502","",""
"C5510","",""
"C5511","",""
"C9832","",""
"D3604","",""
"C0005","-5,346834","38,413432"
"C0006","-5,205483","38,261974"
"C0007","",""
"C0008","",""
"C4010","",""
"C4011","",""
"C4012","",""
"C3701","",""
"C3702","",""
"C3703","",""
"C3704","",""
"C3705","",""
"C3706","",""
"C3707","",""
"C3708","",""
"C3709","",""
"C3740","",""
"C3763","",""
"C9400","",""
"B1513","-5,569707","42,537737"
"C3504","",""
"C1466","",""
"C4013","",""
"C7072","",""
"C5441","-4,219611","37,134234"
"C5442","-3,97882","37,231067"
"B0821","",""
"B0822","",""
"C0819","",""
"C0838","",""
"C0839","",""
"A2301","",""
"C3106","",""
"B2301","-8,649782","42,484718"
"C3107","",""
"C3108","",""
"C3109","",""
"C6531","",""
"B0813","-4,674754","41,702949"
"B0814","-4,486438","41,925302"
"B0815","-4,437038","41,944086"
"B0816","-4,430862","41,945721"
"B0817","-4,479474","41,964766"
"B0818","-4,792448","42,194185"
"B0819","-5,145047","42,393571"
"B0823","-5,582946","42,528569"
"B0824","-5,579869","42,583905"
"C3110","",""
"23023","",""
"C2230","",""
"C2231","",""
"08223","-8,713075","42,234493"
"08224","-8,603574","42,28451"
"B0825","",""
"B0826","-5,579799","42,578347"
"B0810","-4,679711","41,695729"
"C0848","",""
"C0849","",""
"08014","-4,524029","41,847981"
"08015","",""
"08016","-4,115719","42,14356"
"08017","",""
"08018","-3,888429","42,284102"
"08019","",""
"08206","-5,579628","42,581613"
"08020","-3,659529","42,371968"
"C0349","",""
"C8200","",""
"C0852","",""
"C0853","",""
"C0854","",""
"22301","-8,649246","42,28747"
"22310","-8,643979","42,288884"
"B7945","2,631651","41,747758"
"B2302","-8,642877","42,794334"
"C3111","",""
"08003","",""
"B0201","-4,72197","37,000783"
"C6027","",""
"B2230","-8,603716","42,293853"
"C2232","",""
"A0810","-4,711262","41,649984"
"C0870","",""
"C0871","-4,710444","41,651139"
"C0872","",""
"C0873","",""
"C8103","",""
"C7510","",""
"C7511","",""
"B0840","-5,63306","41,534632"
"C3020","",""
"02030","-4,560807","37,01812"
"02031","",""
"02035","-3,873282","37,241562"
"08240","-4,923063","41,291182"
"08241","-4,936343","41,292556"
"08242","-5,414863","41,477152"
"08243","",""
"B0105","-4,643376","37,041884"
"B0107","-4,201298","37,15308"
"B0109","-3,984744","37,231558"
"B0110","-3,614495","37,183322"
"B3200","-4,967546","41,284188"
"B0104","-4,583611","37,033889"
"C2400","",""
"C2401","",""
"C2402","",""
"C2403","",""
"C2404","",""
"C2405","",""
"C2406","",""
"C2407","",""
"C2408","",""
"C2409","",""
"C2410","",""
"C2411","",""
"C2412","",""
"C2413","",""
"C2414","",""
"C2415","",""
"C2416","",""
"C2417","",""
"C2418","",""
"C2419","",""
"C2420","",""
"C2421","",""
"C2422","",""
"C2423","",""
"C2424","",""
"C2425","",""
"C2426","",""
"C2427","",""
"C2428","",""
"C2429","",""
"C2430","",""
"C2431","",""
"C2432","",""
"C2433","",""
"C2434","",""
"C2435","",""
"70112","-3,441525","40,463898"
"97200","-3,709131","40,499938"
"C1413","",""
"C3750","",""
"C3751","",""
"C3112","",""
"C6535","",""
"C2301","",""
"C2302","",""
"C2303","",""
"C2304","",""
"C2305","",""
"C2306","",""
"C2307","",""
"C2436","",""
"C2437","",""
"C2438","",""
"C2443","",""
"C2444","",""
"C2445","",""
"C2446","",""
"C2440","",""
"C2441","",""
"C2442","",""
"23020","-8,735172","42,702403"
"23021","-8,656822","42,780821"
"A0823","-5,569147","42,534457"
"A1410","-4,531051","42,012169"
"C8201","",""
"C8202","",""
"C8203","",""
"C8204","",""
"C8205","",""
"C8206","",""
"C8207","",""
"C8208","",""
"C8209","",""
"C8210","",""
"C8212","",""
"C8213","",""
"C8214","",""
"C8215","",""
"C7073","2,825631","41,994504"
"A8240","-4,941111","41,293261"
"C3021","",""
"C3022","",""
"C3023","",""
"C8216","",""
"C8217","",""
"C8218","",""
"70113","-3,253805","40,570856"
"C8219","",""
"A7510","0,650421","41,620831"
"C0107","",""
"C8220","",""
"C0108","",""
"C0109","",""
"51113","-5,964029","37,332989"
"A5410","1,126294","41,119891"
"B5407","",""
"B5408","",""
"B5409","",""
"B5410","1,116839","41,120728"
"B7510","1,137887","41,123161"
"C3024","",""
"C3025","-5,74357","41,514471"
"B3020","",""
"C3113","",""
"C3114","",""
"C3115","",""
"C8221","",""
"C3026","-5,80273","41,548016"
"C8222","",""
"90002","",""
"90003","",""
"90004","",""
"90005","",""
"C0429","",""
"C0430","",""
"A1650","-5,874004","43,527201"
"A3142","-8,464902","43,159659"
"A5110","-5,975632","37,336896"
"A5111","-5,981959","37,338291"
"A6410","-0,425641","39,326184"
"A6504","-0,335673","39,437396"
"A6505","-0,333709","39,434378"
"C3116","-4,93992","41,29887"
"C7201","",""
"C7203","",""
"C7204","",""
"C6540","",""
"C6541","",""
"C6517","",""
"C7821","",""
"C7822","",""
"B4105","1,23844","41,178821"
"B5411","1,14409","41,130091"
"C6532","",""
"C6533","",""
"C6534","",""
"C6536","",""
"C6537","",""
"C6538","",""
"C6539","",""
"C6542","",""
"C6543","",""
"C6544","",""
"B4106","1,19924","41,233231"
"C5443","",""
"C5444","",""
"C5445","",""
"C6545","",""
"C0347","",""
"A6422","-0,371662","39,455439"
"B0323","-0,382171","39,452069"
"C0874","",""
"C0875","",""
"C0876","",""
"C0877","",""
"C7402","",""
"C7404","",""
"C7406","",""
"C7408","",""
"C7410","",""
"B0841","",""
"B0842","",""
"B0843","-5,801765","41,576942"
"C0878","",""
"C0880","",""
"C0881","",""
"C0882","",""
"C0884","",""
"C0885","",""
"C0886","",""
"C0887","",""
"C0888","",""
"C0889","",""
"C0890","",""
"0878","",""
"C7304","-2,569791","41,100346"
"C7081","-0,92543","41,668547"
"C1403","-2,21565","43,034481"
"C3180","-3,683704","40,400154"
"C3181","-3,715683","40,411735"
"C7310","1,117272","41,171669"
"C7943","",""
"C6418","-0,501282","39,017719"
"10620","-4,681012","41,63435"
"A8241","",""
"C2202","",""
"C2203","",""
"C2204","",""
"A8243","",""
"A8244","",""
"A8245","",""
"A8246","",""
"A8247","",""
"A8248","-7,809828","42,255867"
"C6419","",""
"C6420","",""
"C6421","",""
"C6422","",""
"C6423","",""
"C6425","",""
"C1125","-2,251891","42,870054"
"C2011","-6,805351","42,497564"
"20324","-7,447536","42,869463"
"B0885","-3,683174","40,465922"
"B0886","",""
"B0887","",""
"B0888","-3,689118","40,402841"
"B0889","",""
"C7802","-0,857763","41,690605"
"C7401","-0,54755","42,181529"
"C6424","-0,380739","39,457766"
"64205","",""
"65420","0,911933","40,997731"
"65421","0,974859","41,047783"
"65422","1,044607","41,079293"
"A0843","-5,807213","41,555961"
"B3019","-5,744827","41,513087"
"B3021","-5,794014","41,533894"
"B3120","-6,576539","42,044653"
"C0505","",""
"B0100","",""
"C6074","-1,709517","37,641467"
"31101","-5,811807","41,563417"
"C7945","2,475195","41,547845"
"C6105","-1,611038","38,386982"
"B3122","-6,689351","42,034385"
"C0110","-4,918573","37,225863"
"A6133","-1,029695","38,00561"
"A6135","-1,103626","37,970143"
"A6137","-1,089298","37,975431"
"C6123","-1,030056","38,005374"
"C0111","-4,294163","37,138503"
"03200","-3,691229","40,409258"
"B1803","-3,679451","40,374477"
"04120","1,161435","41,137807"
"B7183","2,186921","41,401947"
"08244","",""
"08245","-5,936033","41,829281"
"08246","-6,160131","41,957808"
"08247","-6,563636","42,044653"
"08248","-6,677271","42,03718"
"C6200","",""
"C8020","-3,659342","42,374317"
"B3750","-6,464111","38,916111"
"B3760","-6,923639","38,920639"
"A8249","-7,822886","42,257053"
"08253","-7,804619","42,255622"
"08255","-7,815483","42,256194"
"A8250","-7,829853","42,261322"
"08250","-7,048342","42,047006"
"08251","-7,138758","42,064403"
"08252","-7,637228","42,194703"
"A1510","-5,59375","42,597333"
"A0825","-3,657396","42,372403"
"B3500","-6,147636","39,955411"
"B3501","-6,148967","39,974667"
"A3540","-6,390308","39,444214"
"B3503","-6,428628","39,514022"
"B3502","-6,440833","39,532664"
"B3600","-6,39945","39,421294"
"B3601","-6,398611","39,419217"
"B3602","-6,371711","39,073389"
"C3602","",""
"03500","-6,198278","39,941819"
"03501","-6,438647","39,723636"
"03602","-6,379856","39,292692"
"Z0046","",""
"Z0139","",""
"Z0021","",""
"Z0061","",""
"Z0002","",""
"Z0302","",""
"Z0331","",""
"Z0264","",""
"Z0165","",""
"Z0083","",""
"Z0096","",""
"Z0127","",""
"Z0020","",""
"Z0093","",""
"Z0166","",""
"Z0031","",""
"Z0176","",""
"Z0078","",""
"C0816","",""
"ZN816","",""
"Z0125","",""
"Z0064","",""
"Z0121","",""
"Z0003","",""
"Z0076","",""
"Z0043","",""
"Z0110","",""
"Z0142","",""
"Z0026","",""
"Z0068","",""
"Z1147","",""
"Z0100","",""
"Z0101","",""
"Z0042","",""
"Z0070","",""
"Z0007","",""
"Z0129","",""
"Z0011","",""
"Z0136","",""
"Z0016","",""
"ZN002","",""
"ZN003","",""
"ZN001","",""
"Z0155","",""
"Z0072","",""
"Z0052","",""
"Z0124","",""
"Z0132","",""
"Z0053","",""
"Z0156","",""
"Z0107","",""
"Z0025","",""
"Z0103","",""
"Z0112","",""
"Z0148","",""
"Z0114","",""
"Z0066","",""
"Z0153","",""
"Z0163","",""
"Z0009","",""
"Z0082","",""
"Z0157","",""
"Z0059","",""
"Z0170","",""
"Z0060","",""
"Z0152","",""
"Z0149","",""
"Z0062","",""
"Z0085","",""
"Z0172","",""
"Z0080","",""
"Z0073","",""
"Z0116","",""
"Z0169","",""
"Z0174","",""
"Z0131","",""
"Z0141","",""
"Z0150","",""
"Z0178","",""
"Z0118","",""
"Z0159","",""
"Z0089","",""
"Z0090","",""
"Z0105","",""
"Z0018","",""
"Z0134","",""
"Z0135","",""
"Z0024","",""
"Z0036","",""
"Z0087","",""
"Z0045","",""
"72508","2,186167","41,526083"
"A3760","-6,630239","38,915514"
"ZN801","",""
"C3540","",""
"ZN501","",""
"ZN502","",""
"C6132","",""
"A8401","0,657237","41,615869"
"ZN461","",""
"ZN462","",""
"ZN463","",""
"64010","-0,789833","38,859861"
"B6411","-0,746389","38,881306"
"B6410","-0,843833","38,844222"
"08208","-5,637467","42,800994"
"08207","-5,821444","43,109994"
"C8825","",""
"ZN984","",""
"C8818","-5,667669","42,843481"
"C8819","-5,669964","42,845097"
"C8817","-5,635839","42,808411"
"A0851","-5,820417","43,114281"
"A0849","-5,822539","43,105494"
"C8821","-5,839322","43,024244"
"C8822","-5,826272","43,095267"
"C8820","-5,839214","43,023464"
"61404","-0,952111","37,569861"
"B6140","-0,943806","37,571889"
"A7003","-3,674859","40,396803"
"A3144","-8,547478","42,869308"
"A3143","-8,419648","43,345344"
"A4309","-6,932222","37,251944"
"B4310","-6,935","37,203333"
"43030","-6,932222","37,199167"
"64210","-0,402469","39,39222"
"Z5341","",""
"Z0261","",""
"Z0262","",""
"Z5181","",""
"Z6261","",""
"66019","-3,412111","39,968806"
"66020","-3,339333","39,960361"
"B5702","-3,627414","37,206258"
"B5703","-3,622592","37,197956"
"05021","-3,625139","37,202439"
"B2003","-5,716945","42,538611"
"64110","-0,425806","39,327778"
"Z9261","",""
"B3603","-6,416631","38,944558"
"37612","-6,994086","38,898317"
"04320","2,19403","41,424729"
"05427","-5,682964","43,298012"
"05426","-5,688821","43,305676"
"B1053","-4,725861","41,618194"
"C1062","-4,670278","41,705833"
"B3730","-4,134722","38,681667"
"C0868","-5,413508","42,453586"
"C1410","-4,652206","42,107894"
"C5740","-3,886564","42,97995"
"32000","-5,721919","40,954308"
"40009","-6,366775","38,823253"
"C3520","",""
"35211","-5,494517","39,90465"
"A5116","-6,204167","36,530833"
"51420","-6,2425","36,519444"
"ZN021","",""
"08230","-5,582946","42,528568"
"08190","-5,145047","42,393571"
"C3410","",""
"C0391","",""
"C0392","",""
"C0399","",""
"C0397","",""
"C0398","",""
"C0395","",""
"C0396","",""
"C0393","",""
"C0394","",""
