"Subdirección","Nombre","Código"
"RED DE ALTA VELOCIDAD (RAV)","CTT CERRO NEGRO AV","A0180"
"RC SUR","ESPELUY-AGUJA KM. 150,5","A0300"
"RC SUR","ANTEQUERA-STA.ANA-AGJ.KM.48,3","A0426"
"RC SUR","ANTEQUERA-STA.ANA-AGJ.KM.50,4","A0427"
"RED DE ALTA VELOCIDAD (RAV)","CAN TUNIS-A. V.","A0660"
"RED DE ALTA VELOCIDAD (RAV)","CTT FUENCARRAL AV","A0720"
"RED DE ALTA VELOCIDAD (RAV)","AGUJA BASE OLMEDO KM. 0,954","A0740"
"RED DE ALTA VELOCIDAD (RAV)","AGUJA KM. 3,312","A0741"
"RED DE ALTA VELOCIDAD (RAV)","AGUJA BASE OLMEDO KM. 4,400","A0742"
"RED DE ALTA VELOCIDAD (RAV)","KM. 0.4","A0800"
"RED DE ALTA VELOCIDAD (RAV)","M-CHAMARTIN-AG. KM. 1,5","A0801"
"RC NORTE","BIF. RUBENA-AG. KM. 377,3","A1112"
"RC NORTE","AGUJA DE ENLACE","A1311"
"RC NOROESTE","KM. 449,1","A2031"
"RC NOROESTE","AGUJA KM. 545,4","A2045"
"RC NOROESTE","GUILLAREI-AG. KM. 141,6","A2220"
"RC NOROESTE","BIF. CHAPELA","A2230"
"RC NOROESTE","GUILLAREI-AG. KM. 0,9","A2240"
"RC NOROESTE","FAXIL-AG.KM. 36,095","A2300"
"RC CENTRO","HUMANES-AGUJA KM. 25,3","A3500"
"RED DE ALTA VELOCIDAD (RAV)","CIUDAD REAL-AGUJA KM. 174","A3710"
"RC SUR","ESPELUY-AGUJA KM. 338,8","A5030"
"RC SUR","ESPELUY-AGUJA KM. 340,1","A5031"
"RC SUR","ALCOLEA-AGUJA KM.431,9","A5040"
"RC SUR","AGUJA KM. 1,337","A5050"
"RC SUR","LA SALUD-AGUJA KM. 6,2","A5100"
"RC SUR","LA SALUD-AGUJA KM. 10,2","A5101"
"RC SUR","BENALMADENA-AGUJA KM. 19,0","A5450"
"RC CENTRO","AGUJA KM. 1.4","A6001"
"RC CENTRO","AGUJA KM. 1,8","A6002"
"RC CENTRO","AGUJA KM. 3,466","A6015"
"RC CENTRO","AGUJA KM. 146,1","A6031"
"RC ESTE","S.VICENTE RASPEIG-AGJ KM.448,7","A6090"
"RC ESTE","AGUJA KM. 523,2","A6131"
"RC ESTE","AGUJA KM. 0,8","A6141"
"RC ESTE","MOYRESA (CGD)","A6142"
"RC ESTE","EXOLUM (CGD)","A6144"
"RC ESTE","BUTANO S.A. (CGD)","A6210"
"RC NORESTE","AGUJA CLASIF. KM. 272,0.","A6541"
"RC CENTRO","AGUJA KM. 1.2","A7002"
"RC NORESTE","CALATAYUD-AGUJA KM. 246,1","A7060"
"RC NORESTE","CAMBIADOR PLASENCIA-AG.KM.308,6","A7070"
"RC NORESTE","CIM-AGUJA KM. 337,1","A7080"
"RC NORESTE","CIM-AGUJA KM. 0,7","A7081"
"RC NORESTE","LA CARTUJA-AGUJA KM. 23,3","A7083"
"RC NORESTE","BIF. PLAZA-AG.KM.8,9","A7086"
"RC NORESTE","BIF. PLAZA-AG.KM.1,4","A7087"
"RC NORESTE","LA CARTUJA-AGUJA KM. 351,1","A7110"
"RC NORESTE","MIRAFLORES-AGUJA KM. 345,6","A7111"
"RC NORESTE","AGUJA CLASIF. KM. 100,4.","A7141"
"RC NORESTE","REPSOL QUIMICA S.A. (CGD)","A7203"
"RC NORESTE","BIF. RUBI","A7221"
"RC NORESTE","AGUJA KM. 4,014","A7222"
"RC NORESTE","MOLLET-S.FOST AGUJA KM.23,2","A7223"
"RC NORESTE","BIF. PAPIOL","A7224"
"RC NORESTE","AGUJA KM. 70,449","A7225"
"RC NORESTE","AGUJA KM. 71,161","A7226"
"RC NORESTE","AGUJA KM. 0,500","A7227"
"RC NORESTE","AGUJA KM. 79,347","A7228"
"RC NORESTE","CAMBIADOR LLEIDA-AG. KM. 3,1","A7300"
"RC NORESTE","KM. 75.3","A7310"
"RC NORESTE","HOYA DE HUESCA-AGUJA KM. 2,3","A7400"
"RC NORESTE","PALOU (CGD)","A7701"
"RC NORESTE","KM. 21,4","A7702"
"RC NORESTE","KM. 152,1","A7830"
"RC NORESTE","MIRAFLORES-AGUJA KM. 0,9","A7890"
"RC CENTRO","FUENCARRAL-COMPLEJO","A9060"
"RC CENTRO","AGUJA KM. 5,7","A9101"
"RED DE ALTA VELOCIDAD (RAV)","BIF. ARCHIDONA","B0101"
"RC SUR","KM. 98.5","B0102"
"RC SUR","BIF. LAS MARAVILLAS","B0103"
"RED DE ALTA VELOCIDAD (RAV)","BIF. MALAGA-A. V.","B0200"
"RED DE ALTA VELOCIDAD (RAV)","BIF. MEDINA","B0740"
"RED DE ALTA VELOCIDAD (RAV)","RIO DUERO","B0800"
"RC NORTE","KM. 250.2","B0801"
"RED DE ALTA VELOCIDAD (RAV)","BIF. CAMBIADOR VALDESTILLAS","B0802"
"RED DE ALTA VELOCIDAD (RAV)","BIF. TORREJON DE VELASCO","B0900"
"RED DE ALTA VELOCIDAD (RAV)","BIF. O IRIXO","B0901"
"RC NOROESTE","BIF. RIO SAR","B0902"
"RC CENTRO","BIF. CHAMARTIN","B1005"
"RC NORTE","EL PINAR SUR","B1050"
"RC NORTE","BIF. LINEA MADRID-HENDAYA","B1051"
"RC NORTE","ARCAS REALES P.B.","B1052"
"RC NORTE","BIF. RIOJA","B1110"
"RC NORTE","BIF. ARANDA","B1111"
"RC NORTE","BIF. RUBENA","B1112"
"RC NORTE","BIF. KM.534,0","B1120"
"RC NORTE","BIF. LA CASILLA","B1320"
"RC NORTE","BIF. MAGAZ","B1400"
"RC NOROESTE","BIF. LEON-CLASIFICACION","B1501"
"RC NOROESTE","BIF. LEON","B1506"
"RC NOROESTE","BIF. RIO BERNESGA","B1507"
"RC NOROESTE","BIF. TORNEROS","B1508"
"RC NOROESTE","BIF. QUINTANA","B1509"
"RC NOROESTE","BIF. GALICIA","B1511"
"RC NOROESTE","BIF. TUDELA-VEGUIN","B1521"
"RC NOROESTE","BIF. OLLONIEGO","B1601"
"RC NOROESTE","BIF. PEÑA RUBIA","B1602"
"RC NOROESTE","BIF. VIELLA","B1611"
"RC CENTRO","BIF. FUENCARRAL","B1702"
"RC CENTRO","KM. 9.6","B1703"
"RC CENTRO","BIF. MUSEO","B1804"
"RC NOROESTE","BIF. ASTURIAS","B2001"
"RC NOROESTE","KM. 253,5","B2021"
"RC NOROESTE","BIF. EL BURGO","B2041"
"RC NOROESTE","BIF. SAN DIEGO","B2051"
"RC NOROESTE","BIF. SAN CRISTOBAL","B2052"
"RC NOROESTE","BIF. LA SERNA","B3001"
"RC SUR","MONFRAGÜE-AGUJA KM. 4,4","B3002"
"RC NOROESTE","BIF. UXES","B3141"
"RC NOROESTE","BIF. CERCEDA","B3142"
"RC SUR","MONFRAGÜE-AGUJA KM. 255,4","B3531"
"RC CENTRO","BIF. PARLA","B3700"
"RED DE ALTA VELOCIDAD (RAV)","LOS GAVILANES - AGUJA KM. 13,400","B3710"
"RED DE ALTA VELOCIDAD (RAV)","BIF.CAMBIADOR ALCOLEA","B3770"
"RC CENTRO","BIF. POBLETE","B4005"
"RED DE ALTA VELOCIDAD (RAV)","BIF. CAMBIADOR PLASENCIA DE JALON","B4015"
"RED DE ALTA VELOCIDAD (RAV)","BIF. MONCASI","B4030"
"RED DE ALTA VELOCIDAD (RAV)","BIF. HUESCA","B4041"
"RED DE ALTA VELOCIDAD (RAV)","BIF. CAMBIADOR MIRAFLORES","B4042"
"RED DE ALTA VELOCIDAD (RAV)","BIF. CANAL IMPERIAL","B4043"
"RED DE ALTA VELOCIDAD (RAV)","P. T. ZARAGOZA SUR","B4044"
"RED DE ALTA VELOCIDAD (RAV)","P. T. ZARAGOZA NORTE","B4045"
"RED DE ALTA VELOCIDAD (RAV)","BIF. LES TORRES DE SANUI","B4054"
"RED DE ALTA VELOCIDAD (RAV)","BIF. ARTESA DE LLEIDA","B4100"
"RED DE ALTA VELOCIDAD (RAV)","P.T. LLEIDA NORTE","B4101"
"RED DE ALTA VELOCIDAD (RAV)","BIF. CAMBIADOR PUIGVERD","B4102"
"RED DE ALTA VELOCIDAD (RAV)","CAMBIADOR DE LA BOELLA","B4103"
"RED DE ALTA VELOCIDAD (RAV)","BIF. CAN TUNIS-A. V.","B4104"
"RED DE ALTA VELOCIDAD (RAV)","BIF. MOLLET","B4300"
"RC SUR","BIF. CARTUJA","B4301"
"RC SUR","BIF. CORDOBA MERCANCIAS","B5052"
"RC SUR","BIF. SAN JERONIMO","B5073"
"RC SUR","BIF. LOS NARANJOS","B5101"
"RC SUR","BIF. TAMARGUILLO","B5102"
"RC SUR","BIF. UTRERA","B5103"
"RC SUR","BIF. LA NEGRILLA","B5109"
"RC SUR","BIF. S. BERNARDO","B5119"
"RC SUR","BIF. GRANADA","B5601"
"RC SUR","BIF. ALMERIA","B5701"
"RED DE ALTA VELOCIDAD (RAV)","BIF. CERRO NEGRO / STA. CATALINA","B6000"
"RED DE ALTA VELOCIDAD (RAV)","VALLECAS AV - AGUJA KM.12,300","B6001"
"RC CENTRO","BIF. PLANETARIO","B6002"
"RC ESTE","P. B. ARENALES","B6040"
"RC ESTE","LA ENCINA AGUJA KM. 2,963","B6091"
"RC ESTE","BIF. VALLADA","B6401"
"RC ESTE","XATIVA-AGUJA KM.47,0","B6402"
"RC ESTE","BIF. PUERTO CABANYAL","B6500"
"RC ESTE","VFSL-AG.KM.5,8","B6501"
"RC ESTE","BIF. GRAO VALENCIA","B6502"
"RC ESTE","BIF. NAZARET","B6504"
"RC ESTE","BIF. PUERTO FSL","B6505"
"RC ESTE","BIF. CALAFAT","B6541"
"RC ESTE","SAGUNT-AGUJA KM. 268,8.","B6722"
"RC ESTE","SAGUNT-AGUJA KM. 32.3","B6731"
"RC CENTRO","BIF. BASE AEREA","B7011"
"RC NORESTE","BIF. TERUEL","B7081"
"RC NORESTE","BIF. PLAZA","B7082"
"RC NORESTE","KM 671,9","B7171"
"RC NORESTE","BELLVITGE AGUJA KM.674,8","B7173"
"RC NORESTE","BIF. ARAGO","B7181"
"RC NORESTE","BIF. CLOT","B7182"
"RC NORESTE","BIF. GLORIAS","B7184"
"RC NORESTE","BIF. LLOBREGAT","B7192"
"RC NORESTE","CAN TUNIS AGUJA KM. 18,3","B7193"
"RC NORESTE","BIF. A VILANOVETA","B7511"
"RC NORESTE","BIF. CANFRANC","B7800"
"RC NORESTE","BIF. HOYA DE HUESCA","B7801"
"RED DE ALTA VELOCIDAD (RAV)","BIF. CAMBIADOR LLEIDA","B7840"
"RC NORESTE","BIF. AIGÜES","B7901"
"RC NORESTE","BIF. GIRONA MERCADERIES","B7920"
"RC NORESTE","KM. 3,278","B7941"
"RC NORESTE","KM. 2,778","B7942"
"RC NORESTE","BIF. SAGRERA-AG.KM. 108,0","B7943"
"RC NORTE","BIF. KM.231,5","B8000"
"RC NORTE","BIF. CASTILLA","B8100"
"RC NORTE","BIF. VILLALONQUEJAR","B8221"
"RC CENTRO","BIF. DE VALCORBA","B8301"
"RC NORESTE","BIF. VILANOVA","B8801"
"RC CENTRO","BIF. REBOLLEDO","B9521"
"RC CENTRO","BIF. P. PIO","B9701"
"RC CENTRO","BIF. HORTALEZA","B9800"
"RC CENTRO","BIF. VICALVARO-MERCANCIAS","B9811"
"RC SUR","KM. 56.4","C0001"
"RC SUR","KM. 69.1","C0004"
"RED DE ALTA VELOCIDAD (RAV)","KM. 0,154","C0200"
"RED DE ALTA VELOCIDAD (RAV)","KM. 0,804","C0201"
"RED DE ALTA VELOCIDAD (RAV)","KM. 2,145","C0202"
"RED DE ALTA VELOCIDAD (RAV)","KM. 2,144","C0203"
"RED DE ALTA VELOCIDAD (RAV)","KM. 3,717","C0204"
"RED DE ALTA VELOCIDAD (RAV)","KM. 5,099","C0205"
"RED DE ALTA VELOCIDAD (RAV)","KM. 5,158","C0206"
"RED DE ALTA VELOCIDAD (RAV)","B. N. TUNEL ABDALAJIS","C0207"
"RED DE ALTA VELOCIDAD (RAV)","KM. 138,523","C0208"
"RED DE ALTA VELOCIDAD (RAV)","KM. 141,091","C0209"
"RED DE ALTA VELOCIDAD (RAV)","B. S. TUNEL ABDALAJIS","C0210"
"RED DE ALTA VELOCIDAD (RAV)","KM. 148,045","C0211"
"RC SUR","KM 149.511","C0212"
"RC SUR","KM 153.670","C0213"
"RED DE ALTA VELOCIDAD (RAV)","KM 134.466","C0214"
"RC SUR","KM 150.206","C0215"
"RED DE ALTA VELOCIDAD (RAV)","KM. 17.3","C0216"
"RED DE ALTA VELOCIDAD (RAV)","KM. 25.8","C0217"
"RED DE ALTA VELOCIDAD (RAV)","KM. 51.8","C0218"
"RED DE ALTA VELOCIDAD (RAV)","KM. 81.867","C0219"
"RED DE ALTA VELOCIDAD (RAV)","KM. 583,639","C0420"
"","KM 585,737","C0421"
"","KM 588,684","C0422"
"RED DE ALTA VELOCIDAD (RAV)","KM. 591,865","C0423"
"RED DE ALTA VELOCIDAD (RAV)","KM. 607,225","C0424"
"RED DE ALTA VELOCIDAD (RAV)","KM. 614,997","C0425"
"RED DE ALTA VELOCIDAD (RAV)","KM. 618,069","C0426"
"RED DE ALTA VELOCIDAD (RAV)","KM. 604,166","C0427"
"RED DE ALTA VELOCIDAD (RAV)","KM. 482.6","C0428"
"RC SUR","BOCA NORTE TUNEL S.FRANCISCO","C0501"
"RC ESTE","KM. 18,1","C0700"
"RED DE ALTA VELOCIDAD (RAV)","TRAMO METALICO RIO ADAJA","C0742"
"RED DE ALTA VELOCIDAD (RAV)","KM. 8,254","C0801"
"RED DE ALTA VELOCIDAD (RAV)","KM. 12,428","C0802"
"RED DE ALTA VELOCIDAD (RAV)","KM. 14,623","C0803"
"RED DE ALTA VELOCIDAD (RAV)","KM. 21,048","C0804"
"RED DE ALTA VELOCIDAD (RAV)","B.S. TUNEL SAN PEDRO","C0805"
"RED DE ALTA VELOCIDAD (RAV)","B.N. TUNEL SAN PEDRO","C0806"
"RED DE ALTA VELOCIDAD (RAV)","KM. 32,565","C0807"
"RED DE ALTA VELOCIDAD (RAV)","B.S. TUNEL GUADARRAMA","C0808"
"RED DE ALTA VELOCIDAD (RAV)","KM. 51.9","C0809"
"RED DE ALTA VELOCIDAD (RAV)","B.N. TUNEL GUADARRAMA","C0810"
"RED DE ALTA VELOCIDAD (RAV)","KM. 178,061","C0811"
"RED DE ALTA VELOCIDAD (RAV)","KM. 126.7","C0812"
"RED DE ALTA VELOCIDAD (RAV)","KM. 35,564","C0900"
"RED DE ALTA VELOCIDAD (RAV)","KM. 46,714","C0901"
"RED DE ALTA VELOCIDAD (RAV)","KM. 49,554","C0902"
"RED DE ALTA VELOCIDAD (RAV)","KM. 51,492","C0903"
"RED DE ALTA VELOCIDAD (RAV)","KM. 56,664","C0904"
"RED DE ALTA VELOCIDAD (RAV)","KM. 63,147","C0905"
"RED DE ALTA VELOCIDAD (RAV)","KM 67,257","C0906"
"RED DE ALTA VELOCIDAD (RAV)","KM 71,288","C0907"
"RED DE ALTA VELOCIDAD (RAV)","KM 77,354","C0908"
"RED DE ALTA VELOCIDAD (RAV)","KM 79,728","C0909"
"RED DE ALTA VELOCIDAD (RAV)","KM 172,387","C0910"
"RED DE ALTA VELOCIDAD (RAV)","KM 175,663","C0911"
"RED DE ALTA VELOCIDAD (RAV)","KM. 249,352","C0912"
"RED DE ALTA VELOCIDAD (RAV)","KM. 254,373","C0913"
"RED DE ALTA VELOCIDAD (RAV)","KM. 284,123","C0914"
"RED DE ALTA VELOCIDAD (RAV)","KM. 290,083","C0915"
"RED DE ALTA VELOCIDAD (RAV)","KM. 293,723","C0916"
"RED DE ALTA VELOCIDAD (RAV)","KM. 295,909","C0917"
"RED DE ALTA VELOCIDAD (RAV)","KM. 298,515","C0918"
"RED DE ALTA VELOCIDAD (RAV)","KM. 303,872","C0919"
"RED DE ALTA VELOCIDAD (RAV)","KM. 306,296","C0920"
"RED DE ALTA VELOCIDAD (RAV)","KM. 350,272","C0921"
"RED DE ALTA VELOCIDAD (RAV)","KM. 351,143","C0922"
"RED DE ALTA VELOCIDAD (RAV)","KM. 358,108","C0923"
"RED DE ALTA VELOCIDAD (RAV)","KM. 359,127","C0924"
"RED DE ALTA VELOCIDAD (RAV)","KM. 383,721","C0925"
"RED DE ALTA VELOCIDAD (RAV)","KM. 385,764","C0926"
"RED DE ALTA VELOCIDAD (RAV)","KM. 390,141","C0927"
"RED DE ALTA VELOCIDAD (RAV)","KM. 391,307","C0928"
"RED DE ALTA VELOCIDAD (RAV)","KM. 392,070","C0929"
"RED DE ALTA VELOCIDAD (RAV)","KM. 393,640","C0930"
"RED DE ALTA VELOCIDAD (RAV)","KM. 394,343","C0931"
"RED DE ALTA VELOCIDAD (RAV)","KM. 396,342","C0932"
"RED DE ALTA VELOCIDAD (RAV)","KM. 251,632","C0940"
"RED DE ALTA VELOCIDAD (RAV)","KM. 316,566","C0941"
"RED DE ALTA VELOCIDAD (RAV)","KM. 318,230","C0942"
"RED DE ALTA VELOCIDAD (RAV)","KM. 319,400","C0943"
"RC NORTE","KM. 150,7","C1300"
"RC NORTE","KM. 172,3","C1301"
"RC NORTE","KM. 1,4","C1400"
"RC NORTE","CRUCE F. C. FEVE","C1421"
"RC NOROESTE","KM. 383,3","C3140"
"RC NOROESTE","KM. 387,0","C3143"
"RC SUR","VIADUCTO DEL KM. 289.500","C3530"
"RED DE ALTA VELOCIDAD (RAV)","KM. 1,473","C3710"
"RED DE ALTA VELOCIDAD (RAV)","KM. 4,441","C3711"
"RED DE ALTA VELOCIDAD (RAV)","KM. 5,656","C3712"
"RED DE ALTA VELOCIDAD (RAV)","KM. 13,073","C3713"
"RED DE ALTA VELOCIDAD (RAV)","KM. 20,350","C3714"
"RED DE ALTA VELOCIDAD (RAV)","KM. 137,7","C3715"
"RED DE ALTA VELOCIDAD (RAV)","KM. 170,189","C3720"
"RED DE ALTA VELOCIDAD (RAV)","KM. 173,058","C3721"
"RED DE ALTA VELOCIDAD (RAV)","KM. 178,067","C3722"
"RED DE ALTA VELOCIDAD (RAV)","KM. 206,812","C3723"
"RED DE ALTA VELOCIDAD (RAV)","KM. 208,771","C3724"
"RED DE ALTA VELOCIDAD (RAV)","KM. 1.050","C3725"
"RED DE ALTA VELOCIDAD (RAV)","KM. 99.337","C3726"
"RED DE ALTA VELOCIDAD (RAV)","KM. 103.386","C3727"
"RED DE ALTA VELOCIDAD (RAV)","KM. 111.972","C3728"
"RED DE ALTA VELOCIDAD (RAV)","KM. 115.081","C3729"
"RED DE ALTA VELOCIDAD (RAV)","KM. 209,692","C3770"
"RED DE ALTA VELOCIDAD (RAV)","KM. 210,945","C3771"
"RED DE ALTA VELOCIDAD (RAV)","KM. 212,631","C3772"
"RED DE ALTA VELOCIDAD (RAV)","KM. 286,247","C3773"
"RED DE ALTA VELOCIDAD (RAV)","KM. 316,883","C3775"
"RED DE ALTA VELOCIDAD (RAV)","KM. 331,573","C3776"
"RED DE ALTA VELOCIDAD (RAV)","KM. 335,196","C3777"
"RED DE ALTA VELOCIDAD (RAV)","KM. 343,131","C3778"
"RED DE ALTA VELOCIDAD (RAV)","KM. 344,314","C3781"
"RED DE ALTA VELOCIDAD (RAV)","KM. 344,955","C3782"
"RED DE ALTA VELOCIDAD (RAV)","KM. 346,228","C3783"
"RED DE ALTA VELOCIDAD (RAV)","KM. 394,4","C3784"
"RED DE ALTA VELOCIDAD (RAV)","KM. 363,569","C3785"
"RED DE ALTA VELOCIDAD (RAV)","KM. 368,859","C3786"
"RED DE ALTA VELOCIDAD (RAV)","KM. 462,069","C3788"
"RED DE ALTA VELOCIDAD (RAV)","KM. 465,483","C3789"
"RED DE ALTA VELOCIDAD (RAV)","KM. 465,922","C3790"
"RED DE ALTA VELOCIDAD (RAV)","KM. 468,657","C3793"
"RED DE ALTA VELOCIDAD (RAV)","KM. 469,651","C3794"
"RED DE ALTA VELOCIDAD (RAV)","KM. 229.3","C3795"
"RED DE ALTA VELOCIDAD (RAV)","KM. 53.8","C4001"
"RED DE ALTA VELOCIDAD (RAV)","KM. 174.7","C4002"
"RED DE ALTA VELOCIDAD (RAV)","KM. 2,800","C4003"
"RED DE ALTA VELOCIDAD (RAV)","KM. 4,275","C4004"
"RED DE ALTA VELOCIDAD (RAV)","KM. 5,631","C4005"
"RED DE ALTA VELOCIDAD (RAV)","KM. 11,590","C4006"
"RED DE ALTA VELOCIDAD (RAV)","KM. 627,5","C4300"
"RED DE ALTA VELOCIDAD (RAV)","KM. 7,021","C4301"
"RED DE ALTA VELOCIDAD (RAV)","KM. 7,965","C4302"
"RED DE ALTA VELOCIDAD (RAV)","KM. 10,124","C4303"
"RED DE ALTA VELOCIDAD (RAV)","KM. 11,146","C4304"
"RED DE ALTA VELOCIDAD (RAV)","KM. 12,710","C4305"
"RED DE ALTA VELOCIDAD (RAV)","BIF.MOLLET-AGUJA KM. 641,3","C4306"
"RED DE ALTA VELOCIDAD (RAV)","KM. 641,868","C4307"
"RED DE ALTA VELOCIDAD (RAV)","KM. 643,595","C4308"
"RED DE ALTA VELOCIDAD (RAV)","KM. 654,424","C4309"
"RED DE ALTA VELOCIDAD (RAV)","KM. 673,523","C4310"
"RED DE ALTA VELOCIDAD (RAV)","KM. 55,217","C4311"
"RED DE ALTA VELOCIDAD (RAV)","KM. 680,242","C4312"
"RED DE ALTA VELOCIDAD (RAV)","KM. 683,987","C4313"
"RED DE ALTA VELOCIDAD (RAV)","KM. 707,135","C4314"
"RED DE ALTA VELOCIDAD (RAV)","KM. 709,885","C4315"
"RED DE ALTA VELOCIDAD (RAV)","KM. 93,171","C4316"
"RED DE ALTA VELOCIDAD (RAV)","KM. 97,943","C4317"
"RED DE ALTA VELOCIDAD (RAV)","KM. 127,503","C4318"
"RED DE ALTA VELOCIDAD (RAV)","KM. 715,514","C4319"
"RED DE ALTA VELOCIDAD (RAV)","BOCA SUR TUNEL PERTHUS","C4320"
"RED DE ALTA VELOCIDAD (RAV)","FRONTERA FRANCIA","C4321"
"RED DE ALTA VELOCIDAD (RAV)","BOCA NORTE TUNEL PERTHUS","C4322"
"RED DE ALTA VELOCIDAD (RAV)","KM. 0,295","C4323"
"RC SUR","KM. 177,0","C5440"
"RC SUR","KM. 139.0","C5501"
"RC ESTE","KM. 190.5","C6041"
"RC ESTE","KM. 246,5","C6050"
"RC ESTE","KM. 274,0","C6051"
"RC ESTE","KM. 0,000","C6052"
"RC ESTE","KM.345,7","C6070"
"","KM 346,2","C6071"
"RC ESTE","KM. 320.7","C6100"
"RC ESTE","KM. 350.7","C6101"
"RC ESTE","KM. 359.9","C6102"
"RC ESTE","KM. 413.6","C6103"
"RC ESTE","KM. 378.3","C6104"
""," KM 97,5","C6410"
"RC NORESTE","KM. 77,427","C6701"
"RC NORESTE","KM. 6,6","C7400"
"RC NORESTE","KM. 20.0","C7804"
"RC NORESTE","KM. 40.0","C7805"
"RC NORESTE","KM. 50.0","C7806"
"RC NORTE","KM. 85,340","C8100"
"RC CENTRO","KM. 12,760","C8401"
"RED DE ALTA VELOCIDAD (RAV)","KM. 4,485","C9210"
"RED DE ALTA VELOCIDAD (RAV)","KM. 54.215","C9211"
"RC SUR","C. DE R.","D0002"
"RC SUR","C. DE R.","D0003"
"RC SUR","C. DE R.","D0004"
"RC SUR","C. DE R.","D0101"
"RC SUR","C. DE R.","D0103"
"RC SUR","C. DE R.","D0104"
"RC SUR","C. DE R.","D0105"
"RC SUR","C. DE R.","D0106"
"RC SUR","C. DE R.","D0502"
"RC NORTE","C. DE R.","D1111"
"RC NORTE","C. DE R.","D1301"
"RC NORTE","C. DE R.","D1303"
"RC NORTE","C. DE R.","D1422"
"RC NORTE","C. DE R.","D1423"
"RC NOROESTE","C. DE R.","D1505"
"RC NOROESTE","C. DE R.","D2012"
"RC NOROESTE","C. DE R.","D2013"
"RC NOROESTE","C. DE R.","D2022"
"RC NOROESTE","C. DE R.","D2031"
"RC NOROESTE","C. DE R.","D2032"
"RC NOROESTE","C. DE R.","D2033"
"RC NOROESTE","C. DE R.","D2034"
"RC NOROESTE","C. DE R.","D2036"
"RC NOROESTE","C. DE R.","D2037"
"RC NOROESTE","C. DE R.","D2038"
"RC NOROESTE","C. DE R.","D2202"
"RC NOROESTE","C. DE R.","D2203"
"RC NOROESTE","C. DE R.","D2211"
"RC NOROESTE","C. DE R.","D2213"
"RC NOROESTE","C. DE R.","D2214"
"RC NOROESTE","C. DE R.","D2301"
"RC SUR","C. DE R.","D3001"
"RC NOROESTE","C. DE R.","D3011"
"RC NOROESTE","C. DE R.","D3012"
"RC NOROESTE","C. DE R.","D3121"
"RC NOROESTE","C. DE R.","D3122"
"RC NOROESTE","C. DE R.","D3124"
"RC NOROESTE","C. DE R.","D3133"
"RC NOROESTE","C. DE R.","D3135"
"RC NOROESTE","C. DE R.","D3137"
"RC NOROESTE","C. DE R.","D3302"
"RC NOROESTE","C. DE R.","D3401"
"RC NOROESTE","C. DE R.","D3402"
"RC NOROESTE","C. DE R.","D3403"
"RC NOROESTE","C. DE R.","D3405"
"RC NOROESTE","C. DE R.","D3407"
"RC CENTRO","C. DE R.","D3514"
"RC CENTRO","C. DE R.","D3521"
"RC SUR","C. DE R.","D3532"
"RC SUR","C. DE R.","D3533"
"RC SUR","C. DE R.","D3534"
"RC SUR","C. DE R.","D3536"
"RC SUR","C.DE R.","D3541"
"RC SUR","KM. 398.5","D3546"
"RC SUR","C.DE R.","D3548"
"RC SUR","C.DE R.","D3601"
"RC SUR","C.DE R.","D3602"
"RC SUR","C.DE R.","D3603"
"RC CENTRO","C. DE R.","D3731"
"RC CENTRO","C. DE R.","D3732"
"RC SUR","C. DE R.","D3734"
"RC SUR","C. DE R.","D3741"
"RC SUR","C. DE R.","D3742"
"RC SUR","C. DE R.","D3760"
"RC SUR","C. DE R.","D4011"
"RC SUR","KM. 41,3","D4200"
"RC SUR","C.DE R.","D4209"
"RC SUR","C.DE R.","D4217"
"RC SUR","C. DE R.","D4303"
"RC SUR","C. DE R.","D5021"
"RC SUR","C. DE R.","D5022"
"RC SUR","C. DE R.","D5031"
"RC SUR","C.DE R.","D5042"
"RC SUR","C. DE R.","D5045"
"RC SUR","C. DE R.","D5054"
"RC SUR","C. DE R.","D5055"
"RC SUR","C. DE R.","D5056"
"RC SUR","C.DE R.","D5421"
"RC SUR","C. DE R.","D5431"
"RC SUR","C. DE R.","D5432"
"RC SUR","C. DE R.","D5501"
"RC SUR","C. DE R","D5502"
"RC SUR","C. DE R.","D5507"
"RC SUR","C.DE R.","D5603"
"RC SUR","C. DE R.","D5604"
"RC SUR","C. DE R.","D5605"
"RC SUR","C. DE R.","D5606"
"RC SUR","C. DE R.","D5607"
"RC SUR","C. DE R.","D5608"
"RC SUR","C. DE R.","D5609"
"RC SUR","C. DE R.","D5611"
"RC SUR","C. DE R.","D5621"
"RC SUR","C. DE R.","D5633"
"RC SUR","C. DE R.","D5634"
"RC SUR","C. DE R.","D5635"
"RC SUR","C.DE R.","D5701"
"RC SUR","C. DE R.","D5702"
"RC SUR","C. DE R.","D5703"
"RC SUR","C. DE R.","D5811"
"RC ESTE","C. DE R.","D6101"
"RC ESTE","C. DE R.","D6131"
"RC ESTE","C. DE R.","D6210"
"RC ESTE","KM. 0,854","D6211"
"RC ESTE","C. DE R.","D6541"
"RC ESTE","C. DE R.","D6601"
"RC ESTE","C. DE R.","D6602"
"RC ESTE","C.DE R.","D6603"
"RC ESTE","C.DE R.","D6604"
"RC ESTE","C. DE R.","D6605"
"RC ESTE","C. DE R.","D6611"
"RC ESTE","C. DE R.","D6612"
"RC ESTE","C. DE R.","D6613"
"RC ESTE","C.DE R.","D6614"
"RC ESTE","C. DE R.","D6615"
"RC ESTE","C.DE R.","D6616"
"RC ESTE","C. DE R.","D6617"
"RC ESTE","C. DE R.","D6618"
"RC ESTE","C. DE R.","D6622"
"RC ESTE","C. DE R.","D6625"
"RC ESTE","C.DE R.","D6626"
"RC ESTE","C. DE R.","D6721"
"RC ESTE","C. DE R.","D7001"
"RC ESTE","C. DE R.","D7002"
"RC ESTE","C. DE R.","D7003"
"RC CENTRO","C. DE R.","D7041"
"RC CENTRO","C. DE R.","D7042"
"RC NORESTE","C. DE R.","D7121"
"RC NORESTE","KM. 497.7","D7123"
"RC NORESTE","C. DE R.","D7124"
"RC NORESTE","C. DE R.","D7171"
"RC NORESTE","C. DE R.","D7201"
"RC NORESTE","C. DE R.","D7202"
"RC NORESTE","C. DE R.","D7301"
"RC NORESTE","C. DE R.","D7310"
"RC NORESTE","C. DE R.","D7319"
"RC NORESTE","C. DE R.","D7421"
"RC NORESTE","C. DE R.","D7511"
"RC NORESTE","C. DE R.","D7711"
"RC NORESTE","C. DE R.","D7824"
"RC NORESTE","C. DE R.","D7831"
"RC NORESTE","C. DE R.","D7881"
"RC NORESTE","C. DE R.","D7931"
"RC NORESTE","C. DE R.","D7932"
"RC NORTE","C. DE R.","D8002"
"RC NORTE","C. DE R.","D8003"
"RC NORTE","C. DE R.","D8100"
"RC NORTE","C. DE R.","D8111"
"RC NORTE","C. DE R.","D8122"
"RC NORTE","C. DE R.","D8123"
"RC CENTRO","C. DE R.","D8204"
"RC CENTRO","C. DE R.","D8302"
"RC CENTRO","C. DE R.","D8401"
"RC CENTRO","C. DE R.","D8412"
"RC CENTRO","C. DE R.","D9701"
"RC SUR","KM. 19.2","00001"
"RC SUR","KM. 40.0","00002"
"RC SUR","KM. 45.9","00003"
"RC SUR","EL PORVENIR ( APD )","00004"
"RC SUR","PEÑARROYA - PUEBLONUEVO","00005"
"RC SUR","KM. 63.7","00006"
"RC SUR","VILLANUEVA DEL REY (APD)","00007"
"RC SUR","KM. 52.0","00008"
"RC SUR","ALHONDIGUILLA-VILLAVICIOSA","00010"
"RC SUR","EL PARRALEJO ( CGD )","00012"
"RC SUR","EL VACAR - VILLAHARTA","00013"
"RC SUR","OBEJO","00014"
"RC SUR","CERRO MURIANO","00015"
"RC SUR","BALANZONA","00016"
"RC SUR","LOS PRADILLOS","00017"
"RC SUR","MIRABUENO","00018"
"RC SUR","EL SORBITO","01001"
"RC SUR","LA TRINIDAD","01002"
"RC SUR","ARAHAL","01003"
"RC SUR","MARCHENA","01005"
"RC SUR","OSUNA","01007"
"RC SUR","PEDRERA","01009"
"RC SUR","KM. 82.1","01019"
"RED DE ALTA VELOCIDAD (RAV)","LA MAROTA","02000"
"RED DE ALTA VELOCIDAD (RAV)","SANTAELLA","02001"
"RED DE ALTA VELOCIDAD (RAV)","PUENTE GENIL- HERRERA","02002"
"RC SUR","ANTEQUERA-SANTA ANA","02003"
"RED DE ALTA VELOCIDAD (RAV)","ALORA-A. V.","02004"
"RED DE ALTA VELOCIDAD (RAV)","LOS PRADOS-A.V.","02005"
"RED DE ALTA VELOCIDAD (RAV)","CAMBIADOR ANTEQUERA","02020"
"RC SUR","MENGIBAR-ARTICHUELA (APD-CGD)","03001"
"RC SUR","KM 139.2","03002"
"RC SUR","KM 130.0","03003"
"RC SUR","JAEN","03100"
"RED DE ALTA VELOCIDAD (RAV)","MADRID SUR","04001"
"RED DE ALTA VELOCIDAD (RAV)","VALLECAS-A. V.","04002"
"RED DE ALTA VELOCIDAD (RAV)","MEJORADA DEL CAMPO","04003"
"RED DE ALTA VELOCIDAD (RAV)","ALCALA DE HENARES-A. V.","04005"
"RED DE ALTA VELOCIDAD (RAV)","GUADALAJARA-YEBES","04007"
"RED DE ALTA VELOCIDAD (RAV)","BRIHUEGA","04009"
"RED DE ALTA VELOCIDAD (RAV)","LAS INVIERNAS","04011"
"RED DE ALTA VELOCIDAD (RAV)","ALCOLEA DEL PINAR","04013"
"RED DE ALTA VELOCIDAD (RAV)","MEDINACELI-A. V.","04015"
"RED DE ALTA VELOCIDAD (RAV)","ARIZA-A. V.","04018"
"RED DE ALTA VELOCIDAD (RAV)","ALHAMA DE ARAGON-A. V.","04020"
"RED DE ALTA VELOCIDAD (RAV)","RICLA-A. V.","04026"
"RED DE ALTA VELOCIDAD (RAV)","PLASENCIA DE JALON","04028"
"RED DE ALTA VELOCIDAD (RAV)","GUALLAR","04030"
"RED DE ALTA VELOCIDAD (RAV)","BIF. CAMBIADOR ZARAGOZA-DELICIAS","04031"
"RC NORESTE","ZARAGOZA-DELICIAS","04040"
"RED DE ALTA VELOCIDAD (RAV)","EL BURGO DE EBRO-A. V.","04044"
"RED DE ALTA VELOCIDAD (RAV)","PINA DE EBRO-A. V.","04046"
"RED DE ALTA VELOCIDAD (RAV)","BUJARALOZ","04048"
"RED DE ALTA VELOCIDAD (RAV)","VALFARTA","04050"
"RED DE ALTA VELOCIDAD (RAV)","BALLOBAR","04052"
"RED DE ALTA VELOCIDAD (RAV)","VALLMANYA","04054"
"RED DE ALTA VELOCIDAD (RAV)","MONTAGUT-A.V.","04055"
"RED DE ALTA VELOCIDAD (RAV)","EL SEGRE","04100"
"RED DE ALTA VELOCIDAD (RAV)","LES BORGES BLANQUES-A. V.","04101"
"RED DE ALTA VELOCIDAD (RAV)","L'ESPLUGA DE FRANCOLI-A. V.","04102"
"RED DE ALTA VELOCIDAD (RAV)","ALCOVER-A. V.","04103"
"RED DE ALTA VELOCIDAD (RAV)","CAMP DE TARRAGONA","04104"
"RED DE ALTA VELOCIDAD (RAV)","LA POBLA DE MONTORNES-A.V.","04105"
"RED DE ALTA VELOCIDAD (RAV)","L'ARBOÇ-A. V.","04106"
"RED DE ALTA VELOCIDAD (RAV)","VILAFRANCA DEL PENEDES-A. V.","04107"
"RED DE ALTA VELOCIDAD (RAV)","GELIDA-A.V.","04108"
"RED DE ALTA VELOCIDAD (RAV)","SANT VICENÇ DELS HORTS","04109"
"RED DE ALTA VELOCIDAD (RAV)","EL PRAT DE LLOBREGAT-AV","04110"
"RED DE ALTA VELOCIDAD (RAV)","RODA DE BARA-CAMB.DE ANCHO","04200"
"RED DE ALTA VELOCIDAD (RAV)","SANT ANDREU COMTAL -AV","04300"
"RED DE ALTA VELOCIDAD (RAV)","BIF.MOLLET-AG.KM.644.3","04301"
"RED DE ALTA VELOCIDAD (RAV)","LLINARS-A. V.","04302"
"RED DE ALTA VELOCIDAD (RAV)","RIELLS-A. V.","04303"
"RED DE ALTA VELOCIDAD (RAV)","VILOBI D'ONYAR","04304"
"RED DE ALTA VELOCIDAD (RAV)","BASE MTO. RIELLS","04305"
"RED DE ALTA VELOCIDAD (RAV)","VILADEMULS","04306"
"RED DE ALTA VELOCIDAD (RAV)","FIGUERES-VILAFANT","04307"
"RED DE ALTA VELOCIDAD (RAV)","LA JONQUERA","04308"
"RED DE ALTA VELOCIDAD (RAV)","TRESSERRE","04309"
"RED DE ALTA VELOCIDAD (RAV)","TOULOUGES","04310"
"RED DE ALTA VELOCIDAD (RAV)","PERPIGNAN","04311"
"RC SUR","GRANADA","05000"
"RC SUR","ATARFE-SANTA FE","05002"
"RC SUR","SIERRA ELVIRA (APD)","05003"
"RC SUR","PINOS PUENTE","05004"
"RC SUR","ANZOLA (APD)","05005"
"RC SUR","SAN PASCUAL (APD)","05006"
"RC SUR","ILLORA-LACHAR (APD)","05007"
"RC SUR","ALOMARTES (APD)","05008"
"RC SUR","TOCON-MONTEFRIO","05009"
"RC SUR","VILLANUEVA-MESIA (APD)","05010"
"RC SUR","HUETOR-TAJAR (APD)","05011"
"RC SUR","LOJA","05012"
"RC SUR","LOJA-SAN FRANCISCO (APD)","05013"
"RC SUR","RIOFRIO (APD)","05014"
"RC SUR","SALINAS-VILLANUEVA DE TAPIA","05015"
"RC SUR","ARCHIDONA","05016"
"RC SUR","KM 23.5","05017"
"RC SUR","KM. 18.8","05018"
"RC SUR","ANTEQUERA","05019"
"RC ESTE","LIBRILLA","06001"
"RC ESTE","ALHAMA DE MURCIA","06002"
"RC ESTE","TOTANA","06003"
"RC ESTE","LA HOYA","06004"
"RC ESTE","LORCA-SAN DIEGO (APD)","06005"
"RC ESTE","LORCA-SUTULLENA","06006"
"RC ESTE","PUERTO LUMBRERAS (APD)","06007"
"RC ESTE","ALCANTARILLA-LOS ROMANOS (APD)","06008"
"RC ESTE","ALMENDRICOS (APD)","06100"
"RC ESTE","PULPI (APD)","07001"
"RC ESTE","JARAVIA (APD)","07003"
"RC ESTE","AGUILAS","07004"
"RC ESTE","AGUILAS-EL LABRADORCICO (APD)","07007"
"RED DE ALTA VELOCIDAD (RAV)","TRES CANTOS-A.V.","08000"
"RED DE ALTA VELOCIDAD (RAV)","SOTO DEL REAL-A.V.","08001"
"RED DE ALTA VELOCIDAD (RAV)","SEGOVIA-GUIOMAR","08004"
"RED DE ALTA VELOCIDAD (RAV)","GARCILLAN","08005"
"RED DE ALTA VELOCIDAD (RAV)","NAVA DE LA ASUNCION-A.V.","08006"
"RED DE ALTA VELOCIDAD (RAV)","OLMEDO-A.V.","08007"
"RED DE ALTA VELOCIDAD (RAV)","HORNILLOS","08008"
"RED DE ALTA VELOCIDAD (RAV)","VALDESTILLAS-A.V.","08009"
"RED DE ALTA VELOCIDAD (RAV)","CAMBIADOR VALLADOLID C. GRANDE","08010"
"RED DE ALTA VELOCIDAD (RAV)","CAMBIADOR MADRID-CHAMARTIN","08011"
"RED DE ALTA VELOCIDAD (RAV)","CAMBIADOR VALDESTILLAS","08012"
"RED DE ALTA VELOCIDAD (RAV)","KM. 172,603","08013"
"RED DE ALTA VELOCIDAD (RAV)","CAMBIADOR MEDINA DEL CAMPO","08200"
"RED DE ALTA VELOCIDAD (RAV)","VALENCIA A.V.","09000"
"RED DE ALTA VELOCIDAD (RAV)","VALDEMORO-A. V.","09001"
"RED DE ALTA VELOCIDAD (RAV)","SESEÑA-A. V.","09002"
"RED DE ALTA VELOCIDAD (RAV)","VILLARUBIA DE SANTIAGO-A. V.","09003"
"RED DE ALTA VELOCIDAD (RAV)","SANTA CRUZ DE LA ZARZA-A. V.","09004"
"RED DE ALTA VELOCIDAD (RAV)","TARANCON-A. V.","09005"
"RED DE ALTA VELOCIDAD (RAV)","CAMPOS DEL PARAISO","09006"
"RED DE ALTA VELOCIDAD (RAV)","HORCAJADA","09007"
"RED DE ALTA VELOCIDAD (RAV)","CUENCA-A. V.","09008"
"RED DE ALTA VELOCIDAD (RAV)","CUENCA-AGUJA KM. 197,3","09009"
"RED DE ALTA VELOCIDAD (RAV)","MONTEAGUDO DE LAS SALINAS","09010"
"RED DE ALTA VELOCIDAD (RAV)","INIESTA","09011"
"RED DE ALTA VELOCIDAD (RAV)","MINGLANILLA","09012"
"RED DE ALTA VELOCIDAD (RAV)","CAUDETE DE LAS FUENTES","09013"
"RED DE ALTA VELOCIDAD (RAV)","REQUENA-UTIEL-A. V.","09014"
"RED DE ALTA VELOCIDAD (RAV)","SIETE AGUAS-A. V.","09015"
"RED DE ALTA VELOCIDAD (RAV)","CHIVA-A. V.","09016"
"RED DE ALTA VELOCIDAD (RAV)","POZORRUBIELOS","09020"
"RED DE ALTA VELOCIDAD (RAV)","TARAZONA","09021"
"RED DE ALTA VELOCIDAD (RAV)","LA GINETA-A. V.","09022"
"RC CENTRO","MADRID-PRINCIPE PIO","10000"
"RC CENTRO","ARAVACA (APD)","10001"
"RC CENTRO","POZUELO","10002"
"RC CENTRO","LAS ROZAS (APD)","10005"
"RC CENTRO","MAJADAHONDA (APD)","10007"
"RC CENTRO","EL BARRIAL-C.COM.- POZUELO (APD)","10010"
"RC CENTRO","PINAR DE LAS ROZAS","10100"
"RC CENTRO","LAS MATAS","10101"
"RC CENTRO","TORRELODONES","10103"
"RC CENTRO","GALAPAGAR-LA NAVATA (APD)","10104"
"RC CENTRO","LAS MATAS CLASIFICACION","10105"
"RC CENTRO","VILLALBA DE GUADARRAMA","10200"
"RC CENTRO","SAN YAGO (APD)","10201"
"RC CENTRO","LAS ZORRERAS-NAVALQUEJIGO (APD)","10202"
"RC CENTRO","EL ESCORIAL","10203"
"RC CENTRO","ZARZALEJO","10204"
"RC CENTRO","ROBLEDO DE CHAVELA","10205"
"RC CENTRO","SANTA MARIA DE LA ALAMEDA","10206"
"RC CENTRO","LAS NAVAS DEL MARQUES","10207"
"RC CENTRO","NAVALPERAL","10208"
"RC CENTRO","EL PIMPOLLAR (APD)","10209"
"RC CENTRO","HERRADON-LA CAÑADA","10300"
"RC CENTRO","NAVALGRANDE","10301"
"RC CENTRO","GUIMORCONDO","10302"
"RC CENTRO","AVILA","10400"
"RC NORTE","KM. 127.6","10401"
"RC NORTE","MINGORRIA","10403"
"RC NORTE","VELAYOS (APD)","10404"
"RC NORTE","SANCHIDRIAN","10405"
"RC NORTE","ADANERO (APD)","10406"
"RC NORTE","ADANERO-M. (APD)","10407"
"RC NORTE","ORBITA-ESPINOSA (APD)","10408"
"RC NORTE","AREVALO","10409"
"RC NORTE","KM. 179.9","10410"
"RC NORTE","ATAQUINES","10411"
"RC NORTE","MEDINA DEL CAMPO","10500"
"RC NORTE","POZALDEZ","10501"
"RC NORTE","MATAPOZUELOS (APD)","10502"
"RC NORTE","VALDESTILLAS","10503"
"RC NORTE","VIANA","10504"
"RC CENTRO","KM. 241.9","10505"
"RC NORTE","VALLADOLID-CAMPO GRANDE","10600"
"RC NORTE","TRES HERMANOS","10601"
"RC NORTE","CABEZON DEL PISUERGA","10602"
"RC NORTE","CORCOS-AGUILAREJO","10603"
"RC NORTE","CUBILLAS DE SANTA MARTA (APD)","10604"
"RC NORTE","DUEÑAS","10605"
"RC NORTE","VALLADOLID-ARGALES","10608"
"RC NORTE","VALLADOLID UNIVERSIDAD (APD)","10610"
"RC NORTE","VENTA DE BAÑOS","11000"
"RC NORTE","PICON DE LOS SERRANOS (CGD)","11002"
"RC NORTE","SOTO DE CERRATO (CGD)","11003"
"RC NORTE","MAGAZ","11004"
"RC NORTE","TORQUEMADA","11005"
"RC NORTE","QUINTANA DEL PUENTE","11006"
"RC NORTE","VILLODRIGO","11007"
"RC NORTE","LOS BALBASES (APD)","11008"
"RC NORTE","VILLAQUIRAN","11009"
"RC NORTE","ESTEPAR","11010"
"RC NORTE","QUINTANILLEJA","11011"
"RC NORTE","BURGOS-ROSA MANZANO","11014"
"RC NORTE","VILLAFRIA-AG. KM 374.7","11101"
"RC NORTE","VILLAFRIA","11102"
"RC NORTE","QUINTANAPALLA","11103"
"RC NORTE","BARRIOS DE COLINA (APD)","11104"
"RC NORTE","SANTA OLALLA DE BUREBA","11106"
"RC NORTE","CASTIL DE PEONES (APD)","11107"
"RC NORTE","BRIVIESCA","11109"
"RC NORTE","CALZADA DE BUREBA","11110"
"RC NORTE","PANCORBO","11111"
"RC NORTE","BUJEDO","11112"
"RC NORTE","MIRANDA DE EBRO","11200"
"RC NORTE","KM. 460.8","11202"
"RC NORTE","MANZANOS","11203"
"RC NORTE","LA PUEBLA DE ARGANZON (APD)","11204"
"RC NORTE","NANCLARES-LANGRAIZ","11205"
"RC NORTE","TRESPUENTES (APD)","11206"
"RC NORTE","KM. 488,3","11207"
"RC NORTE","VITORIA-GASTEIZ","11208"
"RC NORTE","ESTIVALIZ-OREITIA (APD)","11209"
"RC NORTE","ALEGRIA-DULANTZI","11210"
"RC NORTE","EZKEREKOTXA (APD)","11211"
"RC NORTE","AGURAIN-SALVATIERRA DE ALAVA","11212"
"RC NORTE","ARAIA","11213"
"RC NORTE","EGUINO (APD)","11214"
"RC NORTE","ZIORDIA (APD)","11215"
"RC NORTE","OLAZTI-OLAZAGUTIA (APD)","11216"
"RC NORTE","MIRANDA DE EBRO CLASIFICACION","11220"
"RC NORTE","JUNDIZ","11221"
"RC NORTE","ALTSASU","11300"
"RC NORTE","ZEGAMA-OTZAURTE","11303"
"RC NORTE","ZEGAMA (APD)","11304"
"RC NORTE","BRINKOLA","11305"
"RC NORTE","LEGAZPI (APD)","11306"
"RC NORTE","ZUMARRAGA","11400"
"RC NORTE","ORMAIZTEGUI (APD)","11402"
"RC NORTE","KM. 576,8","11403"
"RC NORTE","BEASAIN","11404"
"RC NORTE","ORDIZIA (APD)","11405"
"RC NORTE","ITSASONDO (APD)","11406"
"RC NORTE","LEGORRETA","11407"
"RC NORTE","IKAZTEGIETA (APD)","11408"
"RC NORTE","ALEGIA (APD)","11409"
"RC NORTE","GABIRIA","11411"
"RC NORTE","TOLOSA","11500"
"RC NORTE","TOLOSA-ERDIA (APD)","11501"
"RC NORTE","ANOETA (APD)","11502"
"RC NORTE","VILLABONA-ZIZURKIL","11503"
"RC NORTE","ANDOAIN-ERDIA (APD)","11504"
"RC NORTE","ANDOAIN","11505"
"RC NORTE","URNIETA (APD)","11506"
"RC NORTE","HERNANI-ERDIA (APD)","11507"
"RC NORTE","HERNANI","11508"
"RC NORTE","MARTUTENE (APD)","11509"
"RC NORTE","LOIOLA / TXOMIN ENEA (APD)","11510"
"RC NORTE","SAN SEBASTIAN-DONOSTIA","11511"
"RC NORTE","GROS (APD)","11512"
"RC NORTE","ATEGORRIETA (APD)","11513"
"RC NORTE","HERRERA / ALTZA (APD)","11514"
"RC NORTE","PASAIA","11515"
"RC NORTE","LEZO ERRENTERIA","11516"
"RC NORTE","VENTAS DE IRUN (APD)","11518"
"RC NORTE","PASAIA-PUERTO","11521"
"RC NORTE","IRUN","11600"
"RC NORTE","IRUN CARGAS","11601"
"RC NORTE","HENDAYA","11602"
"RC NORTE","CAMBIADOR IRUN","11604"
"RC CENTRO","LOS NEGRALES (APD)","12001"
"RC CENTRO","ALPEDRETE","12002"
"RC CENTRO","COLLADO MEDIANO","12004"
"RC CENTRO","LOS MOLINOS-GUADARRAMA","12005"
"RC CENTRO","CERCEDILLA","12006"
"RC CENTRO","TABLADA","12007"
"RC CENTRO","GUDILLOS (APD)","12008"
"RC CENTRO","SAN RAFAEL (APD)","12009"
"RC CENTRO","EL ESPINAR","12010"
"RC CENTRO","LOS ANGELES DE SAN R. (APD)","12011"
"RC CENTRO","OTERO-HERREROS (APD)","12012"
"RC CENTRO","ORTIGOSA DEL MONTE (APD)","12013"
"RC CENTRO","NAVAS DE RIOFRIO-LA LOSA","12014"
"RC CENTRO","CERCEDILLA-PUEBLO (APD)","12015"
"RC CENTRO","LAS ERAS Y LOS CASTAÑOS (APD)","12016"
"RC CENTRO","CAMORRITOS (APD)","12017"
"RC CENTRO","SIETE PICOS (APD)","12018"
"RC CENTRO","COLLADO ALBO (APD)","12019"
"RC CENTRO","PUERTO DE NAVACERRADA","12020"
"RC CENTRO","DOS CASTILLAS (APD)","12021"
"RC CENTRO","VAQUERIZAS (APD)","12022"
"RC CENTRO","LOS COTOS","12023"
"RC CENTRO","SEGOVIA","12100"
"RC NORTE","POBES","13001"
"RC NORTE","ZUHATZU","13002"
"RC NORTE","IZARRA","13003"
"RC NORTE","INOSO-OIARDO","13004"
"RC NORTE","LEZAMA","13005"
"RC NORTE","ARTOMAÑA","13006"
"RC NORTE","ORDUÑA","13100"
"RC NORTE","AMURRIO","13101"
"RC NORTE","SALBIO (APD)","13102"
"RC NORTE","LUIAONDO (APD)","13103"
"RC NORTE","SANTA CRUZ DE LLODIO (APD)","13104"
"RC NORTE","LLODIO","13106"
"RC NORTE","ARETA (APD)","13107"
"RC NORTE","ARBIDE (APD)","13108"
"RC NORTE","ARRANKUDIAGA (APD)","13109"
"RC NORTE","UGAO-MIRABALLES","13110"
"RC NORTE","ARRIGORRIAGA","13111"
"RC NORTE","BASAURI (APD)","13112"
"RC NORTE","BIDEBIETA-BASAURI","13113"
"RC NORTE","OLLARGAN","13114"
"RC NORTE","BAKIOLA (APD)","13115"
"RC NORTE","IÑARRATXU (APD)","13116"
"RC NORTE","ARAKALDO (APD)","13117"
"RC NORTE","ABAROA-SAN MIGUEL (APD)","13118"
"RC NORTE","LA PEÑA DE BILBAO (APD)","13119"
"RC NORTE","MIRIBILLA (APD)","13120"
"RC NORTE","AMURRIO IPARRALDE (APD)","13121"
"RC NORTE","INTERMODAL ABANDO IND. PRIETO","13200"
"RC NORTE","LA CASILLA","13201"
"RC NORTE","BILBAO AMEZOLA","13203"
"RC NORTE","ZABALBURU (APD)","13205"
"RC NORTE","AMETZOLA (APD)","13206"
"RC NORTE","AUTONOMIA (APD)","13207"
"RC NORTE","SAN MAMES (APD)","13208"
"RC NORTE","BILBAO-LA NAJA","13300"
"RC NORTE","OLABEAGA","13303"
"RC NORTE","ZORROTZA","13304"
"RC NORTE","LUTXANA-BARAKALDO","13305"
"RC NORTE","ZORROTZA-PUERTO","13306"
"RC NORTE","DESERTU-BARAKALDO","13400"
"RC NORTE","SESTAO (APD)","13401"
"RC NORTE","LA IBERIA (APD)","13402"
"RC NORTE","PORTUGALETE  (APD)","13403"
"RC NORTE","PEÑOTA (APD)","13404"
"RC NORTE","SANTURTZI","13405"
"RC NORTE","SANTURTZI-PUERTO","13407"
"RC NORTE","BILBAO MERCANCIAS","13408"
"RC NORTE","GALINDO","13501"
"RC NORTE","TRAPAGA (APD)","13502"
"RC NORTE","VALLE DE TRAPAGA/TRAPAGARAN","13503"
"RC NORTE","ORTUELLA","13504"
"RC NORTE","PUTXETA","13505"
"RC NORTE","MUSKIZ","13506"
"RC NORTE","URIOSTE (APD)","13507"
"RC NORTE","GALLARTA (APD)","13508"
"RC NORTE","SAGRADA FAMILIA (APD)","13509"
"RC NORTE","PALENCIA","14100"
"RC NORTE","MONZON DE CAMPOS","14101"
"RC NORTE","AMUSCO (APD)","14102"
"RC NORTE","PIÑA (APD)","14103"
"RC NORTE","FROMISTA","14104"
"RC NORTE","MARCILLA DE CAMPOS (APD)","14105"
"RC NORTE","LAS CABAÑAS DE CASTILLA (APD)","14106"
"RC NORTE","OSORNO","14107"
"RC NORTE","ESPINOSA DE VILLAGONZALO (APD)","14108"
"RC NORTE","ESPINOSA-EL CABALLO","14109"
"RC NORTE","SAN CRISTOBAL DE BOEDO (APD)","14110"
"RC NORTE","HERRERA DE PISUERGA","14111"
"RC NORTE","ALAR DEL REY","14112"
"RC NORTE","MAVE (APD)","14113"
"RC NORTE","AGUILAR DE CAMPOO","14114"
"RC NORTE","QUINTANILLA DE LAS TORRES (APD)","14115"
"RC NORTE","EL CARRION (APD)","14117"
"RC NORTE","MATAPORQUERA","14200"
"RC NORTE","POZAZAL","14201"
"RC NORTE","REINOSA","14202"
"RC NORTE","LANTUENO-SANTIURDE","14203"
"RC NORTE","PESQUERA","14204"
"RC NORTE","MONTABLIZ","14205"
"RC NORTE","BARCENA","14206"
"RC NORTE","MOLLEDO-PORTOLIN (APD)","14207"
"RC NORTE","SANTA CRUZ DE IGUÑA (APD)","14208"
"RC NORTE","LAS FRAGUAS","14209"
"RC NORTE","LOS CORRALES DE BUELNA","14210"
"RC NORTE","LAS CALDAS DE BESAYA (APD)","14211"
"RC NORTE","VIERNOLES (APD)","14212"
"RC NORTE","TORRELAVEGA","14213"
"RC NORTE","SIERRAPANDO (APD)","14214"
"RC NORTE","ZURITA (APD)","14215"
"RC NORTE","RENEDO","14216"
"RC NORTE","PARBAYON (APD)","14217"
"RC NORTE","GUARNIZO","14218"
"RC NORTE","BOO","14219"
"RC NORTE","MALIAÑO (APD)","14220"
"RC NORTE","MURIEDAS","14221"
"RC NORTE","SANTANDER","14223"
"RC NORTE","SANTANDER-PUERTO","14224"
"RC NORTE","SOLVAY FACTORIA (CGD)","14226"
"RC NORTE","SOPEÑA","14227"
"RC NORTE","COBEJO","14228"
"RC NORTE","VALDECILLA (APD)","14230"
"RC NORTE","NUEVA MONTAÑA (APD)","14231"
"RC NORTE","LOMBERA (APD)","14232"
"RC NORTE","RIO EBRO (APD)","14233"
"RC NORTE","PUJAYO (APD)","14234"
"RC NORTE","ARENAS DE IGUÑA (APD)","14235"
"RC NORTE","VIOÑO (APD)","14236"
"RC NORTE","MURIEDAS-BAHIA (APD)","14237"
"RC NOROESTE","GRIJOTA (APD)","15001"
"RC NOROESTE","KM. 11.2","15002"
"RC NOROESTE","BECERRIL","15003"
"RC NOROESTE","PAREDES DE NAVA","15004"
"RC NOROESTE","KM. 28.2","15005"
"RC NOROESTE","CISNEROS (APD)","15006"
"RC NOROESTE","VILLADA","15007"
"RC NOROESTE","GRAJAL (APD)","15008"
"RC NOROESTE","SAHAGUN","15009"
"RC NOROESTE","KM. 67.7","15010"
"RC NOROESTE","BERCIANOS DEL REAL CAMINO (APD)","15011"
"RC NOROESTE","EL BURGO RANERO","15012"
"RC NOROESTE","KM. 88.2","15013"
"RC NOROESTE","SANTAS MARTAS","15014"
"RC NOROESTE","PALANQUINOS (APD-CGD)","15015"
"RC NOROESTE","KM. 109.1","15016"
"RC NOROESTE","TORNEROS","15017"
"RC NOROESTE","LEON-CLASIFICACION","15018"
"RC NOROESTE","RIO BERNESGA","15019"
"RC NOROESTE","LEON","15100"
"RC NOROESTE","LEON MERCANCÍAS","15102"
"RC NOROESTE","SANTIBAÑEZ","15103"
"RC NOROESTE","KM 360,4","15104"
"RC NOROESTE","LA SECA (APD)","15105"
"RC NOROESTE","LA ROBLA","15106"
"RC NOROESTE","BUEN SUCESO (APD)","15107"
"RC NOROESTE","LA POLA DE GORDON","15108"
"RC NOROESTE","SANTA LUCIA","15109"
"RC NOROESTE","CIÑERA (APD-CGD)","15110"
"RC NOROESTE","VILLASIMPLIZ (APD)","15111"
"RC NOROESTE","VILLAMANIN","15112"
"RC NOROESTE","BUSDONGO","15113"
"RC NOROESTE","PAJARES","15114"
"RC NOROESTE","NAVIDIELLO-PARANA","15115"
"RC NOROESTE","LINARES-CONGOSTINAS","15116"
"RC NOROESTE","MALVEDO","15117"
"RC NOROESTE","PUENTE DE LOS FIERROS","15118"
"RC NOROESTE","LA FRECHA (APD)","15119"
"RC NOROESTE","CAMPOMANES","15120"
"RC NOROESTE","LA COBERTORIA (APD)","15121"
"RC NOROESTE","POLA DE LENA","15122"
"RC NOROESTE","VILLALLANA (APD)","15123"
"RC NOROESTE","UJO","15200"
"RC NOROESTE","SANTULLANO (APD)","15202"
"RC NOROESTE","MIERES-PUENTE (APD)","15203"
"RC NOROESTE","MIERES","15204"
"RC NOROESTE","ABLAÑA","15205"
"RC NOROESTE","LA PEREDA-RIOSA (APD)","15206"
"RC NOROESTE","OLLONIEGO","15207"
"RC NOROESTE","SOTO DE REY","15208"
"RC NOROESTE","LAS SEGADAS (APD)","15209"
"RC NOROESTE","EL CALEYO","15210"
"RC NOROESTE","OVIEDO","15211"
"RC NOROESTE","LUGONES","15212"
"RC NOROESTE","LUGO DE LLANERA-BASE (APD)","15214"
"RC NOROESTE","LA CORREDORIA (APD)","15217"
"RC NOROESTE","LLAMAQUIQUE (APD)","15218"
"RC NOROESTE","LUGO DE LLANERA","15300"
"RC NOROESTE","VILLABONA DE ASTURIAS","15301"
"RC NOROESTE","SERIN","15302"
"RC NOROESTE","MONTEANA (APD)","15303"
"RC NOROESTE","POAGO","15304"
"RC NOROESTE","VILLABONA-TABLADIELLO (APD)","15305"
"RC NOROESTE","VERIÑA","15400"
"RC NOROESTE","CALZADA DE ASTURIAS (APD-CGD)","15401"
"RC NOROESTE","GIJON-JOVELLANOS","15402"
"RC NOROESTE","GIJON-CERCANIAS","15403"
"RC NOROESTE","STA. EULALIA DE MANZANEDA (APD)","16001"
"RC NOROESTE","TUDELA-VEGUIN","16002"
"RC NOROESTE","PEÑA RUBIA","16005"
"RC NOROESTE","BARROS (APD)","16006"
"RC NOROESTE","LA FELGUERA","16008"
"RC NOROESTE","SAMA","16009"
"RC NOROESTE","CIAÑO (APD)","16010"
"RC NOROESTE","EL ENTREGO","16011"
"RC NOROESTE","VIELLA","16101"
"RC NOROESTE","FERROÑES (APD)","16301"
"RC NOROESTE","CANCIENES","16302"
"RC NOROESTE","NUBLEDO","16400"
"RC NOROESTE","VILLALEGRE","16401"
"RC NOROESTE","LA ROCICA (APD)","16402"
"RC NOROESTE","AVILES","16403"
"RC NOROESTE","LA MARUCA (CGD)","16404"
"RC NOROESTE","SAN JUAN DE NIEVA","16405"
"RC NOROESTE","LOS CAMPOS (APD)","16406"
"RC NOROESTE","LA MARUCA CONTENEDORES","16407"
"RC NOROESTE","LOS CAMPOS (APD)","16408"
"RC NOROESTE","TRASONA","16501"
"RC NOROESTE","ABOÑO","16601"
"RC NOROESTE","GIJON-PUERTO","16604"
"RC NOROESTE","PARQUE DE CARBONES DE ABOñO","16605"
"RC NOROESTE","GIJON-PUERTO CONTENEDORES","16606"
"RC CENTRO","MADRID-CHAMARTIN-CLARA CAMP.","17000"
"RC CENTRO","FUENCARRAL","17001"
"RC CENTRO","EL GOLOSO (APD)","17003"
"RC CENTRO","TRES CANTOS","17004"
"RC CENTRO","COLMENAR VIEJO","17005"
"RC CENTRO","MANZANARES-SOTO EL REAL","17006"
"RC CENTRO","SOTO EL REAL (APD)","17007"
"RC CENTRO","MIRAFLORES DE LA SIERRA","17008"
"RC CENTRO","UNIVERSIDAD-CANTOBLANCO","17009"
"RC CENTRO","DIPUTACION (APD)","17010"
"RC CENTRO","BUSTARVIEJO-VALDEMANCO","17100"
"RC CENTRO","LOZOYUELA","17102"
"RC CENTRO","GARGANTILLA-LOZOYA","17103"
"RC CENTRO","GASCONES-BUITRAGO","17105"
"RC CENTRO","BRAOJOS-LA SERNA (APD)","17106"
"RC CENTRO","ROBREGORDO-SOMOSIERRA","17107"
"RC CENTRO","SANTO TOME DEL PUERTO","17108"
"RC CENTRO","RIAZA","17109"
"RC CENTRO","BOCEGUILLAS (APD)","17110"
"RC CENTRO","CAMPO DE SAN PEDRO","17111"
"RC CENTRO","MADERUELO-LINARES (APD)","17112"
"RC NORTE","FUENTELCESPED-SANTA CRUZ (APD)","17113"
"RC CENTRO","GARGANTA DE LOS MONTES (APD)","17114"
"RC CENTRO","LA ACEBEDA (APD)","17115"
"RC NORTE","SANTA CRUZ DE LA SALCEDA (APD)","17116"
"RC CENTRO","LA SERNA","17117"
"RC NORTE","ARANDA DE DUERO-MONTECILLO","17200"
"RC NORTE","GUMIEL DE HIZAN (APD)","17201"
"RC NORTE","KM. 210.1","17203"
"RC NORTE","FONTIOSO (APD)","17204"
"RC NORTE","LERMA (APD)","17205"
"RC NORTE","VILLAMAYOR DE LOS MONTES (APD)","17206"
"RC NORTE","SARRACIN (APD)","17208"
"RC NORTE","KM. 272.6","17209"
"RC CENTRO","MADRID-ATOCHA CERCANIAS","18000"
"RC CENTRO","MADRID-RECOLETOS (APD)","18001"
"RC CENTRO","MADRID-NUEVOS MINISTERIOS","18002"
"RC CENTRO","MENDEZ ALVARO (APD)","18003"
"RC CENTRO","DELICIAS (APD)","18004"
"RC CENTRO","PIRAMIDES (APD)","18005"
"RC CENTRO","SOL (APD)","18101"
"RC CENTRO","KM. 3,237","18102"
"RC CENTRO","MADRID-NUEVOS MINISTERIOS","18103"
"RC CENTRO","UNIV.PONTIFICIA DE COMILLAS (APD)","19001"
"RC CENTRO","VALDELASFUENTES (APD)","19002"
"RC CENTRO","ALCOBENDAS-S. SEBASTIAN DE LOS REYE","19003"
"RC CENTRO","BASE EL GOLOSO (CGD)","19004"
"RC NOROESTE","QUINTANA-RANEROS","20002"
"RC NOROESTE","VILLADANGOS","20003"
"RC NOROESTE","SAN MARTIN DEL CAMINO","20004"
"RC NOROESTE","VEGUELLINA","20005"
"RC NOROESTE","BARRIENTOS","20006"
"RC NOROESTE","NISTAL (APD)","20007"
"RC NOROESTE","VILLAVANTE (APD)","20008"
"RC NOROESTE","ASTORGA","20100"
"RC NOROESTE","OTERO DE ESCARPIZO (APD)","20101"
"RC NOROESTE","VEGA-MAGAZ","20102"
"RC NOROESTE","PORQUEROS","20103"
"RC NOROESTE","BRAÑUELAS","20104"
"RC NOROESTE","FOLGOSO","20105"
"RC NOROESTE","LA GRANJA","20106"
"RC NOROESTE","ALBARES","20108"
"RC NOROESTE","TORRE DEL BIERZO","20109"
"RC NOROESTE","BEMBIBRE","20111"
"RC NOROESTE","VILLAVERDE DE LOS CESTOS (APD)","20112"
"RC NOROESTE","SAN MIGUEL DE LAS DUEÑAS","20113"
"RC NOROESTE","PONFERRADA-CLASIFICACION","20114"
"RC NOROESTE","PONFERRADA","20200"
"RC NOROESTE","DEHESAS","20201"
"RC NOROESTE","POSADA DEL BIERZO (APD)","20202"
"RC NOROESTE","VILLADEPALOS (APD)","20203"
"RC NOROESTE","TORAL DE LOS VADOS","20204"
"RC NOROESTE","PEÑAMALA (CGD)","20205"
"RC NOROESTE","LA BAROSA (APD)","20206"
"RC NOROESTE","COVAS","20207"
"RC NOROESTE","QUEREÑO","20208"
"RC NOROESTE","PUMARES (APD)","20209"
"RC NOROESTE","SOBRADELO","20210"
"RC NOROESTE","O BARCO DE VALDEORRAS","20211"
"RC NOROESTE","VILAMARTIN DE VALDEORRAS","20212"
"RC NOROESTE","A RUA-PETIN","20213"
"RC NOROESTE","MONTEFURADO","20214"
"RC NOROESTE","SOLDON-SEQUEIROS","20215"
"RC NOROESTE","SAN CLODIO-QUIROGA","20216"
"RC NOROESTE","FREIXEIRO","20217"
"RC NOROESTE","A POBRA DO BROLLON","20218"
"RC NOROESTE","MONFORTE DE LEMOS","20300"
"RC NOROESTE","BOVEDA (APD)","20302"
"RC NOROESTE","RUBIAN","20303"
"RC NOROESTE","OURAL","20304"
"RC NOROESTE","SARRIA","20305"
"RC NOROESTE","PEDRELO-CELTIGOS (APD)","20306"
"RC NOROESTE","POBRA DE SAN XIAN","20307"
"RC NOROESTE","LAXOSA","20308"
"RC NOROESTE","LUGO","20309"
"RC NOROESTE","RABADE","20310"
"RC NOROESTE","BEGONTE (APD)","20311"
"RC NOROESTE","BAAMONDE","20312"
"RC NOROESTE","PARGA (APD)","20313"
"RC NOROESTE","GUITIRIZ","20314"
"RC NOROESTE","ARANGA (APD)","20315"
"RC NOROESTE","TEIXEIRO","20316"
"RC NOROESTE","CURTIS","20317"
"RC NOROESTE","PIÑOI (APD)","20318"
"RC NOROESTE","CESURAS (APD)","20319"
"RC NOROESTE","OZA DOS RIOS","20320"
"RC NOROESTE","BONXE (CGD)","20322"
"RC NOROESTE","LUGO MERCANCIAS","20323"
"RC NOROESTE","BETANZOS-INFESTA","20400"
"RC NOROESTE","GUISAMO (APD)","20401"
"RC NOROESTE","CECEBRE (APD)","20402"
"RC NOROESTE","CAMBRE (APD)","20403"
"RC NOROESTE","O BURGO-SANTIAGO","20404"
"RC NOROESTE","KM. 543,1","20405"
"RC NOROESTE","A CORUÑA-SAN DIEGO","20406"
"RC NOROESTE","A CORUÑA-PUERTO","20407"
"RC NOROESTE","ELVIÑA-UNIVERSIDADE (APD)","20410"
"RC NOROESTE","COSMOS (CGD)","20601"
"RC NOROESTE","VILLAFRANCA DEL BIERZO (CGD)","20603"
"RC NOROESTE","BETANZOS-CIDADE","21001"
"RC NOROESTE","MIÑO (APD)","21002"
"RC NOROESTE","PERBES (APD)","21003"
"RC NOROESTE","PONTEDEUME","21004"
"RC NOROESTE","CABANAS (APD)","21005"
"RC NOROESTE","FRANZA (APD)","21006"
"RC NOROESTE","BARALLOBRE (APD)","21007"
"RC NOROESTE","PERLIO (APD)","21008"
"RC NOROESTE","NEDA","21009"
"RC NOROESTE","FERROL","21010"
"RC NOROESTE","FERROL PUERTO","21011"
"RC NOROESTE","CANAVAL","22001"
"RC NOROESTE","AREAS (APD)","22002"
"RC NOROESTE","SAN ESTEVO DO SIL","22003"
"RC NOROESTE","SAN PEDRO DO SIL (APD)","22004"
"RC NOROESTE","OS PEARES","22005"
"RC NOROESTE","BARRA DE MIÑO","22006"
"RC NOROESTE","OURENSE","22100"
"RC NOROESTE","BARBANTES","22101"
"RC NOROESTE","RIBADAVIA","22102"
"RC NOROESTE","FILGUEIRA","22103"
"RC NOROESTE","FRIEIRA","22104"
"RC NOROESTE","POUSA-CRECENTE (APD)","22105"
"RC NOROESTE","ARBO","22106"
"RC NOROESTE","SELA (APD)","22107"
"RC NOROESTE","AS NEVES","22108"
"RC NOROESTE","SALVATERRA","22109"
"RC NOROESTE","CALDELAS (APD)","22110"
"RC NOROESTE","GUILLAREI","22200"
"RC NOROESTE","O PORRIÑO","22201"
"RC NOROESTE","LOUREDO-VALOS","22202"
"RC NOROESTE","AS GANDARAS","22203"
"RC NOROESTE","REDONDELA","22300"
"RC NOROESTE","CHAPELA (APD)","22302"
"RC NOROESTE","VIGO","22303"
"RC NOROESTE","VIGO-PUERTO","22305"
"RC NOROESTE","VIGO-GUIXAR","22308"
"RC NOROESTE","VIGO-GUIXAR-CONTENEDORES","22309"
"RC NOROESTE","COMERCIAL I.S.M.S.A. (CGD)","22319"
"RC NOROESTE","TUI","22401"
"RC NOROESTE","VALENCA DO MINHO","22402"
"RC NOROESTE","TUI - FRONTERA","22403"
"RC NOROESTE","REDONDELA-PICOTA (APD)","23000"
"RC NOROESTE","CESANTES (APD)","23001"
"RC NOROESTE","ARCADE (APD)","23002"
"RC NOROESTE","FIGUEIRIDO (APD)","23003"
"RC NOROESTE","PONTEVEDRA","23004"
"RC NOROESTE","PORTELA","23005"
"RC NOROESTE","PORTAS","23006"
"RC NOROESTE","VILAGARCIA DE AROUSA","23008"
"RC NOROESTE","CATOIRA","23009"
"RC NOROESTE","PONTECESURES","23010"
"RC NOROESTE","PADRON","23011"
"RC NOROESTE","A ESCRAVITUDE","23012"
"RC NOROESTE","OSEBE (APD)","23013"
"RC NOROESTE","KM. 86,7","23014"
"RC NOROESTE","FAXIL","23015"
"RC NOROESTE","VILAGARCIA DE AROUSA-PRAIA (APD)","23017"
"RC NOROESTE","PONTEVEDRA UNIVERSIDAD (APD)","23018"
"RC NOROESTE","BIF. ANGUEIRA","23019"
"RC SUR","MONFRAGÜE","30000"
"RC SUR","PLASENCIA","30002"
"RC NOROESTE","HIJOS DE MIRAT (CGD)","30023"
"RC NOROESTE","SALAMANCA","30100"
"RC NOROESTE","VALDUNCIEL (CGD)","30101"
"RC NOROESTE","LA ALAMEDILLA (APD)","30110"
"RC NOROESTE","ZAMORA","30200"
"RC NOROESTE","LA BAÑEZA","30216"
"RC NOROESTE","VALDERREY","30219"
"RC NOROESTE","NAVA DEL REY","31002"
"RC NOROESTE","POLLOS (APD)","31003"
"RC NOROESTE","CASTRONUÑO","31004"
"RC NOROESTE","TORO","31006"
"RC NOROESTE","MONTE LA REINA","31007"
"RC NOROESTE","KM. 73,2","31008"
"RC NOROESTE","CORESES (APD)","31009"
"RC NOROESTE","AZUCARERA DEL DUERO","31010"
"RC NOROESTE","KM. 18.7","31102"
"RC NOROESTE","CARBAJALES DE ALBA","31104"
"RC NOROESTE","LOSACIO-SAN MARTIN (APD)","31105"
"RC NOROESTE","FERRERUELA DE TABARA (APD)","31106"
"RC NOROESTE","ABEJERA (APD)","31107"
"RC NOROESTE","SARRACIN DE ALISTE","31108"
"RC NOROESTE","CABAÑAS DE ALISTE (APD)","31109"
"RC NOROESTE","LA TORRE DE ALISTE-POBLADURA (AP","31110"
"RC NOROESTE","S. PEDRO DE LAS HERRERIAS","31111"
"RC NOROESTE","LINAREJOS-PEDROSO","31112"
"RC NOROESTE","ROBLEDO DE SANABRIA (APD)","31113"
"RC NOROESTE","PUEBLA DE SANABRIA","31200"
"RC NOROESTE","PEDRALBA","31201"
"RC NOROESTE","KM. 120,6","31202"
"RC NOROESTE","LUBIAN","31203"
"RC NOROESTE","A MEZQUITA-VILAVELLA","31204"
"RC NOROESTE","A GUDIÑA","31205"
"RC NOROESTE","VILARIÑO DE CONSO-A CAPELA","31206"
"RC NOROESTE","CASTRELO DO VAL-VERIN-C.","31207"
"RC NOROESTE","LAZA-CERDEDELO","31208"
"RC NOROESTE","A ALBERGUERIA-PRADO","31209"
"RC NOROESTE","VILAR DE BARRIO","31210"
"RC NOROESTE","BAÑOS DE MOLGAS","31211"
"RC NOROESTE","PONTEAMBIA (APD)","31212"
"RC NOROESTE","PADERNE CANTOÑA","31213"
"RC NOROESTE","TABOADELA","31214"
"RC NOROESTE","OURENSE-SAN FRANCISCO (APD)","31215"
"RC NOROESTE","SANTA CRUZ DE ARRABALDO","31301"
"RC NOROESTE","MASIDE","31302"
"RC NOROESTE","A FRIELA-MASIDE (APD)","31303"
"RC NOROESTE","O CARBALLIÑO","31304"
"RC NOROESTE","BOBORAS (APD)","31305"
"RC NOROESTE","O IRIXO","31306"
"RC NOROESTE","SAN XOAN DE VILANOVA (APD)","31307"
"RC NOROESTE","LALIN","31308"
"RC NOROESTE","PONTE TABOADA","31309"
"RC NOROESTE","SILLEDA (APD)","31310"
"RC NOROESTE","BANDEIRA","31311"
"RC NOROESTE","VEDRA-RIVADULLA","31312"
"RC NOROESTE","A SUSANA","31313"
"RC NOROESTE","CANTERA DE CAMPOMARZO","31314"
"RC NOROESTE","SANTIAGO COMPOSTELA-DANIEL CAST.","31400"
"RC NOROESTE","GARGA-TRASMONTE (APD)","31403"
"RC NOROESTE","QUEIXAS-LONDOÑO","31406"
"RC NOROESTE","CERCEDA (APD)","31407"
"RC NOROESTE","VILA DA IGREXA (APD)","31408"
"RC NOROESTE","MEIRAMA-PICARDEL","31409"
"RC NOROESTE","UXES","31411"
"RC NOROESTE","A CORUÑA","31412"
"RC NOROESTE","ORDES","31415"
"RC NOROESTE","SOGAMA (CGD)","31421"
"RC NOROESTE","CENTRAL TERMICA DE MEIRAMA","31422"
"RC NOROESTE","BOEDO","31434"
"RC NOROESTE","RIO TOURIO","31436"
"RC NOROESTE","CAMPILLO","32001"
"RC NOROESTE","EL CARPIO","32002"
"RC NOROESTE","FRESNO EL VIEJO (APD)","32003"
"RC NOROESTE","CANTALAPIEDRA","32004"
"RC NOROESTE","CANTALPINO","32005"
"RC NOROESTE","EL PEDROSO DE LA ARMUÑA (APD)","32006"
"RC NOROESTE","PITIEGUA (APD)","32007"
"RC NOROESTE","GOMECELLO","32008"
"RC NOROESTE","MORISCOS (APD)","32009"
"RC NOROESTE","TEJARES-CHAMBERI","33001"
"RC NOROESTE","BARBADILLO Y CALZADA","33003"
"RC NOROESTE","ROBLIZA (APD)","33004"
"RC NOROESTE","ALDEHUELA DE LA BOVEDA","33006"
"RC NOROESTE","MUÑOZ (APD)","33007"
"RC NOROESTE","FTE. DE S. ESTEBAN-BOADILLA","33008"
"RC NOROESTE","MARTIN DE YELTES (APD)","33009"
"RC NOROESTE","EL COLLADO (APD)","33010"
"RC NOROESTE","SANCTI-SPIRITUS","33011"
"RC NOROESTE","EL SALTO (APD)","33012"
"RC NOROESTE","CIUDAD RODRIGO","33013"
"RC NOROESTE","CARPIO DE AZABA (APD)","33014"
"RC NOROESTE","ESPEJA","33015"
"RC NOROESTE","FUENTES DE OÑORO","33016"
"RC NOROESTE","VILAR FORMOSO","33030"
"RC NOROESTE","CARDEÑOSA DE AVILA","34002"
"RC NOROESTE","MONSALUPE (APD)","34003"
"RC NOROESTE","AVEINTE (APD)","34004"
"RC NOROESTE","SAN PEDRO DEL ARROYO","34005"
"RC NOROESTE","CRESPOS (APD)","34007"
"RC NOROESTE","NARROS DEL CASTILLO (APD)","34008"
"RC NOROESTE","PEÑARANDA DE BRACAMONTE","34010"
"RC NOROESTE","VILLAR DE GALLIMAZO (APD)","34011"
"RC NOROESTE","BABILAFUENTE","34012"
"RC NOROESTE","SAN MORALES (APD)","34013"
"RC NOROESTE","ALDEALENGUA (APD)","34014"
"RC CENTRO","LEGANES","35001"
"RC CENTRO","FUENLABRADA","35002"
"RC CENTRO","GRIÑON","35004"
"RC CENTRO","ILLESCAS","35005"
"RC CENTRO","VILLAVERDE-ORCASITAS (CGD)","35008"
"RC CENTRO","ZARZAQUEMADA (APD)","35009"
"RC CENTRO","LA SERNA-FUENLABRADA (APD)","35010"
"RC CENTRO","PARQUE POLVORANCA (APD)","35011"
"RC CENTRO","HUMANES","35012"
"RC CENTRO","VILLALUENGA-YUNCLER","35100"
"RC CENTRO","BARGAS (APD)","35102"
"RC CENTRO","VILLAMIEL DE TOLEDO","35103"
"RC CENTRO","TORRIJOS","35105"
"RC CENTRO","ERUSTES","35107"
"RC CENTRO","KM. 110.4","35108"
"RC CENTRO","MONTEARAGON","35109"
"RC CENTRO","TALAVERA DE LA REINA","35200"
"RC CENTRO","CALERA-CHOZAS","35201"
"RC CENTRO","OROPESA DE TOLEDO","35203"
"RC SUR","NAVALMORAL DE LA MATA","35206"
"RC SUR","CASATEJADA (APD)","35207"
"RC SUR","LA BAZAGONA","35209"
"RC SUR","MIRABEL","35301"
"RC SUR","CASAS DE MILLAN (APD)","35302"
"RC SUR","CAÑAVERAL","35303"
"RC SUR","RIO TAJO (APD)","35304"
"RC SUR","CASAR DE CACERES","35305"
"RC SUR","CACERES","35400"
"RC SUR","ARROYO DE MALPARTIDA","35402"
"RC SUR","HERRERUELA (APD)","35404"
"RC SUR","SAN VICENTE DE ALCANTARA","35405"
"RC SUR","VALENCIA DE ALCANTARA","35406"
"RC SUR","KM. 428,5 (FRONTERA)","35407"
"RC CENTRO","ALUCHE","35600"
"RC CENTRO","MAESTRA JUSTA FREIRE-P.ALUCHE (APD)","35601"
"RC CENTRO","LAS AGUILAS (APD)","35602"
"RC CENTRO","CUATRO VIENTOS","35603"
"RC CENTRO","SAN JOSE DE VALDERAS","35604"
"RC CENTRO","ALCORCON  (APD)","35605"
"RC CENTRO","MOSTOLES","35606"
"RC CENTRO","MOSTOLES - EL SOTO","35607"
"RC CENTRO","LAGUNA","35608"
"RC CENTRO","EMBAJADORES","35609"
"RC CENTRO","LAS RETAMAS (APD)","35610"
"RC CENTRO","MENDEZ ALVARO (APD)","35701"
"RC CENTRO","DOCE DE OCTUBRE (APD)","35702"
"RC CENTRO","ORCASITAS","35703"
"RC CENTRO","PUENTE ALCOCER (APD)","35704"
"RC SUR","KM. 53,8","36001"
"RC SUR","ALDEA DEL CANO","36002"
"RC SUR","CARMONITA (APD)","36003"
"RC SUR","KM 15.5","36004"
"RC CENTRO","VILLAVERDE ALTO CARGAS","37000"
"RC CENTRO","VILLAVERDE ALTO","37001"
"RC CENTRO","GETAFE - CENTRO","37002"
"RC CENTRO","BUTANO, S.A.","37003"
"RC CENTRO","PARLA INDUSTRIAL","37004"
"RED DE ALTA VELOCIDAD (RAV)","YELES","37006"
"RC CENTRO","VILLASECA Y MOCEJON","37008"
"RED DE ALTA VELOCIDAD (RAV)","PARLA A.V.","37009"
"RC CENTRO","LAS MARGARITAS (APD)","37010"
"RC CENTRO","GETAFE - SECTOR 3 (APD)","37011"
"RC CENTRO","PARLA","37012"
"RED DE ALTA VELOCIDAD (RAV)","LOS GAVILANES","37013"
"RC CENTRO","ALGODOR","37100"
"RED DE ALTA VELOCIDAD (RAV)","ABLATES","37101"
"RED DE ALTA VELOCIDAD (RAV)","MORA Y ORGAZ","37104"
"RED DE ALTA VELOCIDAD (RAV)","LOS YEBENES","37106"
"RED DE ALTA VELOCIDAD (RAV)","URDA","37107"
"RED DE ALTA VELOCIDAD (RAV)","EL EMPERADOR","37108"
"RED DE ALTA VELOCIDAD (RAV)","MALAGON","37110"
"RED DE ALTA VELOCIDAD (RAV)","LA SAGRA","37113"
"RC CENTRO","CIUDAD REAL","37200"
"RED DE ALTA VELOCIDAD (RAV)","KM. 186,200","37201"
"RC CENTRO","CAÑADA DE CALATRAVA","37202"
"RC CENTRO","CALATRAVA","37205"
"RED DE ALTA VELOCIDAD (RAV)","CIUDAD REAL C.","37206"
"RED DE ALTA VELOCIDAD (RAV)","CALATRAVA","37210"
"RC CENTRO","PUERTOLLANO","37300"
"RC CENTRO","PUERTOLLANO-MERCANCIAS","37301"
"RC CENTRO","BRAZATORTAS-VEREDAS","37302"
"RC CENTRO","CARACOLLERA","37303"
"RC CENTRO","ALMADENEJOS-ALMADEN","37305"
"RC CENTRO","KM. 281.8","37306"
"RC CENTRO","KM. 288.9","37307"
"RC CENTRO","GUADALMEZ-LOS PEDROCHES","37308"
"RC SUR","KM. 309.2","37309"
"RC SUR","CABEZA DEL BUEY","37311"
"RC CENTRO","PUERTOLLANO-REFINERIA","37315"
"RED DE ALTA VELOCIDAD (RAV)","ARROYO DEL VALLE","37316"
"RC SUR","ALMORCHON","37400"
"RC SUR","KM. 344.3","37401"
"RC SUR","CASTUERA","37402"
"RC SUR","CAMPANARIO (APD)","37404"
"RC SUR","KM. 385.1","37405"
"RC SUR","VILLANUEVA DE LA SERENA","37406"
"RC SUR","DON BENITO","37407"
"RC SUR","MEDELLIN (APD)","37408"
"RC SUR","VALDETORRES (APD)","37409"
"RC SUR","GUAREÑA","37410"
"RC SUR","VILLAGONZALO (APD)","37411"
"RC SUR","KM. 436.6","37412"
"RC SUR","KM. 440.0","37413"
"RC SUR","BIOENERGETICA EXTREMEÑA","37414"
"RC SUR","MERIDA","37500"
"RC CENTRO","MERIDA CONTENEDORES","37502"
"RC SUR","ALJUCEN","37600"
"RC SUR","LA GARROVILLA","37601"
"RC SUR","KM. 471.5","37602"
"RC SUR","MONTIJO","37603"
"RC SUR","GUADIANA","37604"
"RC SUR","EL FRESNAL","37605"
"RC SUR","BADAJOZ","37606"
"RC SUR","MONTIJO-EL MOLINO (APD)","37608"
"RC SUR","GEVORA","37609"
"RC SUR","BADAJOZ - FRONTERA","37610"
"RED DE ALTA VELOCIDAD (RAV)","PUERTOLLANO","37700"
"RED DE ALTA VELOCIDAD (RAV)","BRAZATORTAS","37701"
"RED DE ALTA VELOCIDAD (RAV)","VENTA LA INES","37702"
"RED DE ALTA VELOCIDAD (RAV)","CONQUISTA","37703"
"RED DE ALTA VELOCIDAD (RAV)","VILLANUEVA DE CORDOBA","37704"
"RED DE ALTA VELOCIDAD (RAV)","ADAMUZ","37705"
"RC SUR","CAMBIADOR ALCOLEA","37706"
"RED DE ALTA VELOCIDAD (RAV)","HORNACHUELOS","37801"
"RED DE ALTA VELOCIDAD (RAV)","GUADAJOZ","37802"
"RED DE ALTA VELOCIDAD (RAV)","MAJARABIQUE","37803"
"RC SUR","CAMBIADOR MAJARABIQUE","37805"
"RC CENTRO","KM. 2,0","40001"
"RC SUR","CALAMONTE","40002"
"RC SUR","KM 17.5","40003"
"RC SUR","ALMENDRALEJO","40004"
"RC SUR","VILLAFRANCA DE LOS BARROS","40005"
"RC SUR","LOS SANTOS DE MAIMONA (APD)","40006"
"RC SUR","ZAFRA FERIA (APD)","40008"
"RC SUR","ZAFRA","40100"
"RC SUR","BALNEARIO DE EL RAPOSO (APD)","40101"
"RC SUR","KM. 86,7","40103"
"RC SUR","LLERENA","40105"
"RC SUR","FUENTE DEL ARCO (APD)","40107"
"RC SUR","GUADALCANAL","40108"
"RC SUR","HAMAPEGA (APD)","40110"
"RC SUR","ALANIS (APD)","40111"
"RC SUR","CAZALLA-CONSTANTINA","40113"
"RC SUR","KM. 165.7","40114"
"RC SUR","PEDROSO","40115"
"RC SUR","ARENILLAS (APD)","40118"
"RC SUR","VILLANUEVA DEL RIO-MINAS","40119"
"RC SUR","ALCOLEA DEL RIO (APD)","40121"
"RC SUR","TOCINA (APD)","40122"
"RC SUR","BURGUILLOS DEL CERRO (CGD)","41002"
"RC SUR","LLANO DE LA GRANJA (CGD)","41003"
"RC SUR","JEREZ DE LOS CABALLEROS (CGD)","41004"
"RC SUR","CEMENTOS BALBOA (CGD)","41005"
"RC SUR","MEDINA DE LAS TORRES (APD)","42002"
"RC SUR","VALENCIA DEL VENTOSO","42003"
"RC SUR","FREGENAL DE LA SIERRA","42005"
"RC SUR","CUMBRES MAYORES","42006"
"RC SUR","KM 78.5","42007"
"RC SUR","JABUGO-GALAROZA","42008"
"RC SUR","ALMONASTER-CORTEGANA(APD)","42009"
"RC SUR","GIL MARQUEZ (APD)","42010"
"RC SUR","VALDELAMUSA","42012"
"RC SUR","EL TAMUJOSO (APD)","42013"
"RC SUR","EL CERRO DE ANDEVALO (APD)","42014"
"RC SUR","CALAÑAS","42015"
"RC SUR","LOS MILANOS (APD)","42016"
"RC SUR","KM. 143.6","42017"
"RC SUR","EL COBUJON (APD)","42018"
"RC SUR","BELMONTE (APD)","42019"
"RC SUR","GIBRALEON","42020"
"RC SUR","PEGUERILLAS (APD)","42021"
"RC SUR","ALAMILLO","43001"
"RC SUR","CAMAS (APD)","43002"
"RC SUR","VILLANUEVA DEL ARISCAL Y OLIVARES","43003"
"RC SUR","AZNALCAZAR-PILAS","43006"
"RC SUR","HUEVAR (APD)","43007"
"RC SUR","CARRION DE LOS CESPEDES","43008"
"RC SUR","ESCACENA","43009"
"RC SUR","SALTERAS-VALENCINA","43010"
"RC SUR","LA PALMA DEL CONDADO","43011"
"RC SUR","VILLARRASA (APD)","43012"
"RC SUR","NIEBLA","43013"
"RC SUR","SANLUCAR LA MAYOR (APD)","43014"
"RC SUR","NIEBLA-PUERTA DEL BUEY (APD)","43015"
"RC SUR","KM 81.8","43016"
"RC SUR","ARROYO TAMARGUILLO","43017"
"RC SUR","SAN JUAN DEL PUERTO-MOGUER","43018"
"RC SUR","HUELVA","43019"
"RC SUR","BENACAZON","43020"
"RC SUR","SAN JUAN DEL PUERTO (APD)","43021"
"RC SUR","HUELVA PUERTO","43022"
"RC SUR","HUELVA-MERCANCIAS","43023"
"RC SUR","HUELVA-MERCANCIAS (APD)","43024"
"RC CENTRO","MARAÑON","50001"
"RC CENTRO","CINCO CASAS","50002"
"RC CENTRO","HERRERA DE LA MANCHA","50003"
"RC CENTRO","MANZANARES","50100"
"RC CENTRO","CONSOLACION","50101"
"RC CENTRO","VALDEPEÑAS","50102"
"RC CENTRO","SANTA CRUZ DE MUDELA","50200"
"RC SUR","PEÑALAJO","50201"
"RC SUR","ALMURADIEL-VISO DEL MARQUES","50202"
"RC SUR","VENTA DE CARDENAS","50203"
"RC SUR","LAS CORREDERAS","50204"
"RC SUR","SANTA ELENA","50205"
"RC SUR","CALANCHA","50206"
"RC SUR","VILCHES","50207"
"RC SUR","KM 300.3","50208"
"RC SUR","VADOLLANO","50209"
"RC SUR","LINARES-BAEZA","50300"
"RC SUR","LAS MADRIGUERAS","50301"
"RC SUR","JABALQUINTO","50302"
"RC SUR","MENGIBAR-LAS PALOMERAS","50303"
"RC SUR","ESPELUY","50400"
"RC SUR","VILLANUEVA DE LA REINA","50402"
"RC SUR","ANDUJAR","50403"
"RC SUR","ARJONILLA","50404"
"RC SUR","MARMOLEJO","50405"
"RC SUR","LOS SILES","50406"
"RC SUR","VILLA DEL RIO","50407"
"RC SUR","MONTORO","50408"
"RC SUR","PEDRO ABAD","50409"
"RC SUR","EL CARPIO DE CORDOBA","50410"
"RC SUR","VILLAFRANCA DE CORDOBA","50411"
"RC SUR","LOS CANSINOS","50412"
"RC SUR","ALCOLEA DE CORDOBA","50413"
"RC SUR","LOS MAJUELOS (CGD)","50414"
"RC SUR","CAMPUS UNIVERS. DE RABANALES(APD)","50417"
"RC SUR","CORDOBA","50500"
"RC SUR","EL HIGUERON","50501"
"RC SUR","VILLARRUBIA DE CORDOBA","50502"
"RC SUR","ALMODOVAR DEL RIO","50503"
"RC SUR","POSADAS","50504"
"RC SUR","HORNACHUELOS","50505"
"RC SUR","PALMA DEL RIO","50506"
"RC SUR","PEÑAFLOR","50507"
"RC SUR","EL PRIORATO","50508"
"RC SUR","CORDOBA MERCANCIAS","50512"
"RC SUR","BASE DE MONTAJE (CGD)","50521"
"RC SUR","LORA DEL RIO","50600"
"RC SUR","GUADAJOZ (APD)","50602"
"RC SUR","LOS ROSALES","50700"
"RC SUR","CANTILLANA (APD)","50701"
"RC SUR","BRENES","50702"
"RC SUR","LA RINCONADA (APD)","50703"
"RC SUR","MAJARABIQUE-ESTACION","50709"
"RC SUR","SEVILLA-PUERTO","50803"
"RC SUR","SEVILLA-SANTA JUSTA","51003"
"RC SUR","LA NEGRILLA","51005"
"RC SUR","ALCALA DE GUADAIRA-POLO DESARROL","51006"
"RC SUR","FACT. SEAT","51007"
"RC SUR","PALACIO DE CONGRESOS (APD)","51009"
"RC SUR","PADRE PIO-PALMETE (APD)","51010"
"RC SUR","CARTUJA","51050"
"RC SUR","ESTADIO OLIMPICO (APD)","51051"
"RC SUR","SAN BERNARDO  (APD)","51100"
"RC SUR","LA SALUD","51101"
"RC SUR","LOS MERINALES (APD)","51102"
"RC SUR","DOS HERMANAS","51103"
"RC SUR","KM. 4.6","51106"
"RC SUR","PUERTO DE SEVILLA (CGD)","51107"
"RC SUR","VIRGEN DEL ROCIO (APD)","51110"
"RC SUR","BELLAVISTA (APD)","51111"
"RC SUR","CANTAELGALLO (APD)","51112"
"RC SUR","UTRERA","51200"
"RC SUR","LAS ALCANTARILLAS","51201"
"RC SUR","LAS CABEZAS DE SAN JUAN","51202"
"RC SUR","LEBRIJA","51203"
"RC SUR","EL CUERVO","51204"
"RC SUR","AEROPUERTO DE JEREZ","51205"
"RC SUR","JEREZ DE LA FRONTERA MERCANCIAS","51207"
"RC SUR","JEREZ DE LA FRONTERA","51300"
"RC SUR","PUERTO DE SANTA MARIA","51400"
"RC SUR","PUERTO REAL (APD)","51401"
"RC SUR","SAN FERNANDO-CENTRO (APD)","51402"
"RC SUR","SEGUNDA AGUADA (APD)","51404"
"RC SUR","CADIZ","51405"
"RC SUR","SAN FERNANDO-BAHIA SUR","51406"
"RC SUR","CORTADURA","51407"
"RC SUR","ESTADIO (APD)","51409"
"RC SUR","CADIZ-PUERTO","51411"
"RC SUR","PUERTO DE SANTA Mõ CONTENEDORES","51413"
"RC SUR","SAN SEVERIANO (APD)","51414"
"RC SUR","LAS ALETAS","51415"
"RC SUR","UNIVERSIDAD DE CADIZ (APD)","51416"
"RC SUR","VALDELAGRANA (APD)","51417"
"RC SUR","CAMBIADOR CORDOBA","54001"
"RC SUR","VALCHILLON","54100"
"RC SUR","EL CHAPARRAL","54101"
"RC SUR","TORRES CABRERA","54102"
"RC SUR","FERNAN NUÑEZ","54103"
"RC SUR","MONTEMAYOR","54104"
"RC SUR","MONTILLA","54105"
"RC SUR","AGUILAR DE LA FRONTERA","54106"
"RC SUR","KM 72.3","54200"
"RC SUR","PUENTE GENIL","54201"
"RC SUR","CASARICHE","54202"
"RC SUR","LA RODA DE ANDALUCIA","54300"
"RC SUR","FUENTE DE PIEDRA","54301"
"RC SUR","BOBADILLA","54400"
"RC SUR","GOBANTES","54402"
"RC SUR","EL CHORRO-CAMINITO DEL REY","54403"
"RC SUR","LAS MELLIZAS","54404"
"RC SUR","ALORA","54405"
"RC SUR","PIZARRA","54406"
"RC SUR","ALJAIMA","54407"
"RC SUR","CARTAMA","54408"
"RC SUR","CAMPANILLAS","54410"
"RC SUR","LOS PRADOS","54412"
"RC SUR","MALAGA MARIA ZAMBRANO","54413"
"RC SUR","MALAGA-PUERTO","54414"
"RC SUR","VICTORIA KENT (APD)","54501"
"RC SUR","GUADALHORCE (APD)","54503"
"RC SUR","TERMINAL DE CARGAS (APD)","54504"
"RC SUR","AEROPUERTO (APD)","54505"
"RC SUR","SAN JULIAN (APD)","54506"
"RC SUR","CAMPO DE GOLF-CAMPAMENTO (APD)","54507"
"RC SUR","LA COLINA (APD)","54508"
"RC SUR","TORREMOLINOS","54509"
"RC SUR","EL PINILLO (APD)","54510"
"RC SUR","BENALMADENA-ARROYO DE LA MIEL","54511"
"RC SUR","TORREMUELLE (APD)","54512"
"RC SUR","CARVAJAL (APD)","54513"
"RC SUR","TORREBLANCA (APD)","54514"
"RC SUR","LOS BOLICHES (APD)","54515"
"RC SUR","FUENGIROLA","54516"
"RC SUR","MALAGA-CENTRO ALAMEDA (APD)","54517"
"RC SUR","LOS ALAMOS (APD)","54518"
"RC SUR","MONTEMAR ALTO (APD)","54519"
"RC SUR","PLAZA MAYOR (APD)","54520"
"RC SUR","AGUJA KM. 11,3 (P.B.)","54521"
"RC SUR","AGUJA KM. 12,9 (P.B.)","54522"
"RC SUR","AGUJA KM. 17,0 (P.B.)","54523"
"RC SUR","AGUJA KM. 22,4 (P.B.)","54524"
"RC SUR","AGUJA KM. 27,0 (P.B.)","54525"
"RC SUR","CAMPILLOS","55001"
"RC SUR","TEBA (APD)","55002"
"RC SUR","ALMARGEN-CAÑETE LA REAL","55003"
"RC SUR","KM 41.7","55004"
"RC SUR","SETENIL","55005"
"RC SUR","KM. 60.4","55006"
"RC SUR","RONDA","55007"
"RC SUR","ARRIATE","55008"
"RC SUR","LA INDIANA","55009"
"RC SUR","BENAOJAN-MONTEJAQUE","55010"
"RC SUR","JIMERA DE LIBAR","55011"
"RC SUR","CORTES DE LA FRONTERA","55012"
"RC SUR","GAUCIN","55013"
"RC SUR","SAN PABLO (APD)","55014"
"RC SUR","JIMENA DE LA FRONTERA","55015"
"RC SUR","CASTELLAR DE LA FRONTERA","55016"
"RC SUR","ALMORAIMA (APD)","55017"
"RC SUR","SAN ROQUE-LA LINEA","55018"
"RC SUR","LOS BARRIOS","55019"
"RC SUR","ALGECIRAS","55020"
"RC SUR","ALGECIRAS-PUERTO (CGD)","55021"
"RC SUR","ALGECIRAS CONTENEDORES","55024"
"RC SUR","SAN ROQUE-LA LINEA CONTEN.","55026"
"RC SUR","TORREBLASCOPEDRO (APD)","56001"
"RC SUR","BEGIJAR","56002"
"RC SUR","KM 36.0","56003"
"RC SUR","JODAR-UBEDA","56004"
"RC SUR","LOS PROPIOS Y CAZORLA","56005"
"RC SUR","KM. 61.9","56006"
"RC SUR","LARVA","56007"
"RC SUR","HUESA","56008"
"RC SUR","CABRA DEL SANTO CRISTO Y ALICUN","56009"
"RC SUR","KM. 99.2","56010"
"RC SUR","ALAMEDILLA Y GUADAHORTUNA","56011"
"RC SUR","PEDRO MARTINEZ","56012"
"RC SUR","MOREDA","56100"
"RC SUR","HUELAGO-DARRO Y DIEZMA","56101"
"RC SUR","FONELAS","56102"
"RC SUR","BENALUA DE GUADIX (APD)","56103"
"RC SUR","GUADIX","56200"
"RC SUR","LA CALAHORRA-FERREIRA","56201"
"RC SUR","HUENEJA-DOLAR","56300"
"RC SUR","FIÑANA","56301"
"RC SUR","ABLA Y ABRUCENA","56302"
"RC SUR","DOÑA MARIA DE OCAÑA","56303"
"RC SUR","GERGAL","56305"
"RC SUR","FUENTE SANTA","56306"
"RC SUR","SANTA FE Y ALHAMA","56307"
"RC SUR","GADOR","56308"
"RC SUR","BENAHADUX-PECHINA","56309"
"RC SUR","HUERCAL-VIATOR","56310"
"RC SUR","ALMERIA","56312"
"RC SUR","ALMERIA-PUERTO","56313"
"RC SUR","HOLCIM (CGD)","56314"
"RC SUR","PIÑAR","57002"
"RC SUR","IZNALLOZ","57003"
"RC SUR","DEIFONTES","57004"
"RC SUR","ALBOLOTE","57006"
"RC SUR","ALQUIFE (CGD)","58001"
"RC SUR","MINAS DEL MARQUESADO","58101"
"RED DE ALTA VELOCIDAD (RAV)","MADRID-P.ATOCHA-ALMUDENA GRANDES","60000"
"RC CENTRO","KM. 5.200","60001"
"RC CENTRO","MADRID-SANTA CATALINA","60004"
"RC CENTRO","VILLAVERDE BAJO","60100"
"RC CENTRO","SAN CRISTOBAL INDUSTRIAL","60101"
"RC CENTRO","GETAFE - INDUSTRIAL","60102"
"RC CENTRO","PINTO","60103"
"RC CENTRO","VALDEMORO","60104"
"RC CENTRO","CIEMPOZUELOS","60105"
"RC CENTRO","SESEÑA (APD)","60106"
"RC CENTRO","SAN CRISTOBAL DE LOS A. (APD)","60107"
"RC CENTRO","EL SALOBRAL","60108"
"RC CENTRO","EL CASAR (APD)","60109"
"RC CENTRO","PARQUE DE OCIO (APD)","60115"
"RC CENTRO","SAN MARTIN DE LA VEGA","60116"
"RC CENTRO","ARANJUEZ","60200"
"RC CENTRO","LAS INFANTAS (APD)","60201"
"RC CENTRO","CASTILLEJO-AÑOVER","60202"
"RC CENTRO","VILLASEQUILLA","60203"
"RC CENTRO","HUERTA DE VALDECARABANOS","60204"
"RC CENTRO","EL CASAR DE LA GUARDIA (APD)","60205"
"RC CENTRO","TEMBLEQUE","60206"
"RC CENTRO","EL ROMERAL","60207"
"RC CENTRO","NICE ROCK","60208"
"RED DE ALTA VELOCIDAD (RAV)","ALMODOVAR","60299"
"RC CENTRO","VILLACAÑAS","60300"
"RC CENTRO","QUERO","60301"
"RC CENTRO","ALCAZAR DE SAN JUAN-MERCANCIAS","60302"
"RC CENTRO","ALCAZAR DE SAN JUAN","60400"
"RC ESTE","CAMPO DE CRIPTANA","60402"
"RC ESTE","RIO ZANCARA","60404"
"RC ESTE","SOCUELLAMOS","60406"
"RC ESTE","VILLARROBLEDO","60500"
"RC ESTE","MINAYA","60503"
"RC ESTE","LA RODA DE ALBACETE","60505"
"RC ESTE","LA GINETA","60507"
"RED DE ALTA VELOCIDAD (RAV)","PEÑAFLOR","60599"
"RC ESTE","ALBACETE - LOS LLANOS","60600"
"RC ESTE","LA LOSILLA (CGD)","60601"
"RC ESTE","ALBACETE CARGAS","60602"
"RC ESTE","CHINCHILLA","60700"
"RC ESTE","CHINCHILLA DE MONTEARAGON","60701"
"RC ESTE","VILLAR DE CHINCHILLA","60702"
"RC ESTE","BONETE","60704"
"RC ESTE","ALPERA","60705"
"RC ESTE","ALMANSA","60800"
"RC ESTE","LA ENCINA","60900"
"RC ESTE","CAUDETE","60901"
"RC ESTE","VILLENA","60902"
"RC ESTE","KM. 402,9","60903"
"RC ESTE","SAX","60904"
"RC ESTE","ELDA-PETRER","60905"
"RC ESTE","MONOVAR-PINOSO","60906"
"RC ESTE","NOVELDA-ASPE","60907"
"RC ESTE","MONFORTE DEL CID","60908"
"RC ESTE","AGOST","60909"
"RC ESTE","SAN VICENTE DE RASPEIG","60910"
"RC ESTE","ALACANT-TERMINAL","60911"
"RC ESTE","SANT VICENT CENTRE (APD)","60913"
"RC ESTE","UNIVERSIDAD DE ALICANTE (APD)","60914"
"RC ESTE","POZO CAÑADA","61001"
"RC ESTE","NAVAJUELOS","61003"
"RC ESTE","TOBARRA (APD)","61004"
"RC ESTE","HELLIN","61005"
"RC ESTE","AGRAMON","61007"
"RC ESTE","CALASPARRA","61009"
"RC ESTE","KM. 399.3","61011"
"RC ESTE","CIEZA","61012"
"RC ESTE","BLANCA-ABARAN","61013"
"RC ESTE","KM. 426,7","61014"
"RC ESTE","ARCHENA-FORTUNA (APD)","61015"
"RC ESTE","ALGUAZAS-MOLINA","61017"
"RC ESTE","KM. 445,0","61018"
"RC ESTE","ALCANTARILLA (APD)","61100"
"RC ESTE","MURCIA MERCANCIAS","61101"
"RC ESTE","MURCIA DEL CARMEN","61200"
"RC ESTE","MURCIA CONTENEDORES","61204"
"RC ESTE","EL REGUERON","61210"
"RC ESTE","KM. 479,1","61301"
"RC ESTE","RIQUELME-SUCINA","61302"
"RC ESTE","BALSICAS-MAR MENOR","61303"
"RC ESTE","TORRE-PACHECO (APD)","61304"
"RC ESTE","LA PALMA-POZO ESTRECHO","61305"
"RC ESTE","CARTAGENA","61307"
"RC ESTE","CARTAGENA-PUERTO","61308"
"RC ESTE","ESCOMBRERAS","61401"
"RC ESTE","BENIEL","62001"
"RC ESTE","ORIHUELA - MIGUEL HERNANDEZ","62002"
"RC ESTE","CALLOSA DE SEGURA","62003"
"RC ESTE","SAN ISIDRO-ALBATERA-CATRAL","62100"
"RC ESTE","CREVILLENTE","62101"
"RC ESTE","ELX-CARRUS (APD)","62102"
"RC ESTE","ELX-PARC","62103"
"RC ESTE","TORRELLANO","62104"
"RC ESTE","ALACANT-BENALUA (CGD)","62105"
"RC ESTE","ALACANT-PORT","62107"
"RC ESTE","ELX-MERCADERIES","62108"
"RC ESTE","SANT GABRIEL","62109"
"RC ESTE","LA FONT DE LA FIGUERA","64001"
"RC ESTE","MOIXENT","64003"
"RC ESTE","VALLADA","64004"
"RC ESTE","MONTESA (APD)","64005"
"RC ESTE","L' ALCUDIA","64006"
"RC ESTE","L'ENOVA-MANUEL (APD)","64007"
"RC ESTE","XATIVA","64100"
"RC ESTE","LA POBLA LLARGA","64102"
"RC ESTE","CARCAIXENT (APD)","64103"
"RC ESTE","ALZIRA","64104"
"RC ESTE","ALGEMESI","64105"
"RC ESTE","BENIFAIO","64107"
"RC ESTE","FORD","64108"
"RC ESTE","SILLA","64200"
"RC ESTE","CATARROJA","64201"
"RC ESTE","MASSANASSA (APD)","64202"
"RC ESTE","ALFAFAR-BENETUSSER","64203"
"RC ESTE","SILLA CONTENEDORES","64204"
"RC ESTE","VALENCIA-ESTACIO DEL NORD","65000"
"RC ESTE","ROCA-CUPER (APD)","65001"
"RC ESTE","VALENCIA-LA FONT DE SANT LLUIS","65002"
"RC ESTE","VALENCIA-CABANYAL (APD)","65003"
"RC ESTE","EL MAGISTRE (CGD)","65004"
"RC ESTE","ALBUIXECH (APD)","65005"
"RC ESTE","MASSALFASSAR","65006"
"RC ESTE","EL PUIG (APD)","65007"
"RC ESTE","PUÇOL","65008"
"RC ESTE","GRAO DE VALENCIA","65009"
"RC ESTE","VALENCIA PUERTO","65012"
"RC ESTE","VALENCIA-F.S.L.MERCANCIAS","65013"
"RC ESTE","VINIVAL","65014"
"RC ESTE","ALBORAYA","65015"
"RC ESTE","VALENCIA-PUERTO NORTE","65020"
"RC ESTE","SAGUNT","65200"
"RC ESTE","LES VALLS (APD)","65201"
"RC ESTE","ALMENARA","65202"
"RC ESTE","LA LLOSA (APD)","65203"
"RC ESTE","CHILCHES (APD)","65204"
"RC ESTE","MONCOFAR","65205"
"RC ESTE","NULES-VILLAVIEJA (APD)","65206"
"RC ESTE","BURRIANA-ALQUERIAS DEL N. P.","65207"
"RC ESTE","VILA-REAL","65208"
"RC ESTE","ALMASSORA (APD)","65209"
"RC ESTE","SIDMED","65210"
"RC ESTE","VILA-REAL CONTENEDORES","65211"
"RC ESTE","SAGUNTO CARGAS","65212"
"RC ESTE","CASTELLO DE LA PLANA","65300"
"RC ESTE","LES PALMES","65301"
"RC ESTE","ORPESA","65304"
"RC ESTE","TORREBLANCA","65306"
"RC ESTE","ALCALA DE CHIVERT","65308"
"RC ESTE","SANTA MAGDALENA DE PULPIS","65309"
"RC ESTE","BENICARLO-PEÑISCOLA","65311"
"RC ESTE","VINAROS","65312"
"RC ESTE","ULLDECONA-ALCANAR-LA SENIA","65314"
"RC ESTE","BENICASSIM","65318"
"RC ESTE","TORTOSA","65400"
"RC ESTE","CAMP-REDO","65401"
"RC ESTE","L'ALDEA-AMPOSTA-TORTOSA","65402"
"RC ESTE","CAMARLES-DELTEBRE (APD)","65403"
"RC ESTE","L'AMPOLLA-PERELLO-DELTEBRE (APD)","65404"
"RC ESTE","L'AMETLLA DE MAR","65405"
"RC ESTE","VANDELLOS","65406"
"RC ESTE","L'HOSPITALET DE L'INFANT","65407"
"RC ESTE","MONT-ROIG DEL CAMP","65408"
"RC ESTE","CAMBRILS","65409"
"RC ESTE","SALOU","65410"
"RC NORESTE","SALOU-PORT AVENTURA","65411"
"RC NORESTE","TRES CAMINS","65412"
"RC ESTE","PORT DE CASTELLÓ","65501"
"RC CENTRO","ONTIGOLA (APD)","66001"
"RC CENTRO","OCAÑA","66002"
"RC CENTRO","NOBLEJAS  (APD)","66003"
"RC CENTRO","VILLARRUBIA DE SANTIAGO (APD)","66004"
"RC CENTRO","SANTA CRUZ DE LA ZARZA (APD)","66005"
"RC ESTE","TARANCON","66006"
"RC ESTE","HUELVES (APD)","66008"
"RC ESTE","PAREDES DE MELO (APD)","66009"
"RC ESTE","VELLISCA (APD)","66010"
"RC ESTE","HUETE","66011"
"RC ESTE","CARACENILLA (APD)","66012"
"RC ESTE","CASTILLEJO DEL ROMERAL (APD)","66013"
"RC ESTE","CUEVAS DE VELASCO (APD)","66014"
"RC ESTE","VILLAR DEL SAZ DE NAVALON (APD)","66015"
"RC ESTE","CHILLARON (APD)","66016"
"RC ESTE","OLCESA (CGD)","66017"
"RC CENTRO","CEMENTOS OCCIDENTALES (CGD)","66018"
"RC ESTE","CUENCA","66100"
"RC ESTE","KM. 157.7","66101"
"RC ESTE","LOS PALANCARES (APD)","66102"
"RC ESTE","CAÑADA DEL HOYO (APD)","66103"
"RC ESTE","CARBONERAS DE GUADAZAON","66104"
"RC ESTE","ARGUISUELAS (APD)","66105"
"RC ESTE","YEMEDA-CARDENETE (APD)","66108"
"RC ESTE","VILLORA (APD)","66109"
"RC ESTE","ENGUIDANOS (APD)","66110"
"RC ESTE","CAMPORROBLES","66112"
"RC ESTE","LAS CUEVAS (APD)","66113"
"RC ESTE","UTIEL","66200"
"RC ESTE","SAN ANTONIO DE REQUENA (APD)","66201"
"RC ESTE","REQUENA (APD)","66202"
"RC ESTE","EL REBOLLAR","66203"
"RC ESTE","SIETE AGUAS (APD)","66204"
"RC ESTE","VENTA MINA-SIETE AGUAS (APD)","66205"
"RC ESTE","BUÑOL","66206"
"RC ESTE","CHIVA","66207"
"RC ESTE","CHESTE","66208"
"RC ESTE","LORIGUILLA-REVA","66209"
"RC ESTE","CIRCUIT RICARDO TORMO (APD)","66210"
"RC ESTE","ALDAIA","66211"
"RC ESTE","VALENCIA - SANT ISIDRE","66212"
"RC ESTE","XIRIVELLA-ALQUERIES (APD)","66214"
"RC NORESTE","KM. 111.2","67001"
"RC NORESTE","CUARTE DE HUERVA","67002"
"RC NORESTE","MARIA DE HUERVA","67004"
"RC NORESTE","ARAÑALES DE MUEL","67007"
"RC NORESTE","LONGARES (APD)","67009"
"RC NORESTE","CARIÑENA","67010"
"RC NORESTE","ENCINACORBA","67011"
"RC NORESTE","VILLARREAL DE HUERVA","67013"
"RC NORESTE","VILLADOZ (APD)","67014"
"RC NORESTE","BADULES (APD)","67015"
"RC NORESTE","VILLAHERMOSA (APD)","67016"
"RC NORESTE","FERRERUELA","67017"
"RC NORESTE","CUENCABUENA (APD)","67018"
"RC NORESTE","LECHAGO (APD)","67019"
"RC NORESTE","NAVARRETE","67020"
"RC NORESTE","CALAMOCHA (APD)","67021"
"RC NORESTE","CAMINREAL-F.CLARAS","67100"
"RC ESTE","TORRIJO DEL CAMPO (APD)","67101"
"RC ESTE","VILLAFRANCA DEL CAMPO (APD)","67103"
"RC ESTE","SANTA EULALIA DEL CAMPO","67105"
"RC ESTE","CELLA","67107"
"RC ESTE","MONREAL DEL CAMPO","67113"
"RC ESTE","TERUEL","67200"
"RC ESTE","CAPARRATES","67201"
"RC ESTE","PUERTO ESCANDON","67202"
"RC ESTE","PUEBLA DE VALVERDE","67203"
"RC ESTE","SARRION","67205"
"RC ESTE","MORA DE RUBIELOS","67206"
"RC ESTE","RUBIELOS DE MORA (APD)","67207"
"RC ESTE","BARRACAS","67208"
"RC ESTE","TORAS-BEJIS (APD)","67209"
"RC ESTE","MASADAS BLANCAS","67210"
"RC ESTE","CAUDIEL","67211"
"RC ESTE","JERICA-VIVER","67212"
"RC ESTE","NAVAJAS","67213"
"RC ESTE","SEGORBE-ARRABAL (APD)","67214"
"RC ESTE","SEGORBE-CIUDAD","67215"
"RC ESTE","ALGIMIA-CIUDAD (APD)","67216"
"RC ESTE","SONEJA (APD)","67217"
"RC ESTE","ALGAR DE PALANCIA","67218"
"RC ESTE","ALGIMIA DE ALFARA-T-TORRES(APD)","67220"
"RC ESTE","ESTIVELLA-ALBALAT DELS TARONGERS","67221"
"RC ESTE","GILET (APD)","67223"
"RC ESTE","ALBENTOSA (APD)","67225"
"RC ESTE","GENOVES (APD)","69001"
"RC ESTE","BENIGANIM (APD)","69002"
"RC ESTE","LA POBLA DEL DUC (APD)","69003"
"RC ESTE","MONTABERNER (APD)","69004"
"RC ESTE","BUFALI (APD)","69005"
"RC ESTE","ALBAIDA (APD)","69006"
"RC ESTE","AGULLENT (APD)","69007"
"RC ESTE","ONTINYENT","69008"
"RC ESTE","AGRES (APD)","69009"
"RC ESTE","COCENTAINA (APD)","69010"
"RC ESTE","ALCOI","69011"
"RC ESTE","EL ROMANI (APD)","69101"
"RC ESTE","SOLLANA","69102"
"RC ESTE","SUECA","69103"
"RC ESTE","CULLERA","69104"
"RC ESTE","TAVERNES DE LA VALLDIGNA","69105"
"RC ESTE","XERACO","69107"
"RC ESTE","GANDIA-MERCADERIES","69108"
"RC ESTE","GANDIA PORT","69109"
"RC ESTE","GANDIA","69110"
"RC ESTE","PLATJA I GRAU DE GANDIA (APD)","69111"
"RC ESTE","XIRIVELLA-L'ALTER (APD)","69200"
"RC ESTE","MANISES","69202"
"RC CENTRO","VALLECAS-INDUSTRIAL","70001"
"RC CENTRO","ASAMBLEA MADRID-ENTREVIAS (APD)","70002"
"RC CENTRO","EL POZO (APD)","70003"
"RC CENTRO","CAMBIADOR ATOCHA","70004"
"RC CENTRO","VALLECAS (APD)","70005"
"RC CENTRO","VICALVARO","70100"
"RC CENTRO","SAN FERNANDO DE HENARES","70101"
"RC CENTRO","TORREJON DE ARDOZ","70102"
"RC CENTRO","ALCALA DE HENARES","70103"
"RC CENTRO","MECO","70104"
"RC CENTRO","AZUQUECA","70105"
"","BASE AEREA DE TORREJON","70106"
"RC CENTRO","ALCALA DE H.-UNIVERSIDAD (APD)","70107"
"RC CENTRO","COSLADA","70108"
"RC CENTRO","SANTA EUGENIA (APD)","70109"
"RC CENTRO","TORREJON CARGAS (CGD)","70110"
"RC CENTRO","LA GARENA (APD)","70111"
"RC CENTRO","GUADALAJARA","70200"
"RC CENTRO","YUNQUERA DE HENARES","70202"
"RC CENTRO","MALUQUE (APD)","70203"
"RC CENTRO","HUMANES DE MOHERNANDO","70204"
"RC CENTRO","KM. 82.1","70205"
"RC CENTRO","KM. 87.9","70206"
"RC CENTRO","ESPINOSA DE HENARES","70207"
"RC CENTRO","CARRASCOSA DE HENARES (APD)","70208"
"RC CENTRO","JADRAQUE","70209"
"RC CENTRO","MATILLAS","70210"
"RC CENTRO","BAIDES","70300"
"RC CENTRO","SIGÜENZA","70302"
"RC CENTRO","ALCUNEZA (APD)","70303"
"RC CENTRO","HORNA (APD)","70304"
"RC CENTRO","TORRALBA","70400"
"RC CENTRO","MEDINACELI","70401"
"RC CENTRO","KM. 175.0","70402"
"RC CENTRO","ARCOS DE JALON","70403"
"RC CENTRO","SANTA MARIA DE HUERTA","70404"
"RC NORESTE","MONREAL DE ARIZA (APD)","70405"
"RC NORESTE","ARIZA","70500"
"RC NORESTE","CETINA (APD)","70501"
"RC NORESTE","ALHAMA DE ARAGON","70502"
"RC NORESTE","BUBIERCA (APD)","70503"
"RC NORESTE","ATECA (APD)","70504"
"RC NORESTE","TERRER (APD)","70505"
"RC NORESTE","CALATAYUD","70600"
"RC NORESTE","EMBID DE LA RIBERA","70601"
"RC NORESTE","EMBID DE JALON (APD)","70602"
"RC NORESTE","PARACUELLOS-SAVIÑAN","70603"
"RC NORESTE","SAVIÑAN (APD)","70604"
"RC NORESTE","MORES","70605"
"RC NORESTE","PURROY (APD)","70606"
"RC NORESTE","MORATA DE JALON","70607"
"RC NORESTE","CANTERA DE PURROY (CGD)","70608"
"RC NORESTE","RICLA-LA ALMUNIA","70700"
"RC NORESTE","CALATORAO (APD)","70701"
"RC NORESTE","SALILLAS DE JALON (APD)","70702"
"RC NORESTE","EPILA","70703"
"RC NORESTE","RUEDA DE JALON-LUMPIAQUE (APD)","70704"
"RC NORESTE","PLASENCIA DE JALON (APD)","70705"
"RC NORESTE","GRISEN","70706"
"RC NORESTE","PINSEQUE (APD)","70707"
"RC NORESTE","CAMBIADOR PLASENCIA DE JALON","70715"
"RC NORESTE","CASETAS","70800"
"RC NORESTE","UTEBO (APD)","70801"
"RC NORESTE","C.I.M. DE ZARAGOZA","70803"
"RC NORESTE","RIO HUERVA","70804"
"RC NORESTE","ZARAGOZA-PLAZA","70805"
"RC NORESTE","ZARAGOZA-PORTILLO","70806"
"RED DE ALTA VELOCIDAD (RAV)","CAMBIADOR ZARAGOZA-DELICIAS","70899"
"RC NORESTE","ZARAGOZA-EL PORTILLO","71000"
"RC NORESTE","MIRAFLORES","71100"
"RC NORESTE","LA CARTUJA","71101"
"RC NORESTE","EL BURGO DE EBRO (APD)","71102"
"RC NORESTE","FUENTES DE EBRO","71103"
"RC NORESTE","PINA (APD)","71104"
"RC NORESTE","QUINTO","71105"
"RC NORESTE","KM.  386.7","71106"
"RC NORESTE","LA ZAIDA-SASTAGO","71108"
"RC NORESTE","AZAILA (APD)","71109"
"RC NORESTE","EL ESPARTAL (CGD)","71121"
"RC NORESTE","LA PUEBLA DE HIJAR","71200"
"RC NORESTE","SAMPER","71201"
"RC NORESTE","ESCATRON","71202"
"RC NORESTE","CHIPRANA","71203"
"RC NORESTE","CASPE","71204"
"RC NORESTE","VAL DE PILAS","71205"
"RC NORESTE","FABARA","71206"
"RC NORESTE","NONASPE","71207"
"RC NORESTE","FAIO-LA POBLA DE MASSALUCA","71208"
"RC NORESTE","RIBA-ROJA D'EBRE","71209"
"RC NORESTE","FLIX","71210"
"RC NORESTE","ASCO","71211"
"RC NORESTE","MORA LA NOVA","71300"
"RC NORESTE","ELS GUIAMETS","71301"
"RC NORESTE","CAPÇANES (APD)","71302"
"RC NORESTE","MARÇA-FALSET","71303"
"RC NORESTE","PRADELL","71304"
"RC NORESTE","DUESAIGÜES-L'ARGENTERA (APD)","71305"
"RC NORESTE","RIUDECANYES-BOTARELL","71306"
"RC NORESTE","LES BORGES DEL CAMP","71307"
"RC NORESTE","REUS","71400"
"RC NORESTE","VILA-SECA (APD)","71401"
"RC NORESTE","TARRAGONA-MERCADERIES","71403"
"RC NORESTE","TARRAGONA","71500"
"RC NORESTE","ALTAFULLA-TAMARIT","71502"
"RC NORESTE","TORREDEMBARRA","71503"
"RC NORESTE","TARRAGONA PORT","71504"
"RC NORESTE","SANT VICENÇ DE CALDERS","71600"
"RC NORESTE","CALAFELL (APD)","71601"
"RC NORESTE","SEGUR DE CALAFELL (APD)","71602"
"RC NORESTE","CUNIT","71603"
"RC NORESTE","CUBELLES (APD)","71604"
"RC NORESTE","VILANOVA I LA GELTRU","71700"
"RC NORESTE","SITGES","71701"
"RC NORESTE","VALLCARCA (APD)","71702"
"RC NORESTE","GARRAF","71703"
"RC NORESTE","PLATJA DE CASTELLDEFELS (APD)","71704"
"RC NORESTE","CASTELLDEFELS","71705"
"RC NORESTE","GAVA","71706"
"RC NORESTE","EL PRAT DE LLOBREGAT","71707"
"RC NORESTE","BELLVITGE-GORNAL","71708"
"RC NORESTE","VILADECANS (APD)","71709"
"RC NORESTE","BARCELONA-SANTS","71801"
"RC NORESTE","BARNA.-PASSEIG DE GRACIA (APD)","71802"
"RC NORESTE","BARCELONA-CAN TUNIS","71901"
"RC NORESTE","BARCELONA-MORROT","71902"
"RC NORESTE","RIU LLOBREGAT","71908"
"RC NORESTE","EL MORELL (APD)","72001"
"RC NORESTE","LA SECUITA-PERAFORT (APD)","72002"
"RC NORESTE","EL CATLLAR (APD)","72003"
"RC NORESTE","LA RIERA DE GAIA (APD)","72004"
"RC NORESTE","LA POBLA DE MONTORNES (APD)","72005"
"RC NORESTE","CONSTANTI","72006"
"RC NORESTE","RODA DE BARA","72100"
"RC NORESTE","RODA DE MAR (APD)","72101"
"RC NORESTE","EL VENDRELL","72201"
"RC NORESTE","L'ARBOÇ","72202"
"RC NORESTE","ELS MONJOS","72203"
"RC NORESTE","VILAFRANCA DEL PENEDES","72204"
"RC NORESTE","LA GRANADA","72205"
"RC NORESTE","LAVERN-SUBIRATS (APD)","72206"
"RC NORESTE","SANT SADURNI D'ANOIA","72207"
"RC NORESTE","GELIDA (APD)","72208"
"RC NORESTE","MARTORELL CENTRAL","72209"
"RC NORESTE","CASTELLBISBAL","72210"
"RC NORESTE","EL PAPIOL (APD)","72211"
"RC NORESTE","MARTORELL-SEAT","72212"
"RC NORESTE","MOLINS DE REI","72300"
"RC NORESTE","SANT FELIU DE LLOBREGAT","72301"
"RC NORESTE","SANT JOAN DESPI (APD)","72302"
"RC NORESTE","CORNELLA","72303"
"RC NORESTE","SANT ILDEFONS DE CORNELLA (APD)","72304"
"RC NORESTE","L'HOSPITALET DE LLOBREGAT","72305"
"RC NORESTE","AEROPORT","72400"
"RC NORESTE","RUBI CAN VALLHONRAT","72501"
"RC NORESTE","SANT CUGAT COLL FAVA (APD)","72502"
"RC NORESTE","CERDANYOLA UNIVERSITAT","72503"
"RC NORESTE","PUIGVERD DE LLEIDA-ARTESA","73001"
"RC NORESTE","JUNEDA","73002"
"RC NORESTE","LES BORGES BLANQUES","73003"
"RC NORESTE","LA FLORESTA (APD)","73004"
"RC NORESTE","VINAIXA","73005"
"RC NORESTE","VIMBODI I POBLET (APD)","73006"
"RC NORESTE","L'ESPLUGA DE FRANCOLI","73007"
"RC NORESTE","MONTBLANC","73008"
"RC NORESTE","VILAVERD","73009"
"RC NORESTE","LA RIBA (APD)","73010"
"RC NORESTE","CAMBIADOR LLEIDA","73020"
"RC NORESTE","CANAL D'URGELL","73021"
"RC NORESTE","RIU MILANS","73022"
"RC NORESTE","LA PLANA-PICAMOIXONS","73100"
"RC NORESTE","ALCOVER","73101"
"RC NORESTE","LA SELVA DEL CAMP (APD)","73102"
"RC NORESTE","BASE DE ALCOVER","73110"
"RC NORESTE","HUESCA - CAMBIADOR DE ANCHO","74199"
"RC NORESTE","HUESCA","74200"
"RC NORESTE","HOYA DE HUESCA","74201"
"RC NORESTE","PLASENCIA DEL MONTE (APD)","74202"
"RC NORESTE","AYERBE","74204"
"RC NORESTE","RIGLOS-CONCILIO (APD)","74205"
"RC NORESTE","RIGLOS (APD)","74206"
"RC NORESTE","SANTA MARIA Y LA PEÑA","74207"
"RC NORESTE","ANZANIGO (APD)","74208"
"RC NORESTE","CALDEARENAS-AQUILUE (APD)","74209"
"RC NORESTE","ORNA DE GALLEGO (APD)","74210"
"RC NORESTE","SABIÑANIGO","74211"
"RC NORESTE","KM. 103.9","74212"
"RC NORESTE","JACA","74213"
"RC NORESTE","CASTIELLO-PUEBLO (APD)","74214"
"RC NORESTE","CASTIELLO (APD)","74215"
"RC NORESTE","VILLANUA (APD)","74216"
"RC NORESTE","CANFRANC","74217"
"RC NORESTE","ALCOLETGE (APD)","75101"
"RC NORESTE","VILANOVA DE LA BARCA (APD)","75102"
"RC NORESTE","TERMENS (APD)","75103"
"RC NORESTE","VALLFOGONA DE BALAGUER (APD)","75104"
"RC NORESTE","BALAGUER","75105"
"RC NORESTE","GERB (APD)","75106"
"RC NORESTE","SANT LLORENÇ DE MONTGAI (APD)","75107"
"RC NORESTE","VILANOVA DE LA SAL (APD)","75108"
"RC NORESTE","SANTA LINYA (APD)","75109"
"RC NORESTE","AGER (APD)","75110"
"RC NORESTE","CELLERS-LLIMIANA (APD)","75111"
"RC NORESTE","GUARDIA DE TREMP (APD)","75112"
"RC NORESTE","PALAU DE NOGUERA (APD)","75113"
"RC NORESTE","TREMP","75114"
"RC NORESTE","SALAS DE PALLARS (APD)","75115"
"RC NORESTE","LA POBLA DE SEGUR","75116"
"RC NORESTE","SALOMO","76001"
"RC NORESTE","VILABELLA (APD)","76002"
"RC NORESTE","NULLES-BRAFIM (APD)","76003"
"RC NORESTE","VALLS","76004"
"RC NORESTE","KM. 10,572","77001"
"RC NORESTE","MONTCADA-RIPOLLET","77002"
"RC NORESTE","STA PPTUA DE MOGODA LA FLORIDA (APD","77003"
"RC NORESTE","MOLLET-SANTA ROSA","77004"
"RC NORESTE","PARETS DEL VALLES","77005"
"RC NORESTE","GRANOLLERS-CANOVELLES","77006"
"RC NORESTE","LES FRANQUESES DEL VALLES","77100"
"RC NORESTE","KM. 33,700","77101"
"RC NORESTE","LA GARRIGA","77102"
"RC NORESTE","FIGARO","77103"
"RC NORESTE","SANT MARTI DE CENTELLES","77104"
"RC NORESTE","CENTELLES","77105"
"RC NORESTE","BALENYA-ELS HOSTALETS (APD)","77106"
"RC NORESTE","BALENYA-TONA-SEVA","77107"
"RC NORESTE","KM. 63,094","77108"
"RC NORESTE","VIC","77109"
"RC NORESTE","MANLLEU","77110"
"RC NORESTE","TORELLO","77111"
"RC NORESTE","BORGONYA (APD)","77112"
"RC NORESTE","SANT QUIRZE DE BESORA-MONT.","77113"
"RC NORESTE","LA FARGA DE BEBIE (APD)","77114"
"RC NORESTE","RIPOLL","77200"
"RC NORESTE","CAMPDEVANOL (APD)","77301"
"RC NORESTE","KM. 10,865","77302"
"RC NORESTE","RIBES DE FRESER","77303"
"RC NORESTE","PLANOLES","77304"
"RC NORESTE","TOSES (APD)","77305"
"RC NORESTE","LA MOLINA","77306"
"RC NORESTE","URTX-ALP (APD)","77307"
"RC NORESTE","KM. 44,690","77308"
"RC NORESTE","PUIGCERDA","77309"
"RC NORESTE","LA TOUR DE CAROL-ENVEIGT","77310"
"RC NORESTE","ZARAGOZA-ARRABAL","78002"
"RC NORESTE","SAN JUAN DE MOZARRIFAR","78004"
"RC NORESTE","VILLANUEVA DE GALLEGO","78005"
"RC NORESTE","SAN GREGORIO","78006"
"RC NORESTE","ZARAGOZA-CORBERA ALTA","78007"
"RC NORESTE","ZUERA","78100"
"RC NORESTE","ALMUDEVAR","78102"
"RC NORESTE","TARDIENTA","78200"
"RC NORESTE","GRAÑEN","78201"
"RC NORESTE","MARCEN-POLIÑINO","78202"
"RC NORESTE","SARIÑENA","78203"
"RC NORESTE","TORMILLO-LASTANOSA","78204"
"RC NORESTE","SELGUA","78300"
"RC NORESTE","MONZON-RIO CINCA","78301"
"RC NORESTE","BINEFAR","78302"
"RC NORESTE","TAMARITE-ALTORRICON","78303"
"RC NORESTE","ALMACELLES","78304"
"RC NORESTE","RAIMAT","78305"
"RC NORESTE","LLEIDA-PIRINEUS","78400"
"RC NORESTE","PLA DE VILANOVETA","78401"
"RC NORESTE","BELL-LLOC D'URGELL","78402"
"RC NORESTE","MOLLERUSSA","78403"
"RC NORESTE","GOLMES (APD)","78404"
"RC NORESTE","CASTELLNOU DE SEANA (APD)","78405"
"RC NORESTE","BELLPUIG (APD)","78406"
"RC NORESTE","ANGLESOLA (APD)","78407"
"RC NORESTE","TARREGA","78408"
"RC NORESTE","CERVERA","78500"
"RC NORESTE","SANT GUIM DE FREIXENET (APD)","78501"
"RC NORESTE","SANT MARTI SESGUEIOLES (APD)","78502"
"RC NORESTE","CALAF","78503"
"RC NORESTE","SEGUERS-S.P.SALLAVINERA(APD)","78504"
"RC NORESTE","AGUILAR DE SEGARRA (APD)","78505"
"RC NORESTE","RAJADELL (APD)","78506"
"RC NORESTE","MANRESA","78600"
"RC NORESTE","KM. 305,022","78602"
"RC NORESTE","CASTELLGALI (APD)","78603"
"RC NORESTE","SANT VICENÇ DE CASTELLET","78604"
"RC NORESTE","CASTELLBELL I EL VILAR-M.","78605"
"RC NORESTE","VACARISSES (APD)","78606"
"RC NORESTE","VACARISSES-TORREBLANCA (APD)","78607"
"RC NORESTE","KM. 324,800","78608"
"RC NORESTE","VILADECAVALLS (APD)","78609"
"RC NORESTE","SANT MIQUEL DE GONTERES (APD)","78610"
"RC NORESTE","TERRASSA ESTACIO DEL NORD","78700"
"RC NORESTE","TORREBONICA (APD)","78701"
"RC NORESTE","KM. 338,940","78702"
"RC NORESTE","SABADELL SUD","78703"
"RC NORESTE","SABADELL CENTRE (APD)","78704"
"RC NORESTE","BARBERA DEL VALLES (APD)","78705"
"RC NORESTE","CERDANYOLA DEL VALLES","78706"
"RC NORESTE","MONTCADA I REIXAC-STA. MARIA (APD)","78707"
"RC NORESTE","MONTCADA I REIXAC-MANRESA (APD)","78708"
"RC NORESTE","SABADELL NORD (APD)","78709"
"RC NORESTE","TERRASSA EST (APD)","78710"
"RC NORESTE","MONTCADA-BIFURCACIO","78800"
"RC NORESTE","TORRE BARO-VALLBONA (APD)","78801"
"RC NORESTE","FABRA I PUIG","78802"
"RC NORESTE","ARC DE TRIOMF (APD)","78804"
"RC NORESTE","PLAÇA DE CATALUNYA","78805"
"RC NORESTE","COGULLADA","78902"
"RC NORESTE","LA SAGRERA","79002"
"RC NORESTE","SANT ANDREU","79004"
"RC NORESTE","MONTCADA I REIXAC","79005"
"RC NORESTE","MOLLET-SANT FOST","79006"
"RC NORESTE","MONTMELO (APD)","79007"
"RC NORESTE","MONTORNES-BUTANO","79008"
"RC NORESTE","EL CLOT (APD)","79009"
"RC NORESTE","LA LLAGOSTA","79011"
"RC NORESTE","GRANOLLERS-CENTRE","79100"
"RC NORESTE","CARDEDEU","79101"
"RC NORESTE","LLINARS DEL VALLES","79102"
"RC NORESTE","PALAUTORDERA (APD)","79103"
"RC NORESTE","SANT CELONI","79104"
"RC NORESTE","GUALBA (APD)","79105"
"RC NORESTE","RIELLS I VIABREA-BREDA","79106"
"RC NORESTE","HOSTALRIC (APD)","79107"
"RC NORESTE","GRANOLLERS CONTENEDORES","79108"
"RC NORESTE","L.FRANQUE.-GRANOLL.NORD(APD)","79109"
"RC NORESTE","MAÇANET-MASSANES","79200"
"RC NORESTE","SILS (APD)","79202"
"RC NORESTE","CALDES DE MALAVELLA","79203"
"RC NORESTE","RIUDELLOTS (APD)","79204"
"RC NORESTE","FORNELLS DE LA SELVA (APD)","79205"
"RC NORESTE","GIRONA-MERCADERIES","79206"
"RC NORESTE","GIRONA","79300"
"RC NORESTE","CELRA (APD)","79301"
"RC NORESTE","BORDILS-JUIA (APD)","79302"
"RC NORESTE","FLAÇA","79303"
"RC NORESTE","SANT JORDI DESVALLS (APD)","79304"
"RC NORESTE","CAMALLERA (APD)","79305"
"RC NORESTE","SANT MIQUEL DE FLUVIA","79306"
"RC NORESTE","VILAMALLA","79308"
"RC NORESTE","FIGUERES","79309"
"RC NORESTE","VILAJUIGA (APD)","79311"
"RC NORESTE","LLANÇA","79312"
"RC NORESTE","KM. 269,030","79313"
"RC NORESTE","COLERA (APD)","79314"
"RC NORESTE","PORTBOU","79315"
"RC NORESTE","CERBERE","79316"
"RC NORESTE","PORTBOU/CERBERE","79317"
"RC NORESTE","CAMBIADOR PORTBOU","79318"
"RC NORESTE","BARNA.-EST. DE FRANÇA","79400"
"RC NORESTE","SANT ADRIA DE BESOS (APD)","79403"
"RC NORESTE","BADALONA","79404"
"RC NORESTE","MONTGAT","79405"
"RC NORESTE","MONTGAT-NORD (APD)","79406"
"RC NORESTE","EL MASNOU","79407"
"RC NORESTE","OCATA (APD)","79408"
"RC NORESTE","PREMIA DE MAR (APD)","79409"
"RC NORESTE","VILASSAR DE MAR","79410"
"RC NORESTE","CABRERA DE MAR-V. DE MAR (APD)","79412"
"RC NORESTE","MATARO","79500"
"RC NORESTE","S. ANDREU DE LLAVANERES (APD)","79501"
"RC NORESTE","CALDES D'ESTRAC (APD)","79502"
"RC NORESTE","ARENYS DE MAR","79600"
"RC NORESTE","CANET DE MAR","79601"
"RC NORESTE","SANT POL DE MAR","79602"
"RC NORESTE","CALELLA","79603"
"RC NORESTE","PINEDA DE MAR","79604"
"RC NORESTE","MALGRAT DE MAR","79605"
"RC NORESTE","BLANES","79606"
"RC NORESTE","TORDERA (APD)","79607"
"RC NORESTE","SANTA SUSANNA (APD)","79608"
"RC NORTE","ALTSASU-PUEBLO (APD)","80001"
"RC NORTE","BAKAIKU-BACAICOA (APD)","80002"
"RC NORTE","ETXARRI-ARANATZ","80003"
"RC NORTE","LAKUNTZA (APD)","80004"
"RC NORTE","UHARTE-ARAKIL","80005"
"RC NORTE","H.ARAKIL-VILLANUEVA DE A.(APD)","80006"
"RC NORTE","IZURDIAGA-IRURTZUN","80007"
"RC NORTE","ZUASTI","80008"
"RC NORTE","PAMPLONA","80100"
"RC NORTE","LANDABEN (CGD)","80101"
"RC NORTE","CIZURMAYOR (APD)","80102"
"RC NORTE","NOAIN","80103"
"RC NORTE","BIURRUN-CAMPANAS","80104"
"RC NORTE","CARRASCAL","80105"
"RC NORTE","GARINOAIN","80106"
"RC NORTE","TAFALLA","80108"
"RC NORTE","OLITE-ERRIBERRI","80109"
"RC NORTE","PITILLAS (APD)","80111"
"RC NORTE","CAPARROSO","80113"
"RC NORTE","MARCILLA DE NAVARRA","80114"
"RC NORTE","VILLAFRANCA DE NAVARRA","80115"
"RC NORTE","MILAGRO (APD)","80116"
"RC NORTE","SAN FELICES","81001"
"RC NORTE","HARO","81002"
"RC NORTE","BRIONES","81003"
"RC NORTE","SAN ASENSIO","81004"
"RC NORTE","CENICERO","81005"
"RC NORTE","FUENMAYOR","81006"
"RC NORTE","KM. 95,2","81008"
"RC NORTE","MATAGON (CGD)","81009"
"RC NORTE","CENICERO-SAN ISIDRO (APD)","81010"
"RC NORTE","HARO-EL PARDO (APD)","81011"
"RC NORTE","LOGROÑO","81100"
"RC NORTE","RECAJO","81101"
"RC NORTE","AGONCILLO (APD)","81102"
"RC NORTE","ARRUBAL","81103"
"RC NORTE","ALCANADRE","81105"
"RC NORTE","FECULAS-NAVARRA","81106"
"RC NORTE","LODOSA","81107"
"RC NORTE","CALAHORRA","81108"
"RC NORTE","RINCON DE SOTO","81109"
"RC NORTE","ALFARO","81110"
"RC NORTE","CASTEJON DE EBRO","81200"
"RC NORTE","TUDELA DE NAVARRA","81202"
"RC NORTE","RIBAFORADA","81203"
"RC NORTE","BUÑUEL (APD)","81204"
"RC NORTE","CORTES DE NAVARRA","81205"
"RC NORESTE","GALLUR (APD)","81206"
"RC NORESTE","LUCENI","81207"
"RC NORESTE","PEDROLA (APD)","81208"
"RC NORESTE","CABAÑAS DE EBRO","81209"
"RC NORESTE","ALAGON","81210"
"RC NORESTE","LA JOYOSA-TORRES (APD)","81211"
"RC CENTRO","SORIA","82100"
"RC NORTE","VILLALONQUEJAR (CGD)","82220"
"RC CENTRO","KM. 8.4","83001"
"RC CENTRO","OLVEGA (APD)","83006"
"RC CENTRO","AGREDA","83007"
"RC NORTE","CERVERA DEL RIO ALHAMA","83009"
"RC NORTE","KM. 85.0","83010"
"RC NORTE","CINTRUENIGO","83011"
"RC NORTE","CORELLA (APD)","83012"
"RC CENTRO","KM. 8.4","84001"
"RC CENTRO","KM. 18.6","84002"
"RC CENTRO","ADRADAS (APD)","84003"
"RC CENTRO","COSCURITA (APD)","84100"
"RC CENTRO","ALMAZAN-VILLA","84101"
"RC CENTRO","TARDELCUENDE (APD)","84103"
"RC CENTRO","QUINTANA REDONDA (APD)","84104"
"RC CENTRO","KM. 83.3","84105"
"RC NORTE","ARANDA DE DUERO-CHELVA(CGD.)","85200"
"RC NORTE","LA CARRERA (CGD)","85214"
"RC NORTE","VALLADOLID-LA ESPERANZA (CGD)","85215"
"RC CENTRO","ASLAND (CGD)","91001"
"RC CENTRO","VILLALUENGA-ASLAND","91002"
"RC CENTRO","VILLAMEJOR (APD)","92001"
"RED DE ALTA VELOCIDAD (RAV)","TOLEDO","92102"
"RC CENTRO","AZUER","94001"
"RC CENTRO","DAIMIEL","94002"
"RC CENTRO","EL CAMPILLO","94003"
"RC CENTRO","ALMAGRO","94004"
"RC CENTRO","CIUDAD REAL-MIGUELTURRA","94005"
"RC CENTRO","POZUELO DE CALATRAVA","94006"
"RC CENTRO","VILLAVERDE-MERCANCIAS","95101"
"RC CENTRO","MADRID-ABROÑIGAL","95104"
"RC CENTRO","BIF. CHAMARTIN-AGUJA KM. 18,6","97018"
"RC CENTRO","PITIS","97100"
"RC CENTRO","FUENCARRAL-FUENTE GRANDE","97101"
"RC CENTRO","EL TEJAR (APD)","97103"
"RC CENTRO","RAMON Y CAJAL (APD)","97201"
"RC CENTRO","HORTALEZA","98001"
"RC CENTRO","FUENTE DE LA MORA (APD)","98003"
"RC CENTRO","O'DONNELL","98100"
"RC CENTRO","VICALVARO-MERCANCIAS","98201"
"RC CENTRO","VICALVARO MERC-PTO. SECO (CGD)","98222"
"RC CENTRO","VALDEBEBAS (APD)","98304"
"RC CENTRO","AEROPUERTO-T4","98305"
"RC NORESTE","MONTAGUT (CGD)","99501"
"RED DE ALTA VELOCIDAD (RAV)","BIF. JESUS-AGUJA KM. 396,7","A0320"
"RC NOROESTE","CERCEDA-MEIRAMA-AG. KM. 0,729","A3140"
"RC SUR","MARIA ZAMBRANO-AGUJA KM. 0,775","A5451"
"RC ESTE","ALBACETE-AGUJA KM. 279,4","A6060"
"RC ESTE","BIF. JOAQUIN SOROLLA-IBERICO","A6420"
"RC NORESTE","CASTELLBISBAL-AGUJAS LLOBREGAT","A7190"
"RC NORESTE","CASTELLBISBAL-AGUJAS RUBI","A7220"
"RC NORESTE","CASTELLBISBAL-AGUJAS MOLINS","A7229"
"RED DE ALTA VELOCIDAD (RAV)","BIF. ALBACETE","B0320"
"RED DE ALTA VELOCIDAD (RAV)","BIF. XATIVA","B0321"
"RED DE ALTA VELOCIDAD (RAV)","BIF. TARRAGONA","B4400"
"RC ESTE","BIF. VILASECA","B4401"
"RC NORESTE","BIF. SAGRERA","B7900"
"RC SUR","KM 143,513","C0300"
"RED DE ALTA VELOCIDAD (RAV)","KM. 38,166","C0320"
"RED DE ALTA VELOCIDAD (RAV)","KM. 51,492","C0321"
"RED DE ALTA VELOCIDAD (RAV)","KM. 56,664","C0322"
"RED DE ALTA VELOCIDAD (RAV)","KM. 63,147","C0323"
"RED DE ALTA VELOCIDAD (RAV)","KM. 77,354","C0326"
"RED DE ALTA VELOCIDAD (RAV)","KM. 79,728","C0327"
"RED DE ALTA VELOCIDAD (RAV)","KM. 284,123","C0328"
"RED DE ALTA VELOCIDAD (RAV)","KM. 290,083","C0329"
"RED DE ALTA VELOCIDAD (RAV)","KM. 293,655","C0330"
"RED DE ALTA VELOCIDAD (RAV)","KM. 295,909","C0331"
"RED DE ALTA VELOCIDAD (RAV)","KM. 298,526","C0332"
"RED DE ALTA VELOCIDAD (RAV)","KM. 303,870","C0333"
"RED DE ALTA VELOCIDAD (RAV)","KM. 383,745","C0335"
"RED DE ALTA VELOCIDAD (RAV)","KM. 389,958","C0338"
"RED DE ALTA VELOCIDAD (RAV)","KM. 391,323","C0339"
"RED DE ALTA VELOCIDAD (RAV)","KM. 392,087","C0340"
"RED DE ALTA VELOCIDAD (RAV)","KM. 393,656","C0341"
"RED DE ALTA VELOCIDAD (RAV)","KM. 394,360","C0342"
"RED DE ALTA VELOCIDAD (RAV)","KM. 395,081","C0343"
"RED DE ALTA VELOCIDAD (RAV)","KM. 395,179","C0344"
"RED DE ALTA VELOCIDAD (RAV)","KM. 395,291","C0345"
"RED DE ALTA VELOCIDAD (RAV)","KM. 396,555","C0346"
"RED DE ALTA VELOCIDAD (RAV)","KM. 316,566","C0350"
"RED DE ALTA VELOCIDAD (RAV)","KM. 320,174","C0351"
"RC CENTRO","KM. 144,6","C1044"
"RC NOROESTE","CAMBIO DE TENSION","C2300"
"RC NOROESTE","KM. 006,2","C3142"
"RC ESTE","KM. 318,1","C6072"
"RC NORESTE","KM. 111.7","C7900"
"RED DE ALTA VELOCIDAD (RAV)","VALDEMORO-A. V.","03201"
"RED DE ALTA VELOCIDAD (RAV)","CANAL DEL MANZANARES","03202"
"RED DE ALTA VELOCIDAD (RAV)","VILLARRUBIA DE SANTIAGO-A. V.","03203"
"RED DE ALTA VELOCIDAD (RAV)","SANTA CRUZ DE LA ZARZA-A. V.","03204"
"RED DE ALTA VELOCIDAD (RAV)","TARANCON-A. V.","03205"
"RED DE ALTA VELOCIDAD (RAV)","CAMPOS DEL PARAISO","03206"
"RED DE ALTA VELOCIDAD (RAV)","HORCAJADA","03207"
"RED DE ALTA VELOCIDAD (RAV)","CUENCA - FERNANDO ZOBEL","03208"
"RED DE ALTA VELOCIDAD (RAV)","MONTEAGUDO DE LAS SALINAS","03209"
"RED DE ALTA VELOCIDAD (RAV)","INIESTA","03210"
"RED DE ALTA VELOCIDAD (RAV)","MINGLANILLA","03211"
"RED DE ALTA VELOCIDAD (RAV)","CAUDETE DE LAS FUENTES","03212"
"RED DE ALTA VELOCIDAD (RAV)","REQUENA-UTIEL","03213"
"RED DE ALTA VELOCIDAD (RAV)","SIETE AGUAS-A. V.","03214"
"RED DE ALTA VELOCIDAD (RAV)","CHIVA-A. V.","03215"
"RED DE ALTA VELOCIDAD (RAV)","VALENCIA-JOAQUIN SOROLLA","03216"
"RED DE ALTA VELOCIDAD (RAV)","CAMBIADOR VALENCIA","03217"
"RED DE ALTA VELOCIDAD (RAV)","POZORRUBIELOS","03300"
"RED DE ALTA VELOCIDAD (RAV)","TARAZONA","03301"
"RED DE ALTA VELOCIDAD (RAV)","LA GINETA-A. V.","03302"
"RED DE ALTA VELOCIDAD (RAV)","CAMBIADOR ALBACETE","03303"
"RED DE ALTA VELOCIDAD (RAV)","ESTACION CENTRAL REUS","04400"
"RED DE ALTA VELOCIDAD (RAV)","CAMBIADOR REUS","04401"
"RC ESTE","CAMBRILS (APD)","04402"
"RC ESTE","MONT-ROIG DEL CAMP","04403"
"RC ESTE","L'HOSPITALET-VANDELLOS","04404"
"RC NOROESTE","CERCEDA-MEIRAMA","31416"
"RC SUR","GARROVILLA-LAS VEGAS (APD)","37611"
"RC ESTE","CANALS","64008"
"RC ESTE","VALENCIA-PUERTO NORTE","65016"
"RC ESTE","VALENCIA-PUERTO SUR","65017"
"RC NORESTE","RIERA DE RUBI","72504"
"RC NORESTE","BELLATERRA","72505"
"RC NORESTE","RIERA DE CALDES","72506"
"RC NORESTE","BIF. NUDO MOLLET","72507"
"RED DE ALTA VELOCIDAD (RAV)","AG. KM. 641,5","79001"
"RED DE ALTA VELOCIDAD (RAV)","AGUJA KM. 645,0","79003"
"RED DE ALTA VELOCIDAD (RAV)","BIF. GIRONA-MERCANCIAS","79010"
"RC NORESTE","P.K.644,6","79012"
"RC NORESTE","RIU TER","79319"
"RC NORESTE","RIU FLUVIA","79320"
"RC SUR","VALENCINA-SANTIPONCE","43026"
"RC SUR","SALTERAS","43027"
"RC SUR","BENACAZON","43005"
"RC SUR","SANLUCAR LA MAYOR (APD)","43004"
"RED DE ALTA VELOCIDAD (RAV)","AGS KM 29,0","A0901"
"RED DE ALTA VELOCIDAD (RAV)","AGS KM 85,0","A0902"
"RC NOROESTE","BIF. PAJARES","B0820"
"RC SUR","BIF. CHICLANA","B5143"
"RED DE ALTA VELOCIDAD (RAV)","KM. 0,800","C0352"
"RED DE ALTA VELOCIDAD (RAV)","BANALIZACION KM. 5,903","C0353"
"RED DE ALTA VELOCIDAD (RAV)","P. T. LADO CHAMARTIN","C0354"
"RED DE ALTA VELOCIDAD (RAV)","P. T. LADO ATOCHA","C0355"
"RED DE ALTA VELOCIDAD (RAV)","KM. 8,399","C0356"
"RED DE ALTA VELOCIDAD (RAV)","KM. 11,150","C0357"
"RED DE ALTA VELOCIDAD (RAV)","KM. 11,450","C0358"
"RED DE ALTA VELOCIDAD (RAV)","KM. 12,353","C0359"
"RED DE ALTA VELOCIDAD (RAV)","KM. 14,474","C0360"
"RED DE ALTA VELOCIDAD (RAV)","BANALIZACION KM. 14,762","C0361"
"RED DE ALTA VELOCIDAD (RAV)","KM. 18,374","C0362"
"RED DE ALTA VELOCIDAD (RAV)","KM. 18,374","C0363"
"RED DE ALTA VELOCIDAD (RAV)","KM. 0,076","C0820"
"RED DE ALTA VELOCIDAD (RAV)","KM. 2,849","C0821"
"RED DE ALTA VELOCIDAD (RAV)","KM. 4,320","C0822"
"RC NOROESTE","B.S. TUNEL VEGA DE CIEGO","C0823"
"RC NOROESTE","B.N. TUNEL PICO DE SIERO","C0824"
"RED DE ALTA VELOCIDAD (RAV)","LIMITE LEON-ASTURIAS","C0825"
"RED DE ALTA VELOCIDAD (RAV)","KM. 30,545","C0826"
"RED DE ALTA VELOCIDAD (RAV)","KM. 34,966","C0827"
"RED DE ALTA VELOCIDAD (RAV)","KM. 40,089","C0828"
"RED DE ALTA VELOCIDAD (RAV)","KM. 42,036","C0829"
"RED DE ALTA VELOCIDAD (RAV)","KM. 43,361","C0830"
"RED DE ALTA VELOCIDAD (RAV)","KM. 44,850","C0831"
"RED DE ALTA VELOCIDAD (RAV)","KM. 46,538","C0832"
"RED DE ALTA VELOCIDAD (RAV)","KM. 48,868","C0833"
"RED DE ALTA VELOCIDAD (RAV)","KM. 49,300","C0834"
"RED DE ALTA VELOCIDAD (RAV)","KM. 49,400","C0835"
"RED DE ALTA VELOCIDAD (RAV)","KM. 49,460","C0836"
"RED DE ALTA VELOCIDAD (RAV)","KM. 49,480","C0837"
"RC SUR","KM. 26,5","C4330"
"RC SUR","S 1304","C5143"
"RC SUR","S 1305","C5144"
"RC SUR","S 1402","C5145"
"RC SUR","S 1401","C5146"
"RED DE ALTA VELOCIDAD (RAV)","LE SOLER","04312"
"RED DE ALTA VELOCIDAD (RAV)","LIMITE ADIF - LFPSA","04313"
"RED DE ALTA VELOCIDAD (RAV)","LIMITE TP FERRO - RFF","04314"
"RED DE ALTA VELOCIDAD (RAV)","LLERS","04315"
"RED DE ALTA VELOCIDAD (RAV)","SALTO DE CARNERO","04316"
"RED DE ALTA VELOCIDAD (RAV)","CAMBIADOR VILLAMURIEL","08201"
"RED DE ALTA VELOCIDAD (RAV)","PCA BECERRIL","08202"
"RC NOROESTE","VILLADA AV","08203"
"RED DE ALTA VELOCIDAD (RAV)","PCA LUENGOS","08204"
"RED DE ALTA VELOCIDAD (RAV)","CAMBIADOR VILECHA","08205"
"RC NORTE","INTXAURRONDO (APD)","11522"
"RC NOROESTE","GIJON-SANZ CRESPO","15410"
"RC CENTRO","CTT PARLA","37014"
"RC SUR","EL CAÑAMO (APD)","50704"
"RC SUR","PUENTE MELCHOR","51418"
"RC SUR","RIO ARILLO","51419"
"RC SUR","CHICLANA DE LA FRONTERA","51430"
"RC SUR","PARADA 1-I","51431"
"RC SUR","PARADA 2-I (APD)","51432"
"RC SUR","PARADA 3-I","51433"
"RC SUR","PARADA 4-I (APD)","51434"
"RC SUR","PARADA 5-I","51435"
"RC SUR","PARADA 6-I","51436"
"RC SUR","PARADA 7-I (APD)","51437"
"RC SUR","PARADA 8-I","51438"
"RC SUR","PARADA 1-II (APD)","51439"
"RC SUR","PARADA 2-II","51440"
"RC SUR","PARADA 3-II (APD)","51441"
"RC SUR","PARADA 4-II (APD)","51442"
"RC SUR","PARADA 5-II","51443"
"RC SUR","PARADA 6-II (APD)","51444"
"RC SUR","PARADA 7-II (APD)","51445"
"RC SUR","PARADA 8-II","51446"
"RC SUR","AGUJA KM. 8,5 (PB)","54527"
"RC ESTE","P.B. EL VILLAR","60706"
"RC NORESTE","LA SAGRERA-MERIDIANA (APD)","78806"
"RC NORESTE","P.K.643,0","79013"
"RED DE ALTA VELOCIDAD (RAV)","NUDO NORTE VALLADOLID","C0840"
"RED DE ALTA VELOCIDAD (RAV)","DUEÑAS","C0841"
"RED DE ALTA VELOCIDAD (RAV)","P. T. PALENCIA SUR","C0842"
"RED DE ALTA VELOCIDAD (RAV)","P. T. PALENCIA NORTE","C0843"
"RED DE ALTA VELOCIDAD (RAV)","PAREDES DE NAVA","C0844"
"RED DE ALTA VELOCIDAD (RAV)","VILLADA","C0845"
"RED DE ALTA VELOCIDAD (RAV)","SANTAS MARTAS","C0846"
"RED DE ALTA VELOCIDAD (RAV)","BANALIZACION ALMANSA","C6080"
"RED DE ALTA VELOCIDAD (RAV)","BIF. LA ENCINA","C6081"
"RED DE ALTA VELOCIDAD (RAV)","BIF. CAUDETE","C6082"
"RED DE ALTA VELOCIDAD (RAV)","BANALIZACION VILLENA","C6083"
"RED DE ALTA VELOCIDAD (RAV)","PAET VILLENA","C6084"
"RED DE ALTA VELOCIDAD (RAV)","BF. MURCIA","C6085"
"RED DE ALTA VELOCIDAD (RAV)","PAET MONFORTE DEL CID","C6086"
"RED DE ALTA VELOCIDAD (RAV)","ALICANTE A. V.","C6087"
"RC NORESTE","ZARAGOZA-GOYA (APD)","70807"
"RED DE ALTA VELOCIDAD (RAV)","KM 192,7","B0811"
"RED DE ALTA VELOCIDAD (RAV)","BIF. CAMBIADOR NORTE LEON","B0812"
"RC NOROESTE","CAMBIADOR AG. KM. 117,3","B1510"
"RC NOROESTE","CAMBIADOR AG. KM. 120,6","B1512"
"RED DE ALTA VELOCIDAD (RAV)","CAMBIADOR SUR LEON","C0850"
"RED DE ALTA VELOCIDAD (RAV)","CAMBIADOR NORTE LEON","C0851"
"RC NOROESTE","BIF. COTO DA TORRE","B0860"
"RC NOROESTE","BIF. A GRANDEIRA AG. KM. 85,0","B0861"
"RC NOROESTE","BIF. A GRANDEIRA AG. KM. 376,1","B0862"
"RED DE ALTA VELOCIDAD (RAV)","KM. 2,903","C0860"
"RED DE ALTA VELOCIDAD (RAV)","KM. 6,094","C0861"
"RED DE ALTA VELOCIDAD (RAV)","O IRIXO-A. V.","C0862"
"RED DE ALTA VELOCIDAD (RAV)","KM. 84,230","C0863"
"RED DE ALTA VELOCIDAD (RAV)","KM. 85,263","C0864"
"RC CENTRO","HORTALEZA-AGUJA KM. 2,948","A9800"
"RC CENTRO","KM. 5,850","C9830"
"RC ESTE","CHINCHILLA MONTEAR.AG.KM.298,4","B6100"
"RED DE ALTA VELOCIDAD (RAV)","O IRIXO-A. V.","08222"
"RED DE ALTA VELOCIDAD (RAV)","KM. 70.1","C0865"
"RED DE ALTA VELOCIDAD (RAV)","KM. 124,4","C4007"
"RED DE ALTA VELOCIDAD (RAV)","YELES AGUJA KM.34,397","A6000"
"RED DE ALTA VELOCIDAD (RAV)","BIF. BLANCALES","B0903"
"RED DE ALTA VELOCIDAD (RAV)","CAMBIO DE TENSION","C0866"
"RC NORTE","PALENCIA ARROYO VILLALOBON","15000"
"RC NOROESTE","BASE DE MONTAJE AV VILLADA(CGD)","15021"
"RC SUR","SAN JERONIMO (APD)","43000"
"RC CENTRO","FUENCARRAL-AGUJA KM 4,5","A1702"
"RC CENTRO","KM. 26,8","C1705"
"RC ESTE","KM. 188,494","C6704"
"RC NORTE","BIF. VILLAMURIEL DE CERRATO","B1401"
"RED DE ALTA VELOCIDAD (RAV)","KM. 723,735","C4324"
"RED DE ALTA VELOCIDAD (RAV)","BIF. SAN ANDREU COMTAL","B4302"
"RED DE ALTA VELOCIDAD (RAV)","PK. 643,000","C4325"
"RED DE ALTA VELOCIDAD (RAV)","PK. 644,600","C4326"
"RC NORTE","VALLADOLID-AG KM 252.3","B0600"
"RC NORTE","RIO PISUERGA","10611"
"","SRJ. KM. 90.600","A9910"
"","SRJ. KM. 93.400","A9911"
"RED DE ALTA VELOCIDAD (RAV)","KM. 713.196","C4340"
"RED DE ALTA VELOCIDAD (RAV)","KM. 715.514","C4341"
"RED DE ALTA VELOCIDAD (RAV)","KM. 723.735","C4342"
"","KM. 71.454","C9900"
"","KM. 75.507","C9901"
"","KM. 80.914","C9910"
"","KM. 82.849","C9911"
"","KM. 114.565","C9912"
"","KM. 429.893","C9920"
"","KM. 445.795","C9921"
"","MAKKAH CENTRAL","99900"
"","MAKKAH DEPOT","99901"
"","SIDING 1","99902"
"","CROSSOVER 1","99903"
"","JEDDAH CENTRAL","99910"
"","CROSSOVER 2","99911"
"","CROSSOVER 3","99912"
"","SIDING 2","99913"
"","CROSSOVER 4","99914"
"","K.A.E.C.","99920"
"","CROSSOVER 5","99921"
"","SIDING 3","99922"
"","CROSSOVER 6","99923"
"","SIDING 4","99924"
"","CROSSOVER 7","99925"
"","SIDING 5","99926"
"","CROSSOVER 8","99927"
"","SIDING 6","99928"
"","MADINAH - K.E.C.","99930"
"","K.A.I. AIRPORT","99940"
"RED DE ALTA VELOCIDAD (RAV)","BIF LA OLIVA","B0331"
"RED DE ALTA VELOCIDAD (RAV)","BIF AGUAVERDE","B0332"
"RED DE ALTA VELOCIDAD (RAV)","BIF. MURCIA","B0333"
"RED DE ALTA VELOCIDAD (RAV)","KM 329.427","C3300"
"RED DE ALTA VELOCIDAD (RAV)","KM 363.075","C3301"
"RED DE ALTA VELOCIDAD (RAV)","KM 398.621","C3302"
"RED DE ALTA VELOCIDAD (RAV)","KM 398.621","C3303"
"RED DE ALTA VELOCIDAD (RAV)","KM 426.135","C3304"
"RED DE ALTA VELOCIDAD (RAV)","KM 441.024","C3305"
"RED DE ALTA VELOCIDAD (RAV)","KM 473.509","C3306"
"RED DE ALTA VELOCIDAD (RAV)","KM 480.835","C3307"
"RED DE ALTA VELOCIDAD (RAV)","CHINCHILLA A.V.","03305"
"RED DE ALTA VELOCIDAD (RAV)","BONETE A.V.","03306"
"RED DE ALTA VELOCIDAD (RAV)","LAS CHOZAS","03307"
"RED DE ALTA VELOCIDAD (RAV)","CAUDETE A.V.","03308"
"RED DE ALTA VELOCIDAD (RAV)","VILLENA A.V.","03309"
"RED DE ALTA VELOCIDAD (RAV)","MONFORTE DEL CID A.V.","03310"
"RED DE ALTA VELOCIDAD (RAV)","BIF.MOLLET-AGUJA KM. 641,3","A4301"
"RED DE ALTA VELOCIDAD (RAV)","BIF.MOLLET-AG.KM.644.3","A4302"
"RED DE ALTA VELOCIDAD (RAV)","BIF. GIRONA-MERCADERIES","B4303"
"RC CENTRO","VICALVARO MERC.-AG. KM. 3.007","A9820"
"RC NOROESTE","SAN XOAN (APD)","05102"
"RC NOROESTE","SANTA ICIA (APD)","05103"
"RC NOROESTE","VIRXE DO MAR (APD)","05104"
"RC NOROESTE","PIÑEIROS (APD)","05105"
"RC NOROESTE","O PONTO (APD)","05106"
"RC NOROESTE","XUVIA","05107"
"RC NOROESTE","O ALTO DO CASTIÑEIRO (APD)","05108"
"RC NOROESTE","FERRERIAS (APD)","05109"
"RC NOROESTE","SEDES (APD)","05111"
"RC NOROESTE","PEDROSO DE NARON (APD)","05113"
"RC NOROESTE","SAN SADURNIÑO","05115"
"RC NOROESTE","LAMAS (APD)","05117"
"RC NOROESTE","APALLA (APD)","05119"
"RC NOROESTE","MOECHE","05121"
"RC NOROESTE","LABACENGOS (APD)","05123"
"RC NOROESTE","ENTRAMBARRIAS (APD)","05125"
"RC NOROESTE","CERDIDO","05127"
"RC NOROESTE","A CUQUEIRA (APD)","05129"
"RC NOROESTE","SANTA MARIA DE MERA (APD)","05131"
"RC NOROESTE","PONTE MERA","05133"
"RC NOROESTE","SAN CLODIO (APD)","05135"
"RC NOROESTE","SENRA (APD)","05137"
"RC NOROESTE","ORTIGUEIRA","05139"
"RC NOROESTE","ESPASANTE (APD)","05141"
"RC NOROESTE","LOIBA (APD)","05143"
"RC NOROESTE","O BARQUEIRO (APD)","05145"
"RC NOROESTE","O VICEDO (APD)","05147"
"RC NOROESTE","MOSENDE (APD)","05149"
"RC NOROESTE","FOLGUEIRO (APD)","05151"
"RC NOROESTE","COVAS DE VIVEIRO (APD)","05153"
"RC NOROESTE","VIVEIRO","05155"
"RC NOROESTE","VIVEIRO-APEADERO","05156"
"RC NOROESTE","XUANCES (APD)","05157"
"RC NOROESTE","XOVE-POBO (APD)","05159"
"RC NOROESTE","XOVE","05161"
"RC NOROESTE","LAGO (APD)","05163"
"RC NOROESTE","BIDUEIROS (APD)","05165"
"RC NOROESTE","SAN CIBRAO (APD)","05167"
"RC NOROESTE","MADEIRO (APD)","05169"
"RC NOROESTE","BURELA","05171"
"RC NOROESTE","CANGAS DE FOZ (APD)","05173"
"RC NOROESTE","NOIS (APD)","05175"
"RC NOROESTE","FAZOURO (APD)","05177"
"RC NOROESTE","MARZAN (APD)","05179"
"RC NOROESTE","FOZ (APD)","05181"
"RC NOROESTE","BARREIROS (APD)","05183"
"RC NOROESTE","REINANTE (APD)","05185"
"RC NOROESTE","ESTEIRO (APD)","05187"
"RC NOROESTE","OS CASTROS (APD)","05189"
"RC NOROESTE","RINLO (APD)","05191"
"RC NOROESTE","RIBADEO","05193"
"RC NOROESTE","VEGADEO PUEBLO (APD)","05197"
"RC NOROESTE","VILAVEDELLE (APD)","05199"
"RED DE ANCHO METRICO","GIJON","05201"
"RC NOROESTE","TREMAÑES-CARREÑO (APD)","05203"
"RC NOROESTE","CENTRO DE TRANSPORTES (APD)","05204"
"RED DE ANCHO METRICO","VERIñA","05205"
"RC NOROESTE","ABOÑO-APEADERO","05207"
"RC NOROESTE","XIVARES (APD)","05208"
"RC NOROESTE","PERLORA","05209"
"RC NOROESTE","CANDAS-APEADERO","05210"
"RC NOROESTE","CANDAS","05211"
"RC NOROESTE","ZANZABORNIN (APD)","05215"
"RC NOROESTE","GUDIN LAMINACION (APD)","05216"
"RC NOROESTE","TRASONA","05217"
"RC NOROESTE","OFICINAS (APD)","05218"
"RC NOROESTE","LLARANES (APD)","05219"
"RC NOROESTE","CRISTALERIA (APD)","05220"
"RC NOROESTE","AVILES-APEADERO","05221"
"RC NOROESTE","LA MARUCA-MERCANCIAS","05223"
"RC NOROESTE","RAICES (APD)","05224"
"RC NOROESTE","SALINAS (APD)","05225"
"RC NOROESTE","PUERTO AVILES","05226"
"RC NOROESTE","PIEDRAS BLANCAS","05227"
"RC NOROESTE","VEGARROZADAS (APD)","05229"
"RC NOROESTE","SANTIAGO DEL MONTE","05231"
"RC NOROESTE","EL PARADOR (APD)","05232"
"RC NOROESTE","SOTO DEL BARCO","05233"
"RC NOROESTE","RIBERAS (APD)","05235"
"RC NOROESTE","PEÑAULLAN (APD)","05237"
"RC NOROESTE","SANTIANES (APD)","05239"
"RC NOROESTE","LOS CABOS (APD)","05241"
"RC NOROESTE","MUROS DE NALON","05243"
"RC NOROESTE","CUDILLERO","05245"
"RC NOROESTE","VILLADEMAR (APD)","05247"
"RC NOROESTE","LA MAGDALENA (APD)","05249"
"RC NOROESTE","SAN MARTIN DE LUIÑA (APD)","05251"
"RC NOROESTE","SAN COSME (APD)","05253"
"RC NOROESTE","SOTO DE LUIÑA","05255"
"RC NOROESTE","VALDREDO (APD)","05257"
"RC NOROESTE","NOVELLANA (APD)","05259"
"RC NOROESTE","SANTA MARINA (APD)","05261"
"RC NOROESTE","BALLOTA (APD)","05263"
"RC NOROESTE","TABLIZO (APD)","05265"
"RC NOROESTE","CADAVEDO (APD)","05267"
"RC NOROESTE","SAN CRISTOBAL (APD)","05269"
"RC NOROESTE","CANERO (APD)","05271"
"RC NOROESTE","BARCIA (APD)","05273"
"RC NOROESTE","LUARCA","05275"
"RC NOROESTE","OTUR (APD)","05277"
"RC NOROESTE","VILLAPEDRE (APD)","05279"
"RC NOROESTE","PIÑERA-VILLAORIL (APD)","05281"
"RC NOROESTE","NAVIA","05283"
"RC NOROESTE","MEDAL (APD)","05285"
"RC NOROESTE","LOZA (APD)","05287"
"RC NOROESTE","CARTAVIO (APD)","05289"
"RC NOROESTE","LA CARIDAD (APD)","05291"
"RC NOROESTE","TAPIA (APD)","05293"
"RC NOROESTE","LAS CAMPAS DE CASTROPOL (APD)","05297"
"RC NOROESTE","CASTROPOL (APD)","05299"
"RC NOROESTE","VALLOBIN (APD)","05300"
"RC NOROESTE","LAS CAMPAS (APD)","05302"
"RC NOROESTE","LAS MAZAS (APD)","05303"
"RC NOROESTE","SAN CLAUDIO","05304"
"RC NOROESTE","FUSO DE LA REINA","05305"
"RC NOROESTE","SAN PEDRO DE NORA (APD)","05306"
"RC NOROESTE","SOTO UDRION (APD)","05308"
"RC NOROESTE","CACES (APD)","05309"
"RC NOROESTE","TRUBIA","05311"
"RC NOROESTE","SANTA MARIA DE GRADO","05313"
"RC NOROESTE","VEGA DE ANZO","05315"
"RC NOROESTE","PEÑAFLOR DE GRADO (APD)","05316"
"RC NOROESTE","GRADO","05317"
"RC NOROESTE","ACES (APD)","05320"
"RC NOROESTE","SAN ROMAN","05321"
"RC NOROESTE","BEIFAR (APD)","05323"
"RC NOROESTE","PRAVIA","05325"
"RC NOROESTE","SAN RANON (APD)","05327"
"RC NOROESTE","SAN ESTEBAN","05329"
"RC NOROESTE","PALOMAR (APD)","05351"
"RC NOROESTE","SOTO DE RIBERA","05353"
"RC NOROESTE","PEÑAMIEL (APD)","05357"
"RC NOROESTE","BAIÑA (APD)","05361"
"RC NOROESTE","SUEROS (CGD)","05367"
"RC NOROESTE","MIERES-VASCO","05369"
"RC NOROESTE","CAUDALIA (APD)","05371"
"RC NOROESTE","FIGAREDO","05373"
"RC NOROESTE","UJO TARUELO","05375"
"RC NOROESTE","SANTA CRUZ (APD)","05376"
"RC NOROESTE","MOREDA DE ALLER","05379"
"RC NOROESTE","SAN ANTONIO (APD)","05380"
"RC NOROESTE","OYANCO (APD)","05381"
"RC NOROESTE","CORIGOS (APD)","05382"
"RC NOROESTE","PIÑERES","05383"
"RC NOROESTE","SANTA ANA-SOTO (APD)","05384"
"RC NOROESTE","CABAÑAQUINTA","05385"
"RC NOROESTE","COLLANZO","05389"
"RC NOROESTE","TREMAÑES-LANGREO (APD)","05403"
"RC NOROESTE","SOTIELLO","05405"
"RC NOROESTE","PINZALES","05407"
"RC NOROESTE","AGUDA","05409"
"RC NOROESTE","XIXUN (APD)","05410"
"RC NOROESTE","LA FLORIDA","05411"
"RC NOROESTE","PUENTE BURACOS (APD)","05412"
"RED DE ANCHO METRICO","EL BERRON","05414"
"RC NOROESTE","BENDICION","05415"
"RC NOROESTE","VALDESOTO (APD)","05416"
"RC NOROESTE","CARBAYIN","05417"
"RC NOROESTE","CURUXONA (APD)","05420"
"RC NOROESTE","TUILLA","05421"
"RC NOROESTE","LA FELGUERA-VEGA (APD)","05425"
"RC NOROESTE","SAMA-LOS LLERONES (APD)","05429"
"RC NOROESTE","SAN VICENTE (APD)","05432"
"RC NOROESTE","EL ENTREGO-LA OSCURA","05433"
"RC NOROESTE","CARROCERA (APD)","05435"
"RC NOROESTE","SAN MARTIN (APD)","05436"
"RC NOROESTE","SOTRONDIO","05437"
"RC NOROESTE","BLIMEA (APD)","05439"
"RC NOROESTE","LAVIANA","05443"
"RC NOROESTE","ABOÑO-MERCANCIAS","05446"
"RC NOROESTE","PUERTO EL MUSEL","05447"
"RC NORTE","BILBAO-LA CONCORDIA","05451"
"RC NORTE","BASURTO HOSPITAL","05455"
"RC NORTE","ZORROTZA-ZORROZGOITI","05457"
"RC NORTE","SANTA AGUEDA (APD)","05459"
"RC NORTE","IRAUREGI","05461"
"RC NORTE","ZARAMILLO","05463"
"RC NORTE","LA QUADRA (APD)","05465"
"RC NORTE","SODUPE","05467"
"RC NORTE","ARTXUBE (APD)","05469"
"RC NORTE","LAMBARRI (APD)","05470"
"RC NORTE","ARANGUREN","05473"
"RC NORTE","ARANGUREN-APEADERO","05474"
"RC NORTE","ZALLA","05475"
"RC NORTE","COLEGIO (APD)","05477"
"RC NORTE","IBARRA (APD)","05479"
"RC NORTE","BOLUNBURU (APD)","05480"
"RC NORTE","LA HERRERA (APD)","05481"
"RC NORTE","BALMASEDA-MERCANCIAS","05482"
"RC NORTE","BALMASEDA","05483"
"RC NORTE","MIMETIZ (APD)","05484"
"RC NORTE","LA CALZADA (APD)","05485"
"RC NORTE","OTXARAN (APD)","05486"
"RC NORTE","TRASLAVIÑA","05487"
"RC NORTE","ARTZENTALES (APD)","05489"
"RC NORTE","EL PESO (APD)","05491"
"RC NORTE","VILLAVERDE DE TRUCIOS (APD)","05493"
"RC NORTE","KARRANTZA","05497"
"RC NOROESTE","PARQUE PRINCIPADO (APD)","05504"
"RC NOROESTE","COLLOTO","05505"
"RC NOROESTE","MERES","05507"
"RC NOROESTE","FONCIELLO (APD)","05508"
"RC NOROESTE","EL BERRON","05509"
"RC NOROESTE","LA CARRERA DE SIERO (APD)","05511"
"RC NOROESTE","POLA DE SIERO","05513"
"RC NOROESTE","LOS CORROS (APD)","05515"
"RC NOROESTE","LIERES","05517"
"RC NOROESTE","RIANES","05519"
"RC NOROESTE","EL REMEDIO (APD)","05521"
"RC NOROESTE","LLAMES (APD)","05522"
"RC NOROESTE","NAVA","05523"
"RC NOROESTE","FUENTE SANTA DE NAVA (APD)","05525"
"RC NOROESTE","CECEDA (APD)","05527"
"RC NOROESTE","CARANCOS","05529"
"RC NOROESTE","PINTUELES (APD)","05531"
"RC NOROESTE","INFIESTO","05533"
"RC NOROESTE","INFIESTO-APEADERO","05534"
"RC NOROESTE","VILLAMAYOR","05535"
"RC NOROESTE","SEBARES","05537"
"RC NOROESTE","SOTO DE DUEÑAS","05539"
"RC NOROESTE","OZANES (APD)","05541"
"RC NOROESTE","POLICLINICO (APD)","05542"
"RC NOROESTE","ARRIONDAS","05543"
"RC NOROESTE","FUENTES (APD)","05545"
"RC NOROESTE","TORAÑO","05547"
"RC NOROESTE","CUEVAS (APD)","05549"
"RC NOROESTE","LLOVIO","05551"
"RC NOROESTE","RIBADESELLA-PUERTO","05552"
"RC NOROESTE","RIBADESELLA","05553"
"RC NOROESTE","CAMANGO (APD)","05555"
"RC NOROESTE","BELMONTE DE PRIA (APD)","05557"
"RC NOROESTE","NUEVA","05559"
"RC NOROESTE","POSADA","05563"
"RC NOROESTE","BALMORI (APD)","05565"
"RC NOROESTE","CELORIO (APD)","05567"
"RC NOROESTE","POO (APD)","05569"
"RC NOROESTE","LLANES","05571"
"RC NOROESTE","SAN ROQUE DEL ACEBAL (APD)","05573"
"RC NOROESTE","VIDIAGO (APD)","05575"
"RC NOROESTE","PENDUELES (APD)","05577"
"RC NOROESTE","COLOMBRES (APD)","05579"
"RC NOROESTE","PUERTO RAOS","05600"
"RC NORTE","VALDECILLA-LA MARGA (APD)","05602"
"RC NORTE","CAZOÑA (APD)","05603"
"RC NORTE","ADARZO","05604"
"RC NORTE","BEZANA","05605"
"RC NORTE","MORTERA (APD)","05607"
"RC NORTE","BOO DE PIELAGOS (APD)","05609"
"RC NORTE","MOGRO","05611"
"RC NORTE","GORNAZO (APD)","05613"
"RC NORTE","MAR (APD)","05615"
"RC NORTE","REQUEJADA","05617"
"RC NORTE","BARREDA","05619"
"RC NORTE","ALTAMIRA (APD)","05620"
"RC NORTE","TORRELAVEGA-CENTRO","05621"
"RC NORTE","GANZO (APD)","05622"
"RC NORTE","PUENTE SAN MIGUEL","05623"
"RC NORTE","SANTA ISABEL DE QUIJAS (APD)","05625"
"RC NORTE","SAN PEDRO DE RUDAGÜERA","05627"
"RC NORTE","GOLBARDO (APD)","05629"
"RC NORTE","CASAR DE PERIEDO","05631"
"RC NORTE","VIRGEN DE LA PEÑA","05633"
"RC NORTE","ONTORIA (APD)","05635"
"RC NORTE","CABEZON DE LA SAL","05637"
"RC NORTE","TRECEÑO","05641"
"RC NORTE","ROIZ (APD)","05643"
"RC NORTE","EL BARCENAL (APD)","05644"
"RC NORTE","SAN VICENTE DE LA BARQUERA","05645"
"RC NORTE","PESUES (APD)","05647"
"RC NORTE","UNQUERA","05649"
"RC NORTE","SANTANDER-MERCANCIAS","05650"
"RC NORTE","NUEVA MONTAÑA","05651"
"RC NORTE","VALLE REAL (APD)","05652"
"RC NORTE","MALIAÑO-LA VIDRIERA","05655"
"RC NORTE","ASTILLERO","05657"
"RC NORTE","LA CANTABRICA (APD)","05658"
"RC NORTE","SAN SALVADOR (APD)","05659"
"RC NORTE","HERAS","05661"
"RC NORTE","OREJO","05663"
"RC NORTE","SOLARES","05665"
"RC NORTE","CECEÑAS (APD)","05667"
"RC NORTE","LA CAVADA (APD)","05669"
"RC NORTE","LIERGANES","05671"
"RC NORTE","PUENTE AGÜERO (APD)","05672"
"RC NORTE","VILLAVERDE DE PONTONES (APD)","05673"
"RC NORTE","HOZ DE ANERO","05675"
"RC NORTE","BERANGA","05677"
"RC NORTE","GAMA","05679"
"RC NORTE","CICERO (APD)","05681"
"RC NORTE","TRETO","05683"
"RC NORTE","LIMPIAS (APD)","05685"
"RC NORTE","MARRON","05687"
"RC NORTE","UDALLA (APD)","05689"
"RC NORTE","GIBAJA","05691"
"RC NORTE","ARIZ","05713"
"RC NORTE","ARLA BERRON (APD)","05721"
"RC NORTE","UNGO NAVA (APD)","05722"
"RC NORTE","MENAMAYOR (APD)","05723"
"RC NORTE","MERCADILLO-VILLASANA","05724"
"RC NORTE","ANZO (APD)","05725"
"RC NORTE","VIGO-SIONES (APD)","05726"
"RC NORTE","CADAGUA (APD)","05727"
"RC NORTE","CANTONAD (APD)","05728"
"RC NORTE","LA SILLA (APD)","05729"
"RC NORTE","BERCEDO-MONTIJA (APD)","05730"
"RC NORTE","QUINTANA DE LOS PRADOS (APD)","05731"
"RC NORTE","ESPINOSA DE LOS MONTEROS","05732"
"RC NORTE","REDONDO (APD)","05733"
"RC NORTE","SOTOSCUEVA (APD)","05734"
"RC NORTE","PEDROSA","05735"
"RC NORTE","DOSANTE CIDAD (APD)","05736"
"RC NORTE","ROBREDO-AHEDO (APD)","05737"
"RC NORTE","SONCILLO (APD)","05738"
"RC NORTE","CABAÑAS DE VIRTUS (APD)","05739"
"RC NORTE","ARIJA","05740"
"RC NORTE","LLANO (APD)","05741"
"RC NORTE","LAS ROZAS DE VALDEARROYO (APD)","05742"
"RC NORTE","MONTES CLAROS (APD)","05743"
"RC NORTE","LOS CARABEOS","05744"
"RC NORTE","CORDOVILLA (APD)","05746"
"RC NORTE","CILLAMAYOR (APD)","05747"
"RC NORTE","SALINAS DE PISUERGA (APD)","05748"
"RC NORTE","VADO-CERVERA","05749"
"RC NORTE","CASTREJON DE LA PEÑA (APD)","05750"
"RC NORTE","VILLAVERDE-TARILONTE (APD)","05751"
"RC NORTE","SANTIBAÑEZ DE LA PEÑA","05752"
"RC NOROESTE","GUARDO-APEADERO","05753"
"RC NOROESTE","GUARDO","05754"
"RC NOROESTE","LA LLAMA DE LA GUZPEÑA(APD)","05755"
"RC NOROESTE","LA ESPINA","05756"
"RC NOROESTE","VALCUENDE (APD)","05757"
"RC NOROESTE","PUENTE ALMUHEY","05758"
"RC NOROESTE","PRADO DE LA GUZPEÑA (APD)","05759"
"RC NOROESTE","VALLE DE LAS CASAS (APD)","05760"
"RC NOROESTE","CISTIERNA","05761"
"RC NOROESTE","YUGUEROS (APD)","05762"
"RC NOROESTE","LA ERCINA ","05763"
"RC NOROESTE","BARRILLOS (APD)","05764"
"RC NOROESTE","LA LOSILLA (APD)","05765"
"RC NOROESTE","BOÑAR","05766"
"RC NOROESTE","LA VECILLA","05767"
"RC NOROESTE","AVIADOS (APD)","05768"
"RC NOROESTE","LA VALCUEVA (APD)","05769"
"RC NOROESTE","MATALLANA","05770"
"RC NOROESTE","PARDAVE (APD)","05771"
"RC NOROESTE","PEDRUN (APD)","05772"
"RC NOROESTE","MANZANEDA (APD)","05773"
"RC NOROESTE","GARRAFE (APD)","05774"
"RC NOROESTE","PALAZUELO (APD)","05775"
"RC NOROESTE","SAN FELIZ","05776"
"RC NOROESTE","VILLAQUILAMBRE (APD)","05777"
"RC NOROESTE","TERMICA VELILLA","05779"
"RC NOROESTE","MATUECA (APD)","05786"
"RC NOROESTE","NAREDO (APD)","05787"
"RC NOROESTE","ROBLES (APD)","05788"
"RC NOROESTE","CAMPOHERMOSO (APD)","05789"
"RC NOROESTE","LA MATA DE LA RIBA (APD)","05793"
"RC NOROESTE","LA RAYA (APD)","05794"
"RC NOROESTE","OTERO (APD)","05795"
"RC NOROESTE","VILLA ROMANA (APD)","05796"
"RC NOROESTE","LA DEVESA (APD)","05798"
"RC NOROESTE","CEREZAL DE LA GUZPEÑA (APD)","05799"
"RC NOROESTE","LA ASUNCION UNIVERSIDAD","05803"
"RC NOROESTE","BARRIO DE LAS OLLAS(APD)","05805"
"RC NOROESTE","VALDERILLA (APD)","05807"
"RC ESTE","CARTAGENA-PLAZA BASTARRECHE","05951"
"RC ESTE","HOSPITAL (APD)","05952"
"RC ESTE","VISTA ALEGRE (APD)","05955"
"RC ESTE","ABREVADERO","05957"
"RC ESTE","ALUMBRES (APD)","05959"
"RC ESTE","LA ESPERANZA (APD)","05961"
"RC ESTE","LA UNION VIEJA (APD)","05963"
"RC ESTE","LA UNION","05965"
"RC ESTE","LLANO DEL BEAL (APD)","05969"
"RC ESTE","EL ESTRECHO","05971"
"RC ESTE","LOS NIETOS-VIEJOS (APD)","05973"
"RC ESTE","LOS NIETOS-PESCADERIA (APD)","05975"
"RC ESTE","LOS NIETOS","05977"
"RC NOROESTE","KM. 21.9","C1500"
"RC NOROESTE","KM 316,000","C1501"
"RC NOROESTE","REGUERAL","05213"
"RC NOROESTE","EL PITO PIÑERA (APD)","05244"
"RC NOROESTE","VILLAHORMES (APD)","05561"
"RC NORTE","KASTREXANA (APD)","05460"
"RED DE ANCHO METRICO","KM 7.860","C5000"
"RED DE ANCHO METRICO","KM 7.990","C5001"
"RED DE ANCHO METRICO","KM 8.470","C5002"
"RED DE ANCHO METRICO","KM 8.670","C5003"
"RED DE ANCHO METRICO","KM 10.830","C5004"
"RED DE ANCHO METRICO","KM 11.500","C5005"
"RED DE ANCHO METRICO","KM 14.530","C5006"
"RED DE ANCHO METRICO","KM 15.000","C5007"
"RED DE ANCHO METRICO","KM 16.630","C5008"
"RED DE ANCHO METRICO","KM 16.890","C5009"
"RED DE ANCHO METRICO","KM 18.090","C5010"
"RED DE ANCHO METRICO","KM 18.660","C5011"
"RED DE ANCHO METRICO","KM 19.300","C5012"
"RED DE ANCHO METRICO","KM 21.130","C5013"
"RED DE ANCHO METRICO","KM 21.386","C5014"
"RED DE ANCHO METRICO","KM 21.600","C5015"
"RED DE ANCHO METRICO","KM 22.950","C5016"
"RED DE ANCHO METRICO","KM 23.190","C5017"
"RED DE ANCHO METRICO","KM 24.930","C5018"
"RED DE ANCHO METRICO","PK 25.180","C5019"
"RED DE ANCHO METRICO","KM 26.355","C5020"
"RED DE ANCHO METRICO","KM 27.040","C5021"
"RED DE ANCHO METRICO","KM 27.840","C5022"
"RED DE ANCHO METRICO","KM 28.060","C5023"
"RED DE ANCHO METRICO","KM 28.910","C5024"
"RED DE ANCHO METRICO","KM 29.090","C5025"
"RED DE ANCHO METRICO","KM 29.450","C5026"
"RED DE ANCHO METRICO","KM 29.710","C5027"
"RED DE ANCHO METRICO","KM 31.960","C5028"
"RED DE ANCHO METRICO","KM 32.190","C5029"
"RED DE ANCHO METRICO","KM 37.110","C5030"
"RED DE ANCHO METRICO","KM 37.380","C5031"
"RED DE ANCHO METRICO","KM 38.360","C5032"
"RED DE ANCHO METRICO","KM 38.750","C5033"
"RED DE ANCHO METRICO","KM 41.570","C5034"
"RED DE ANCHO METRICO","KM 42.500","C5035"
"RED DE ANCHO METRICO","KM 43.190","C5036"
"RED DE ANCHO METRICO","KM 46.810","C5037"
"RED DE ANCHO METRICO","KM 47.140","C5038"
"RED DE ANCHO METRICO","KM 51.280","C5039"
"RED DE ANCHO METRICO","KM 69.515","C5040"
"RED DE ANCHO METRICO","KM 70.425","C5041"
"RED DE ANCHO METRICO","KM 73.205","C5042"
"RED DE ANCHO METRICO","KM 74.579","C5043"
"RED DE ANCHO METRICO","KM 75.515","C5044"
"RED DE ANCHO METRICO","KM 76.284","C5045"
"RED DE ANCHO METRICO","KM 76.740","C5046"
"RED DE ANCHO METRICO","KM 77.278","C5047"
"RED DE ANCHO METRICO","KM 78.365","C5048"
"RED DE ANCHO METRICO","KM 79.429","C5049"
"RED DE ANCHO METRICO","KM 81.420","C5050"
"RED DE ANCHO METRICO","KM 81.780","C5051"
"RED DE ANCHO METRICO","KM 82.340","C5052"
"RED DE ANCHO METRICO","KM 83.034","C5053"
"RED DE ANCHO METRICO","KM 83.945","C5054"
"RED DE ANCHO METRICO","KM 84.221","C5055"
"RED DE ANCHO METRICO","KM 87.010","C5056"
"RED DE ANCHO METRICO","KM 87.250","C5057"
"RED DE ANCHO METRICO","KM 97.480","C5058"
"RED DE ANCHO METRICO","KM 97.670","C5059"
"RED DE ANCHO METRICO","KM 98.760","C5060"
"RED DE ANCHO METRICO","KM 99.800","C5061"
"RED DE ANCHO METRICO","KM 100.780","C5062"
"RED DE ANCHO METRICO","KM 101.600","C5063"
"RED DE ANCHO METRICO","KM 107.680","C5064"
"RED DE ANCHO METRICO","KM 108.100","C5065"
"RED DE ANCHO METRICO","KM 108.760","C5066"
"RED DE ANCHO METRICO","KM 108.990","C5067"
"RED DE ANCHO METRICO","KM 111.380","C5068"
"RED DE ANCHO METRICO","KM 111.630","C5069"
"RED DE ANCHO METRICO","KM 112.300","C5070"
"RED DE ANCHO METRICO","KM 112.465","C5071"
"RED DE ANCHO METRICO","KM 113.057","C5072"
"RED DE ANCHO METRICO","KM 113.439","C5073"
"RED DE ANCHO METRICO","KM 114.317","C5074"
"RED DE ANCHO METRICO","KM 115.280","C5075"
"RED DE ANCHO METRICO","KM 116.369","C5076"
"RED DE ANCHO METRICO","KM 120.970","C5077"
"RED DE ANCHO METRICO","KM 121.129","C5078"
"RED DE ANCHO METRICO","KM 122.149","C5079"
"RED DE ANCHO METRICO","KM 122.440","C5080"
"RED DE ANCHO METRICO","KM 125.170","C5081"
"RED DE ANCHO METRICO","KM 125.482","C5082"
"RED DE ANCHO METRICO","KM 126.288","C5083"
"RED DE ANCHO METRICO","KM 126.780","C5084"
"RED DE ANCHO METRICO","KM 129.410","C5085"
"RED DE ANCHO METRICO","KM 129.863","C5086"
"RED DE ANCHO METRICO","KM 130.060","C5087"
"RED DE ALTA VELOCIDAD (RAV)","TRANSICION TRIANGULO","B0330"
"RED DE ANCHO METRICO","KM 148,548","C5088"
"RED DE ANCHO METRICO","KM 148,900","C5089"
"RED DE ANCHO METRICO","KM 153,990","C5090"
"RED DE ANCHO METRICO","KM 154,250","C5091"
"RED DE ANCHO METRICO","KM 155,060","C5092"
"RED DE ANCHO METRICO","KM 156,950","C5093"
"RED DE ANCHO METRICO","KM 158,470","C5094"
"RED DE ANCHO METRICO","KM 158,720","C5095"
"RED DE ANCHO METRICO","KM 159,300","C5096"
"RED DE ANCHO METRICO","KM 159,880","C5097"
"RED DE ANCHO METRICO","KM 161,930","C5098"
"RED DE ANCHO METRICO","KM 162,850","C5099"
"RED DE ANCHO METRICO","KM 171,770","C5100"
"RED DE ANCHO METRICO","KM 171,980","C5101"
"RED DE ANCHO METRICO","KM 173,310","C5102"
"RED DE ANCHO METRICO","KM 173,430","C5103"
"RED DE ANCHO METRICO","KM 177,100","C5104"
"RED DE ANCHO METRICO","KM 177,520","C5105"
"RED DE ANCHO METRICO","KM 177,818","C5106"
"RED DE ANCHO METRICO","KM 177,995","C5107"
"RED DE ANCHO METRICO","KM 0,520","C5900"
"RED DE ANCHO METRICO","KM 0,940","C5901"
"RED DE ANCHO METRICO","KM 9,630","C5902"
"RED DE ANCHO METRICO","KM 10,260","C5903"
"RED DE ANCHO METRICO","KM 11,850","C5904"
"RED DE ANCHO METRICO","KM 12,130","C5905"
"RED DE ANCHO METRICO","KM 18,440","C5906"
"RED DE ANCHO METRICO","KM 18,910","C5907"
"RED DE ANCHO METRICO","KM 180,630","C5108"
"RED DE ANCHO METRICO","KM 180,730","C5109"
"RED DE ANCHO METRICO","KM 182,240","C5110"
"RED DE ANCHO METRICO","KM 182,520","C5111"
"RED DE ANCHO METRICO","KM 186,130","C5112"
"RED DE ANCHO METRICO","KM 187,480","C5113"
"RED DE ANCHO METRICO","KM 188,420","C5114"
"RED DE ANCHO METRICO","KM 188,650","C5115"
"RED DE ANCHO METRICO","KM 189,180","C5116"
"RED DE ANCHO METRICO","KM 192,600","C5117"
"RED DE ANCHO METRICO","KM 193,080","C5118"
"RED DE ANCHO METRICO","KM 193,470","C5119"
"RED DE ANCHO METRICO","KM 193,960","C5120"
"RED DE ANCHO METRICO","KM 197,030","C5121"
"RED DE ANCHO METRICO","KM 198,280","C5122"
"RED DE ANCHO METRICO","KM 201,500","C5123"
"RED DE ANCHO METRICO","KM 202,040","C5124"
"RED DE ANCHO METRICO","KM 203,860","C5125"
"RED DE ANCHO METRICO","KM 204,220","C5126"
"RED DE ANCHO METRICO","KM 208,110","C5127"
"RED DE ANCHO METRICO","KM 208,430","C5128"
"RED DE ANCHO METRICO","KM 208,890","C5129"
"RED DE ANCHO METRICO","KM 210,010","C5130"
"RED DE ANCHO METRICO","KM 212,162","C5131"
"RED DE ANCHO METRICO","KM 212,822","C5132"
"RED DE ANCHO METRICO","KM 213,590","C5133"
"RED DE ANCHO METRICO","KM 215,520","C5134"
"RED DE ANCHO METRICO","KM 216,680","C5135"
"RED DE ANCHO METRICO","KM 217,530","C5136"
"RED DE ANCHO METRICO","KM 217,760","C5137"
"RED DE ANCHO METRICO","KM 219,700","C5138"
"RED DE ANCHO METRICO","KM 221,140","C5139"
"RED DE ANCHO METRICO","KM 221,720","C5140"
"RED DE ANCHO METRICO","KM 222,190","C5141"
"RED DE ANCHO METRICO","KM 222,450","C5142"
"RED DE ANCHO METRICO","KM 230,982","C5147"
"RED DE ANCHO METRICO","KM 231,467","C5148"
"RED DE ANCHO METRICO","KM 236,812","C5149"
"RED DE ANCHO METRICO","KM 237,056","C5150"
"RED DE ANCHO METRICO","KM 237,740","C5151"
"RED DE ANCHO METRICO","KM 238,370","C5152"
"RED DE ANCHO METRICO","KM 225,580","C5943"
"RED DE ANCHO METRICO","KM 225,760","C5944"
"RED DE ANCHO METRICO","KM 228,023","C5945"
"RED DE ANCHO METRICO","KM 228,600","C5946"
"RED DE ANCHO METRICO","KM 241,670","C5153"
"RED DE ANCHO METRICO","KM 242,070","C5154"
"RED DE ANCHO METRICO","KM 242,384","C5155"
"RED DE ANCHO METRICO","KM 242,590","C5156"
"RED DE ANCHO METRICO","KM 244,538","C5157"
"RED DE ANCHO METRICO","KM 245,009","C5158"
"RED DE ANCHO METRICO","KM 247,360","C5159"
"RED DE ANCHO METRICO","KM 247,780","C5160"
"RED DE ANCHO METRICO","KM 257,850","C5161"
"RED DE ANCHO METRICO","KM 259,350","C5162"
"RED DE ANCHO METRICO","KM 261,410","C5163"
"RED DE ANCHO METRICO","KM 262,800","C5164"
"RED DE ANCHO METRICO","KM 264,400","C5165"
"RED DE ANCHO METRICO","KM 266,220","C5166"
"RED DE ANCHO METRICO","KM 266,260","C5167"
"RED DE ANCHO METRICO","KM 267,520","C5168"
"RED DE ANCHO METRICO","KM 268,100","C5169"
"RED DE ANCHO METRICO","KM 268,300","C5170"
"RED DE ANCHO METRICO","KM.317,230","C1503"
"RED DE ANCHO METRICO","KM.320,267","C1504"
"RED DE ANCHO METRICO","KM.320,860","C1505"
"RED DE ANCHO METRICO","KM.321,020","C1506"
"RED DE ANCHO METRICO","KM.321,693","C1507"
"RED DE ANCHO METRICO","KM.321,800","C1508"
"RED DE ANCHO METRICO","KM.322,227","C1509"
"RC NOROESTE","KM 360,4","C1510"
"RED DE ANCHO METRICO","KM.323,057","C1511"
"RED DE ANCHO METRICO","KM.323,384","C1512"
"RED DE ANCHO METRICO","KM.323,811","C1513"
"RED DE ANCHO METRICO","KM.324,412","C1514"
"RED DE ANCHO METRICO","KM.324,800","C1515"
"RED DE ANCHO METRICO","KM.325,386","C1516"
"RED DE ANCHO METRICO","KM.325,886","C1517"
"RED DE ANCHO METRICO","KM.331,420","C1518"
"RED DE ANCHO METRICO","KM.332,620","C1519"
"RED DE ANCHO METRICO","KM.333,250","C1520"
"RED DE ANCHO METRICO","KM.333,450","C1521"
"RED DE ANCHO METRICO","KM.333,870","C1522"
"RED DE ANCHO METRICO","KM.334,000","C1523"
"RED DE ANCHO METRICO","KM.338,900","C1524"
"RED DE ANCHO METRICO","KM.339,350","C1525"
"RED DE ANCHO METRICO","KM.340,570","C1526"
"RED DE ANCHO METRICO","KM.340,790","C1527"
"RED DE ANCHO METRICO","KM.341,640","C1528"
"RED DE ANCHO METRICO","KM.342,120","C1529"
"RED DE ANCHO METRICO","KM.342,433","C1530"
"RED DE ANCHO METRICO","KM.342,453","C1531"
"RED DE ANCHO METRICO","KM.347,930","C1532"
"RED DE ANCHO METRICO","KM.348,480","C1533"
"RED DE ANCHO METRICO","KM.350,170","C1534"
"RED DE ANCHO METRICO","KM.355,100","C1535"
"RED DE ANCHO METRICO","KM.355,521","C1536"
"RED DE ANCHO METRICO","KM.356,300","C1537"
"RED DE ANCHO METRICO","KM.356,500","C1538"
"RED DE ANCHO METRICO","KM.357,060","C1539"
"RED DE ANCHO METRICO","KM.357,170","C1540"
"RED DE ANCHO METRICO","KM.358,300","C1541"
"RED DE ANCHO METRICO","KM.359,500","C1542"
"RED DE ANCHO METRICO","KM.359,720","C1543"
"RED DE ANCHO METRICO","KM.361,430","C1544"
"RED DE ANCHO METRICO","KM.361,460","C1545"
"RED DE ANCHO METRICO","KM.361,820","C1546"
"RED DE ANCHO METRICO","KM.363,430","C1547"
"RED DE ANCHO METRICO","KM.368,148","C1548"
"RED DE ANCHO METRICO","KM.368,203","C1549"
"RED DE ANCHO METRICO","KM.368,709","C1550"
"RED DE ANCHO METRICO","KM.368,746","C1551"
"RED DE ANCHO METRICO","KM.372,072","C1552"
"RED DE ANCHO METRICO","KM.372,200","C1553"
"RED DE ANCHO METRICO","KM.374,330","C1554"
"RED DE ANCHO METRICO","KM.375,780","C1555"
"RED DE ANCHO METRICO","KM.377,950","C1556"
"RED DE ANCHO METRICO","KM.378,250","C1557"
"RED DE ANCHO METRICO","KM.384,850","C1558"
"RED DE ANCHO METRICO","KM.385,290","C1559"
"RED DE ANCHO METRICO","KM.389,900","C1560"
"RED DE ANCHO METRICO","KM.390,000","C1561"
"RED DE ANCHO METRICO","KM.390,027","C1562"
"RED DE ANCHO METRICO","KM.390,545","C1563"
"RED DE ANCHO METRICO","KM.396,020","C1564"
"RED DE ANCHO METRICO","KM.396,220","C1565"
"RED DE ANCHO METRICO","KM.397,268","C1566"
"RED DE ANCHO METRICO","KM.397,515","C1567"
"RED DE ANCHO METRICO","KM.397,710","C1568"
"","KM.400,180","C1569"
"RED DE ANCHO METRICO","KM.409,640","C1570"
"RED DE ANCHO METRICO","KM. 411,830","C1571"
"RED DE ANCHO METRICO","KM.412,196","C1572"
"RED DE ANCHO METRICO","KM.412,265","C1573"
"RED DE ANCHO METRICO","KM.412,560","C1574"
"RED DE ANCHO METRICO","KM.412,960","C1575"
"RED DE ANCHO METRICO","KM.417,750","C1576"
"RED DE ANCHO METRICO","KM.418,500","C1577"
"RED DE ANCHO METRICO","KM.418,700","C1578"
"RED DE ANCHO METRICO","KM.420,700","C1579"
"RED DE ANCHO METRICO","KM.424,590","C1580"
"RED DE ANCHO METRICO","KM.424,930","C1581"
"RED DE ANCHO METRICO","KM.428,000","C1582"
"RED DE ANCHO METRICO","KM.428,215","C1583"
"RED DE ANCHO METRICO","KM. 430,462","C1584"
"RED DE ANCHO METRICO","KM. 430,832","C1585"
"RED DE ANCHO METRICO","KM. 432,080","C1586"
"RED DE ANCHO METRICO","KM. 432,380","C1587"
"RED DE ANCHO METRICO","KM. 435,560","C1588"
"RED DE ANCHO METRICO","KM. 435,750","C1589"
"RED DE ANCHO METRICO","KM. 438,070","C1590"
"RED DE ANCHO METRICO","KM. 438,760","C1591"
"RED DE ANCHO METRICO","KM. 440,300","C1592"
"RED DE ANCHO METRICO","KM. 441,000","C1593"
"RED DE ANCHO METRICO","KM. 442,320","C1594"
"RED DE ANCHO METRICO","KM. 442,870","C1595"
"RED DE ANCHO METRICO","KM. 446,240","C1596"
"RED DE ANCHO METRICO","KM. 446,900","C1597"
"RED DE ANCHO METRICO","KM. 447,500","C1598"
"RED DE ANCHO METRICO","KM. 447,850","C1599"
"RED DE ANCHO METRICO","KM. 450,860","C1600"
"RED DE ANCHO METRICO","KM. 452,678","C1601"
"RED DE ANCHO METRICO","KM. 452,900","C1602"
"RED DE ANCHO METRICO","KM. 454,380","C1603"
"RED DE ANCHO METRICO","KM. 454,490","C1604"
"RED DE ANCHO METRICO","KM. 457,260","C1605"
"RED DE ANCHO METRICO","KM. 457,550","C1606"
"RED DE ANCHO METRICO","KM. 458,010","C1607"
"RED DE ANCHO METRICO","KM. 458,460","C1608"
"RED DE ANCHO METRICO","KM. 460,030","C1609"
"RED DE ANCHO METRICO","KM. 460,340","C1610"
"RED DE ANCHO METRICO","KM. 461,020","C1611"
"RED DE ANCHO METRICO","KM. 461,210","C1612"
"RED DE ANCHO METRICO","KM. 465,660","C1613"
"RED DE ANCHO METRICO","KM. 466,880","C1614"
"RED DE ANCHO METRICO","KM. 467,520","C1615"
"RED DE ANCHO METRICO","KM. 468,160","C1616"
"RED DE ANCHO METRICO","KM. 468,610","C1617"
"RED DE ANCHO METRICO","KM. 470,200","C1618"
"RED DE ANCHO METRICO","KM. 470,540","C1619"
"RED DE ANCHO METRICO","KM. 472,590","C1620"
"RED DE ANCHO METRICO","KM. 472,930","C1621"
"RED DE ANCHO METRICO","KM. 477,010","C1622"
"RED DE ANCHO METRICO","KM. 478,030","C1623"
"RED DE ANCHO METRICO","KM. 480,860","C1624"
"RED DE ANCHO METRICO","KM. 481,065","C1625"
"RED DE ANCHO METRICO","KM. 483,290","C1626"
"RED DE ANCHO METRICO","KM. 484,490","C1627"
"RED DE ANCHO METRICO","KM. 486,635","C1628"
"RED DE ANCHO METRICO","KM. 487,250","C1629"
"RED DE ANCHO METRICO","KM. 488,420","C1630"
"RED DE ANCHO METRICO","KM. 488,655","C1631"
"RED DE ANCHO METRICO","KM. 491,400","C1632"
"RED DE ANCHO METRICO","KM. 495,340","C1633"
"RED DE ANCHO METRICO","KM. 495,396","C1634"
"RED DE ANCHO METRICO","KM. 495,930","C1635"
"RED DE ANCHO METRICO","KM. 496,860","C1636"
"RED DE ANCHO METRICO","KM. 498,840","C1637"
"RED DE ANCHO METRICO","KM.  1,030","C1638"
"RED DE ANCHO METRICO","KM.  1,300","C1639"
"RED DE ANCHO METRICO","KM. 499,200","C1640"
"RED DE ANCHO METRICO","KM. 499,920","C1641"
"RED DE ANCHO METRICO","KM. 500,110","C1642"
"RED DE ANCHO METRICO","PK. 504,730","C1643"
"RED DE ANCHO METRICO","PK. 506,220","C1644"
"RED DE ANCHO METRICO","PK. 507,950","C1645"
"RED DE ANCHO METRICO","PK. 508,180","C1646"
"RED DE ANCHO METRICO","PK. 508,380","C1647"
"RED DE ANCHO METRICO","PK. 508,470","C1648"
"RED DE ANCHO METRICO","PK. 508,988","C1649"
"RED DE ANCHO METRICO","PK. 509,273","C1650"
"RED DE ANCHO METRICO","PK. 510,765","C1651"
"RED DE ANCHO METRICO","PK. 511,170","C1652"
"RED DE ANCHO METRICO","PK. 513,021","C1653"
"RED DE ANCHO METRICO","PK. 513,583","C1654"
"RED DE ANCHO METRICO","PK. 514,102","C1655"
"RED DE ANCHO METRICO","PK. 514,585","C1656"
"RED DE ANCHO METRICO","PK. 515,877","C1657"
"RED DE ANCHO METRICO","PK. 516,238","C1658"
"RED DE ANCHO METRICO","PK. 516,635","C1659"
"RED DE ANCHO METRICO","PK. 516,655","C1660"
"RED DE ANCHO METRICO","PK. 517,100","C1661"
"RED DE ANCHO METRICO","PK. 518,118","C1662"
"RED DE ANCHO METRICO","PK. 518,266","C1663"
"RED DE ANCHO METRICO","PK. 518,520","C1664"
"RED DE ANCHO METRICO","PK. 519,595","C1665"
"RED DE ANCHO METRICO","PK. 519,998","C1666"
"RED DE ANCHO METRICO","PK. 520,736","C1667"
"RED DE ANCHO METRICO","PK. 523,220","C1668"
"RED DE ANCHO METRICO","PK. 523,630","C1669"
"RED DE ANCHO METRICO","PK. 526,483","C1670"
"RED DE ANCHO METRICO","PK. 526,625","C1671"
"RED DE ANCHO METRICO","PK. 527,230","C1672"
"RED DE ANCHO METRICO","PK. 527,550","C1673"
"RED DE ANCHO METRICO","PK. 528,620","C1674"
"RED DE ANCHO METRICO","PK. 529,100","C1675"
"RED DE ANCHO METRICO","PK. 529,460","C1676"
"","KM.420,700","C1677"
"RED DE ANCHO METRICO","KM.  1,480","C1678"
"","KM.  2,260","C1679"
"RED DE ANCHO METRICO","KM.  4,817","C1680"
"RED DE ANCHO METRICO","KM.  6,098","C1681"
"RED DE ANCHO METRICO","KM.  8,501","C1682"
"RED DE ANCHO METRICO","KM.  8,686","C1683"
"RED DE ANCHO METRICO","KM.  9,693","C1684"
"RED DE ANCHO METRICO","KM. 10,299","C1685"
"RED DE ANCHO METRICO","KM. 10,845","C1686"
"RED DE ANCHO METRICO","KM. 11,305","C1687"
"RED DE ANCHO METRICO","KM. 25,604","C1688"
"RED DE ANCHO METRICO","KM. 25,878","C1689"
"RED DE ANCHO METRICO","KM. 26,256","C1690"
"RED DE ANCHO METRICO","KM. 26,486","C1691"
"RED DE ANCHO METRICO","KM. 28,060","C1692"
"RED DE ANCHO METRICO","KM. 28,499","C1693"
"RED DE ANCHO METRICO","KM. 29,020","C1694"
"RED DE ANCHO METRICO","KM. 29,704","C1695"
"RED DE ANCHO METRICO","KM. 31,486","C1696"
"RED DE ANCHO METRICO","KM. 31,994","C1697"
"RED DE ANCHO METRICO","KM. 32,435","C1698"
"RED DE ANCHO METRICO","KM. 33,738","C1699"
"RED DE ANCHO METRICO","KM. 34,091","C1700"
"RED DE ANCHO METRICO","KM. 34,676","C1701"
"","KM. 34,793","C1702"
"RED DE ANCHO METRICO","KM. 37,800","C1703"
"RED DE ANCHO METRICO","KM. 37,937","C1704"
"RED DE ANCHO METRICO","KM. 38,586","C1706"
"RED DE ANCHO METRICO","KM. 38,923","C1707"
"RED DE ANCHO METRICO","KM. 40,095","C1708"
"RED DE ANCHO METRICO","KM. 40,491","C1709"
"RED DE ANCHO METRICO","KM. 40,718","C1710"
"RED DE ANCHO METRICO","KM. 41,325","C1711"
"RED DE ANCHO METRICO","KM. 42,276","C1712"
"RED DE ANCHO METRICO","KM. 43,143","C1713"
"RED DE ANCHO METRICO","KM. 43,803","C1714"
"RED DE ANCHO METRICO","KM. 46,240","C1715"
"RED DE ANCHO METRICO","KM. 47,149","C1716"
"RED DE ANCHO METRICO","KM. 47,368","C1717"
"RED DE ANCHO METRICO","KM. 47,732","C1718"
"RED DE ANCHO METRICO","KM. 48,674","C1719"
"RED DE ANCHO METRICO","KM. 49,445","C1720"
"RC NORTE","KM. 531,300","C1721"
"RC NORTE"," KM. 531,500","C1722"
"RED DE ANCHO METRICO","KM. 532,880","C1723"
"RED DE ANCHO METRICO","KM. 533,770","C1724"
"RED DE ANCHO METRICO","KM. 551,940","C1725"
"RED DE ANCHO METRICO","KM. 552,900","C1726"
"RED DE ANCHO METRICO","KM. 558,320","C1727"
"RED DE ANCHO METRICO","KM. 558,590","C1728"
"RED DE ANCHO METRICO","KM. 559,890","C1729"
"RED DE ANCHO METRICO","KM. 560,550","C1730"
"RED DE ANCHO METRICO","KM. 563,600","C1731"
"RED DE ANCHO METRICO","KM. 564,590","C1732"
"RED DE ANCHO METRICO","KM. 565,160","C1733"
"RED DE ANCHO METRICO","KM. 565,650","C1734"
"RED DE ANCHO METRICO","KM. 566,500","C1735"
"RED DE ANCHO METRICO","KM. 567,173","C1736"
"RED DE ANCHO METRICO","KM. 569,200","C1737"
"RED DE ANCHO METRICO","KM. 570,900","C1738"
"RED DE ANCHO METRICO","KM. 573,665","C1739"
"RED DE ANCHO METRICO","KM. 574,360","C1740"
"RED DE ANCHO METRICO","KM. 575,010","C1741"
"RED DE ANCHO METRICO","KM. 575,360","C1742"
"RED DE ANCHO METRICO","KM. 576,210","C1743"
"RED DE ANCHO METRICO","KM. 576,672","C1744"
"RED DE ANCHO METRICO","KM. 579,660","C1745"
"RED DE ANCHO METRICO","KM. 579,910","C1746"
"RED DE ANCHO METRICO","KM. 581,106","C1747"
"RED DE ANCHO METRICO","KM. 581,126","C1748"
"RED DE ANCHO METRICO","KM. 581,840","C1749"
"RED DE ANCHO METRICO","KM. 582,030","C1750"
"RED DE ANCHO METRICO","KM. 582,980","C1751"
"RED DE ANCHO METRICO","KM. 584,570","C1752"
"RED DE ANCHO METRICO","KM. 586,720","C1753"
"RED DE ANCHO METRICO","KM. 587,520","C1754"
"RED DE ANCHO METRICO","KM. 589,220","C1755"
"RED DE ANCHO METRICO","KM. 589,670","C1756"
"RED DE ANCHO METRICO","KM. 590,482","C1757"
"RED DE ANCHO METRICO","KM. 590,502","C1758"
"RED DE ANCHO METRICO","KM. 594,080","C1759"
"RED DE ANCHO METRICO","KM. 594,980","C1760"
"RED DE ANCHO METRICO","KM. 596,330","C1761"
"RED DE ANCHO METRICO","KM. 596,890","C1762"
"RED DE ANCHO METRICO","KM. 597,570","C1763"
"RED DE ANCHO METRICO","KM. 597,750","C1764"
"RED DE ANCHO METRICO","KM. 603,530","C1765"
"RED DE ANCHO METRICO","KM. 604,580","C1766"
"RED DE ANCHO METRICO","KM. 608,220","C1767"
"RED DE ANCHO METRICO","KM. 609,070","C1768"
"RED DE ANCHO METRICO","KM. 610,730","C1769"
"RED DE ANCHO METRICO","KM. 611,060","C1770"
"RED DE ANCHO METRICO","KM. 613,830","C1771"
"RED DE ANCHO METRICO","KM. 614,230","C1772"
"RED DE ANCHO METRICO","KM. 615,530","C1773"
"RED DE ANCHO METRICO","KM. 615,730","C1774"
"RED DE ANCHO METRICO","KM. 616,140","C1775"
"RED DE ANCHO METRICO","KM. 617,010","C1776"
"RED DE ANCHO METRICO","KM 0,355","C5171"
"RED DE ANCHO METRICO","KM 1,310","C5172"
"RED DE ANCHO METRICO","KM 2,454","C5173"
"RED DE ANCHO METRICO","KM 2,810","C5174"
"RED DE ANCHO METRICO","KM 6,517","C5175"
"RED DE ANCHO METRICO","KM 8,093","C5176"
"RED DE ANCHO METRICO","KM 11,855","C5177"
"RED DE ANCHO METRICO","KM 14,845","C5178"
"RED DE ANCHO METRICO","KM 15,013","C5179"
"RED DE ANCHO METRICO","KM 15,662","C5180"
"RED DE ANCHO METRICO","KM 16,598","C5181"
"RED DE ANCHO METRICO","KM 17,778","C5182"
"RED DE ANCHO METRICO","KM 19,219","C5183"
"RED DE ANCHO METRICO","KM 20,322","C5184"
"RED DE ANCHO METRICO","KM 22,550","C5185"
"RED DE ANCHO METRICO","KM 22,625","C5186"
"RED DE ANCHO METRICO","KM 24,090","C5187"
"RED DE ANCHO METRICO","KM 37,117","C5188"
"RED DE ANCHO METRICO","KM 38,404","C5189"
"RED DE ANCHO METRICO","KM 38,552","C5190"
"RED DE ANCHO METRICO","KM 38,996","C5191"
"RED DE ANCHO METRICO","KM 39,371","C5192"
"RED DE ANCHO METRICO","KM 40,737","C5193"
"RED DE ANCHO METRICO","KM 42,491","C5194"
"RED DE ANCHO METRICO","KM 42,963","C5195"
"RED DE ANCHO METRICO","KM 43,712","C5196"
"RED DE ANCHO METRICO","KM 44,300","C5197"
"RED DE ANCHO METRICO","KM 44,946","C5198"
"RED DE ANCHO METRICO","KM 49,000","C5199"
"","P.C.TREMAñES 1","C5200"
"RED DE ANCHO METRICO","KM 50,231","C5201"
"RED DE ANCHO METRICO","KM 50,400","C5202"
"RED DE ANCHO METRICO","KM 50,670","C5203"
"RED DE ANCHO METRICO","KM. 272,290","C5204"
"RED DE ANCHO METRICO","KM. 272,580","C5205"
"RED DE ANCHO METRICO","KM. 272,900","C5206"
"RED DE ANCHO METRICO","KM. 273,300","C5207"
"RED DE ANCHO METRICO","KM. 274,470","C5208"
"RED DE ANCHO METRICO","KM. 274,650","C5209"
"RED DE ANCHO METRICO","KM. 276,940","C5210"
"RED DE ANCHO METRICO","KM. 277,430","C5211"
"RED DE ANCHO METRICO","KM. 279,990","C5212"
"RED DE ANCHO METRICO","KM. 280,580","C5213"
"RED DE ANCHO METRICO","KM. 283,100","C5214"
"RED DE ANCHO METRICO","KM. 284,300","C5215"
"RED DE ANCHO METRICO","KM. 288,820","C5216"
"RED DE ANCHO METRICO","KM. 289,450","C5217"
"RED DE ANCHO METRICO","KM. 289,690","C5218"
"RED DE ANCHO METRICO","KM. 289,710","C5219"
"RED DE ANCHO METRICO","KM. 290,580","C5220"
"RED DE ANCHO METRICO","KM. 291,400","C5221"
"RED DE ANCHO METRICO","KM. 292,200","C5222"
"RED DE ANCHO METRICO","KM. 292,500","C5223"
"RED DE ANCHO METRICO","KM. 294,190","C5224"
"RED DE ANCHO METRICO","KM. 294,750","C5225"
"RED DE ANCHO METRICO","KM. 295,410","C5226"
"RED DE ANCHO METRICO","KM. 295,800","C5227"
"RED DE ANCHO METRICO","KM. 296,150","C5228"
"RED DE ANCHO METRICO","KM. 296,850","C5229"
"RED DE ANCHO METRICO","KM. 9,365","C5230"
"RED DE ANCHO METRICO","KM. 8,540","C5231"
"RED DE ANCHO METRICO","KM. 2,600","C5232"
"RED DE ANCHO METRICO","KM. 2,300","C5233"
"RED DE ANCHO METRICO","KM. 0,940","C5234"
"RED DE ANCHO METRICO","KM. 0,830","C5235"
"RED DE ANCHO METRICO","KM.  97,621","C1777"
"RED DE ANCHO METRICO","KM.  98,912","C1778"
"RED DE ANCHO METRICO","KM.  99,167","C1779"
"RED DE ANCHO METRICO","KM. 103,667","C1780"
"RED DE ANCHO METRICO","KM. 103,851","C1781"
"RED DE ANCHO METRICO","KM. 105,113","C1782"
"RED DE ANCHO METRICO","KM. 105,245","C1783"
"RED DE ANCHO METRICO","KM. 107,108","C1784"
"RED DE ANCHO METRICO","KM. 107,411","C1785"
"RED DE ANCHO METRICO","KM. 108,557","C1786"
"RED DE ANCHO METRICO","KM. 108,908","C1787"
"RED DE ANCHO METRICO","KM. 109,092","C1788"
"RED DE ANCHO METRICO","KM. 109,505","C1789"
"RED DE ANCHO METRICO","KM. 110,772","C1790"
"RED DE ANCHO METRICO","KM. 111,896","C1791"
"RED DE ANCHO METRICO","KM. 112,787","C1792"
"RED DE ANCHO METRICO","KM. 113,098","C1793"
"RED DE ANCHO METRICO","KM. 115,245","C1794"
"RED DE ANCHO METRICO","KM. 115,357","C1795"
"RED DE ANCHO METRICO","KM. 116,380","C1796"
"RED DE ANCHO METRICO","KM. 116,503","C1797"
"RED DE ANCHO METRICO","KM. 117,021","C1799"
"RED DE ANCHO METRICO","KM. 117,306","C1800"
"RED DE ANCHO METRICO","KM. 117,947","C1801"
"RED DE ANCHO METRICO","KM. 126,765","C1802"
"RED DE ANCHO METRICO","KM. 126,947","C1803"
"RED DE ANCHO METRICO","KM. 127,478","C1804"
"RED DE ANCHO METRICO","KM. 127,628","C1805"
"RED DE ANCHO METRICO","KM. 127,818","C1806"
"RED DE ANCHO METRICO","KM. 127,975","C1807"
"RED DE ANCHO METRICO","KM. 128,483","C1808"
"RED DE ANCHO METRICO","KM. 128,573","C1809"
"RED DE ANCHO METRICO","KM. 129,721","C1810"
"RED DE ANCHO METRICO","KM. 130,065","C1811"
"RED DE ANCHO METRICO","KM. 130,629","C1812"
"RED DE ANCHO METRICO","KM. 131,178","C1813"
"RED DE ANCHO METRICO","KM. 133,083","C1814"
"RED DE ANCHO METRICO","KM. 134,593","C1815"
"RED DE ANCHO METRICO","KM. 135,569","C1816"
"RED DE ANCHO METRICO","KM. 138,014","C1817"
"RED DE ANCHO METRICO","KM. 138,216","C1818"
"RED DE ANCHO METRICO","KM. 139,057","C1819"
"RED DE ANCHO METRICO","KM. 139,950","C1820"
"RED DE ANCHO METRICO","KM. 147,844","C1821"
"RED DE ANCHO METRICO","KM. 148,110","C1822"
"RED DE ANCHO METRICO","KM. 150,909","C1823"
"RED DE ANCHO METRICO","KM. 151,310","C1824"
"RED DE ANCHO METRICO","KM. 152,430","C1825"
"RED DE ANCHO METRICO","KM. 152,630","C1826"
"RED DE ANCHO METRICO","KM. 152,957","C1827"
"RED DE ANCHO METRICO","KM. 153,152","C1828"
"RED DE ANCHO METRICO","KM. 153,401","C1829"
"RED DE ANCHO METRICO","KM. 153,750","C1830"
"RED DE ANCHO METRICO","KM. 154,085","C1831"
"RED DE ANCHO METRICO","KM. 154,277","C1832"
"RED DE ANCHO METRICO","KM. 154,992","C1833"
"RED DE ANCHO METRICO","KM. 155,504","C1834"
"RED DE ANCHO METRICO","KM. 160,545","C1835"
"RED DE ANCHO METRICO","KM. 162,089","C1836"
"RED DE ANCHO METRICO","KM. 162,261","C1837"
"RED DE ANCHO METRICO","KM. 165,730","C1838"
"RED DE ANCHO METRICO","KM. 166,130","C1839"
"RED DE ANCHO METRICO","KM. 172,160","C1840"
"RED DE ANCHO METRICO","KM. 173,410","C1841"
"RED DE ANCHO METRICO","KM. 174,040","C1842"
"RED DE ANCHO METRICO","KM. 177,530","C1843"
"RED DE ANCHO METRICO","KM. 179,550","C1844"
"RED DE ANCHO METRICO","KM. 185,250","C1845"
"RED DE ANCHO METRICO","KM. 185,500","C1846"
"RED DE ANCHO METRICO","KM. 190,670","C1847"
"RED DE ANCHO METRICO","KM. 191,280","C1848"
"RED DE ANCHO METRICO","KM. 193,480","C1849"
"RED DE ANCHO METRICO","KM. 193,710","C1850"
"RED DE ANCHO METRICO","KM. 194,910","C1851"
"RED DE ANCHO METRICO","KM. 195,425","C1852"
"RED DE ANCHO METRICO","KM. 196,350","C1853"
"RED DE ANCHO METRICO","KM. 205,145","C1854"
"RED DE ANCHO METRICO","KM. 205,580","C1855"
"RED DE ANCHO METRICO","KM. 218,280","C1856"
"RED DE ANCHO METRICO","KM. 219,080","C1857"
"RED DE ANCHO METRICO","KM. 224,700","C1858"
"RED DE ANCHO METRICO","KM. 225,750","C1859"
"RED DE ANCHO METRICO","KM. 238,285","C1860"
"RED DE ANCHO METRICO","KM. 239,910","C1861"
"RED DE ANCHO METRICO","KM. 241,280","C1862"
"RED DE ANCHO METRICO","KM. 241,790","C1863"
"RED DE ANCHO METRICO","KM. 283,075","C1864"
"RED DE ANCHO METRICO","KM. 283,143","C1865"
"RED DE ANCHO METRICO","KM. 8,655","C1866"
"RED DE ANCHO METRICO","KM. 8,465","C1867"
"RED DE ANCHO METRICO","KM. 7,109","C1868"
"RED DE ANCHO METRICO","KM. 6,740","C1869"
"RED DE ANCHO METRICO","KM. 6,340","C1870"
"RED DE ANCHO METRICO","KM. 5,768","C1871"
"RED DE ANCHO METRICO","KM. 5,515","C1872"
"RED DE ANCHO METRICO","KM. 5,100","C1873"
"RED DE ANCHO METRICO","KM. 3,900","C1874"
"RED DE ANCHO METRICO","KM. 2,648","C1875"
"RED DE ANCHO METRICO","KM. 1,950","C1876"
"RED DE ANCHO METRICO","KM. 1,840","C1877"
"RED DE ANCHO METRICO","KM. 1,500","C1878"
"RED DE ANCHO METRICO","KM. 1,110","C1879"
"RED DE ANCHO METRICO","KM. 0,800","C1880"
"RED DE ANCHO METRICO","KM. 626,500","C1881"
"RED DE ANCHO METRICO","KM. 627,245","C1882"
"RED DE ANCHO METRICO","KM. 628,370","C1883"
"RED DE ANCHO METRICO","KM. 628,737","C1884"
"RED DE ANCHO METRICO","KM. 629,551","C1885"
"RED DE ANCHO METRICO","KM. 629,700","C1886"
"RED DE ANCHO METRICO","KM. 629,998","C1887"
"RED DE ANCHO METRICO","KM. 630,430","C1888"
"RED DE ANCHO METRICO","KM. 632,715","C1889"
"RED DE ANCHO METRICO","KM. 632,858","C1890"
"RED DE ANCHO METRICO","KM. 633,070","C1891"
"RED DE ANCHO METRICO","KM. 633,200","C1892"
"RED DE ANCHO METRICO","KM. 634,880","C1893"
"RED DE ANCHO METRICO","KM. 635,640","C1894"
"RED DE ANCHO METRICO","KM. 636,180","C1895"
"RED DE ANCHO METRICO","KM. 637,000","C1896"
"RED DE ANCHO METRICO","KM. 639,190","C1897"
"RED DE ANCHO METRICO","KM. 640,074","C1898"
"RED DE ANCHO METRICO","KM. 640,370","C1899"
"RED DE ANCHO METRICO","KM. 641,475","C1900"
"RED DE ANCHO METRICO","KM. 641,894","C1901"
"RED DE ANCHO METRICO","KM. 642,679","C1902"
"RED DE ANCHO METRICO","KM. 643,710","C1904"
"RED DE ANCHO METRICO","KM. 644,590","C1905"
"RED DE ANCHO METRICO","KM. 648,166","C1906"
"RED DE ANCHO METRICO","KM. 649,152","C1907"
"RED DE ANCHO METRICO","KM.  9,400","C1908"
"RED DE ANCHO METRICO","KM.  9,563","C1909"
"RED DE ANCHO METRICO","KM. 19,920","C1910"
"RED DE ANCHO METRICO","KM. 20,070","C1911"
"RED DE ANCHO METRICO","KM. 27,500","C1912"
"RED DE ANCHO METRICO","KM. 28,200","C1913"
"RED DE ANCHO METRICO","KM. 11,010","C1914"
"RED DE ANCHO METRICO","KM. 13,610","C1915"
"RED DE ANCHO METRICO","KM. 13,920","C1916"
"RED DE ANCHO METRICO","KM. 14,910","C1917"
"RED DE ANCHO METRICO","KM. 16,590","C1918"
"RED DE ANCHO METRICO","KM. 16,940","C1919"
"RED DE ANCHO METRICO","KM. 18,300","C1920"
"RED DE ANCHO METRICO","KM. 20,160","C1921"
"RED DE ANCHO METRICO","KM. 21,070","C1922"
"RED DE ANCHO METRICO","KM. 21,110","C1923"
"RED DE ANCHO METRICO","KM. 22,180","C1924"
"RED DE ANCHO METRICO","KM. 23,340","C1925"
"RED DE ANCHO METRICO","KM. 23,930","C1926"
"RED DE ANCHO METRICO","KM. 24,400","C1927"
"RED DE ANCHO METRICO","KM. 25,310","C1928"
"RED DE ANCHO METRICO","KM. 25,870","C1929"
"RED DE ANCHO METRICO","KM. 26,840","C1930"
"RED DE ANCHO METRICO","KM. 27,160","C1931"
"RED DE ANCHO METRICO","KM. 27,320","C1932"
"RED DE ANCHO METRICO","KM. 28,190","C1933"
"RED DE ANCHO METRICO","KM. 28,420","C1934"
"RED DE ANCHO METRICO","KM. 30,070","C1935"
"RED DE ANCHO METRICO","KM. 34,790","C1936"
"RED DE ANCHO METRICO","KM. 35,850","C1937"
"RED DE ANCHO METRICO","KM. 36,310","C1938"
"RED DE ANCHO METRICO","KM. 37,630","C1939"
"RED DE ANCHO METRICO","KM. 43,381","C1940"
"RED DE ANCHO METRICO","KM. 43,759","C1941"
"RED DE ANCHO METRICO","KM. 44,050","C1942"
"RED DE ANCHO METRICO","KM. 45,970","C1943"
"RED DE ANCHO METRICO","KM. 52,380","C1944"
"RED DE ANCHO METRICO","KM. 53,550","C1945"
"RED DE ANCHO METRICO","KM. 54,070","C1946"
"RED DE ANCHO METRICO","KM. 57,310","C1947"
"RED DE ANCHO METRICO","KM. 59,380","C1948"
"RED DE ANCHO METRICO","KM. 60,280","C1949"
"RED DE ANCHO METRICO","KM. 63,640","C1950"
"RED DE ANCHO METRICO","KM. 65,850","C1951"
"RED DE ANCHO METRICO","KM. 67,680","C1952"
"RED DE ANCHO METRICO","KM. 69,270","C1953"
"RED DE ANCHO METRICO","KM. 70,400","C1954"
"RED DE ANCHO METRICO","KM. 73,160","C1955"
"RED DE ANCHO METRICO","KM. 75,550","C1956"
"RED DE ANCHO METRICO","KM. 76,410","C1957"
"RED DE ANCHO METRICO","KM. 78,870","C1958"
"RED DE ANCHO METRICO","KM. 83,100","C1959"
"RED DE ANCHO METRICO","KM. 86,130","C1960"
"RED DE ANCHO METRICO","KM. 86,390","C1961"
"RED DE ANCHO METRICO","KM. 86,707","C1962"
"RED DE ANCHO METRICO","KM. 86,875","C1963"
"RED DE ANCHO METRICO","KM. 93,217","C1964"
"RED DE ANCHO METRICO","KM. 93,847","C1965"
"RED DE ANCHO METRICO","KM. 94,376","C1966"
"RED DE ANCHO METRICO","KM. 94,748","C1967"
"RED DE ANCHO METRICO","KM. 94,939","C1968"
"RED DE ANCHO METRICO","KM. 96,306","C1969"
"RED DE ANCHO METRICO","KM. 96,599","C1970"
"RED DE ANCHO METRICO","KM. 298,330","C5236"
"RED DE ANCHO METRICO","KM. 298,700","C5237"
"RED DE ANCHO METRICO","KM. 302,100","C5238"
"RED DE ANCHO METRICO","KM. 303,180","C5239"
"RED DE ANCHO METRICO","KM. 304,610","C5240"
"RED DE ANCHO METRICO","KM.   1,220","C5241"
"RED DE ANCHO METRICO","KM.   1,370","C5242"
"RED DE ANCHO METRICO","KM.   5,466","C5243"
"RED DE ANCHO METRICO","KM.   5,504","C5244"
"RED DE ANCHO METRICO","KM.   7,867","C5245"
"RED DE ANCHO METRICO","KM.   7,867","C5246"
"RED DE ANCHO METRICO","KM.   7,920","C5247"
"RED DE ANCHO METRICO","KM.   8,080","C5248"
"RED DE ANCHO METRICO","KM.   8,420","C5249"
"RED DE ANCHO METRICO","KM.  10,504","C5250"
"RED DE ANCHO METRICO","KM.  10,975","C5251"
"RED DE ANCHO METRICO","KM.  11,275","C5252"
"RED DE ANCHO METRICO","KM.  12,200","C5253"
"RED DE ANCHO METRICO","KM.  12,420","C5254"
"RED DE ANCHO METRICO","KM.  14,020","C5255"
"RC NOROESTE","KM. 14,630","C5256"
"RED DE ANCHO METRICO","KM. 16,720","C5257"
"RED DE ANCHO METRICO","KM. 17,090","C5258"
"RC NOROESTE","AGUJA SUEROS","C5259"
"RC NOROESTE","AGUJA SUEROS","C5260"
"RED DE ANCHO METRICO","KM. 18,550","C5261"
"RED DE ANCHO METRICO","KM. 18,550","C5262"
"RED DE ANCHO METRICO","KM. 24,330","C5263"
"RED DE ANCHO METRICO","KM. 24,460","C5264"
"RED DE ANCHO METRICO","KM. 30,410","C5265"
"RED DE ANCHO METRICO","KM. 31,960","C5266"
"RED DE ANCHO METRICO","KM. 33,770","C5267"
"RED DE ANCHO METRICO","KM. 35,100","C5268"
"RED DE ANCHO METRICO","KM. 37,240","C5269"
"RED DE ANCHO METRICO","KM. 38,870","C5270"
"RED DE ANCHO METRICO","KM. 42,560","C5271"
"RED DE ANCHO METRICO","KM. 42,850","C5272"
"RED DE ANCHO METRICO","KM. 45,650","C5273"
"RED DE ANCHO METRICO","KM. 46,100","C5274"
"RED DE ANCHO METRICO","KM. 1,780","C1971"
"RED DE ANCHO METRICO","KM. 1,800","C1972"
"RED DE ANCHO METRICO","KM. 2,000","C1973"
"RED DE ANCHO METRICO","KM. 2,640","C1974"
"RED DE ANCHO METRICO","KM. 6,040","C1975"
"RED DE ANCHO METRICO","KM. 7,020","C1976"
"","KM. 397,710","C1977"
"","KM. 400,180","C1978"
"RED DE ANCHO METRICO","KM. 10,760","C1979"
"RED DE ANCHO METRICO","KM. 10,460","C1980"
"RED DE ANCHO METRICO","KM 8.330","C1981"
"RED DE ANCHO METRICO","KM 8.800","C1982"
"RC NOROESTE","AG.ENL.SOTIELLO","A1983"
"RC NOROESTE","AG ENLACE VERIÑA","A1984"
"RED DE ANCHO METRICO","KM 44,568","C4040"
"RED DE ANCHO METRICO","KM 51,475","C4041"
"RC NOROESTE","AG. A5 TUILLA","A1703"
"RED DE ANCHO METRICO","KM 22,738","C1401"
"RED DE ANCHO METRICO","KM 22,487","C1402"
"RED DE ANCHO METRICO","KM 38,102","C1983"
"RC NOROESTE","P.C. TREMAÑES 1","A1985"
"RC NOROESTE","P.C. TREMAÑES 2","A1986"
"RC NOROESTE","TOL (APD)","05295"
"RC NOROESTE","LA ARGAÑOSA-LAVAPIES (APD)","05301"
"RC NOROESTE","SANDICHE (APD)","05319"
"RC NOROESTE","PARTEAYER (APD)","05355"
"RC NOROESTE","CABORANA (APD)","05377"
"RC NOROESTE","LEVINCO (APD)","05387"
"RC NOROESTE","NOREÑA (APD)","05413"
"RC NOROESTE","CIAÑO-ESCOBIO (APD)","05431"
"RC NOROESTE","BARREDOS (APD)","05441"
"RC NORTE","GÜEÑES (APD)","05471"
"RC NOROESTE","VILLASINTA (APD)","05785"
"RC NOROESTE","SORRIBA (APD)","05790"
"RC NOROESTE","VALDEPIELAGO (APD)","05797"
"RC ESTE","MEDIA LEGUA (APD)","05953"
"RC ESTE","SIERRA MINERA (APD)","05967"
"RC NOROESTE","BIF. ARCADE","B2300"
"RC SUR","MARISMILLAS","B5120"
"RC NORTE","P.K. 641,181 (FRONTERA)","C1160"
"RC NOROESTE","F. OÑORO - FRONTERA","C3308"
"RC NORESTE","P.K. 50,707(FRONTERA)","C7730"
"RC NORESTE","P.K.274,305(FRONTERA)","C7931"
"RC NORTE","P.K.641,181(FRONTERA)","C1161"
"RC NORESTE","P.K.274,305(FRONTERA)","C7932"
"RC ESTE","BIF. BENALUA","B6403"
"RC ESTE","BIF. ALACANT","B6405"
"RC ESTE","AG. KM. 0,815","A6143"
"RC ESTE","BIF. BENALUA","B6406"
"RC NOROESTE","BIF. GRIJOTA","B1505"
"RC NORTE","BIF. CANAL DEL DUERO","B0602"
"RC NORTE","KM. 97,110","C8102"
"RED DE ALTA VELOCIDAD (RAV)","BIF. VINALOPO","B0340"
"RED DE ALTA VELOCIDAD (RAV)","BIF TORRELLANO","B0341"
"RED DE ALTA VELOCIDAD (RAV)","KM 468,095","C0364"
"RED DE ALTA VELOCIDAD (RAV)","KM 476,313","C0365"
"RED DE ALTA VELOCIDAD (RAV)","KM 506,597","C0366"
"RED DE ALTA VELOCIDAD (RAV)","KM 509,612","C0367"
"RED DE ALTA VELOCIDAD (RAV)","KM 523,145","C6120"
"RED DE ALTA VELOCIDAD (RAV)","KM 533,652","C6121"
"RED DE ALTA VELOCIDAD (RAV)","KM 534,373","C6122"
"RED DE ALTA VELOCIDAD (RAV)","ELX AV","03410"
"RED DE ALTA VELOCIDAD (RAV)","SAN ISIDRO","03411"
"RED DE ALTA VELOCIDAD (RAV)","CALLOSA DE SEGURA-COX","03412"
"RED DE ALTA VELOCIDAD (RAV)","ORIHUELA AV","03413"
"RED DE ALTA VELOCIDAD (RAV)","BENIEL AV","03414"
"RED DE ALTA VELOCIDAD (RAV)","KM. 19.780","C0748"
"RED DE ALTA VELOCIDAD (RAV)","KM. 4.117","C0743"
"RED DE ALTA VELOCIDAD (RAV)","KM. 6.803","C0744"
"RED DE ALTA VELOCIDAD (RAV)","KM. 7.340","C0745"
"RED DE ALTA VELOCIDAD (RAV)","KM. 7.656","C0746"
"RED DE ALTA VELOCIDAD (RAV)","KM. 17.832","C0747"
"RED DE ALTA VELOCIDAD (RAV)","KM. 1,884","C0800"
"RC NORTE","KM. 205,3","C1124"
"RED DE ALTA VELOCIDAD (RAV)","KM. 441,597","C4051"
"RED DE ALTA VELOCIDAD (RAV)","KM. 442,969","C4052"
"RED DE ALTA VELOCIDAD (RAV)","KM. 445,100","C4053"
"RED DE ALTA VELOCIDAD (RAV)","KM. 621,692","C4350"
"RED DE ALTA VELOCIDAD (RAV)","KM. 623,758","C4351"
"RED DE ALTA VELOCIDAD (RAV)","KM. 624,274","C4352"
"RED DE ALTA VELOCIDAD (RAV)","KM. 626,703","C4353"
"RED DE ALTA VELOCIDAD (RAV)","KM. 628,758","C4354"
"RED DE ALTA VELOCIDAD (RAV)","KM. 632,361","C4355"
"RED DE ALTA VELOCIDAD (RAV)","KM. 639,759","C4356"
"RED DE ALTA VELOCIDAD (RAV)","KM. 716,838","C4357"
"RED DE ALTA VELOCIDAD (RAV)","KM. 719,967","C4358"
"RED DE ALTA VELOCIDAD (RAV)","KM. 620,234","C4359"
"RED DE ALTA VELOCIDAD (RAV)","KM. 227,272","C4364"
"RED DE ALTA VELOCIDAD (RAV)","KM. 232,055","C4365"
"RED DE ALTA VELOCIDAD (RAV)","KM. 276,246","C4366"
"RED DE ALTA VELOCIDAD (RAV)","KM. 276,588","C4367"
"RED DE ALTA VELOCIDAD (RAV)","KM. 303,420","C4368"
"RED DE ALTA VELOCIDAD (RAV)","KM. 306,102","C4369"
"RED DE ALTA VELOCIDAD (RAV)","KM. 49,203","C0318"
"RED DE ALTA VELOCIDAD (RAV)","KM. 49,554","C0319"
"RC CENTRO","KM. 121,100","C0401"
"RC CENTRO","KM. 119,794","C0402"
"RC CENTRO","KM. 20,830","C0403"
"RED DE ALTA VELOCIDAD (RAV)","KM 468,319","C3309"
"RED DE ALTA VELOCIDAD (RAV)","KM 483,871","C3310"
"RED DE ALTA VELOCIDAD (RAV)","KM 484,955","C3311"
"RED DE ALTA VELOCIDAD (RAV)","KM. 2,500","C3730"
"RED DE ALTA VELOCIDAD (RAV)","KM. 439,100","C4050"
"RC NORESTE","KM. 0,982","C7810"
"RC NORESTE","KM. 1,408","C7811"
"RC NORESTE","KM. 4,589","C7812"
"RC NORESTE","KM. 5,870","C7813"
"RC NORESTE","KM. 7,470","C7814"
"RC NORESTE","KM. 48,780","C7815"
"RC NORESTE","KM. 49,619","C7816"
"RC NORESTE","KM. 52,478","C7817"
"RC NORESTE","KM. 0,944","C7818"
"RC NORESTE","KM. 15,600","C7819"
"RC NORESTE","KM. 18,050","C7820"
"RED DE ALTA VELOCIDAD (RAV)","KM. 160.586","C8000"
"RED DE ALTA VELOCIDAD (RAV)","KM. 160.752","C8001"
"RED DE ALTA VELOCIDAD (RAV)","KM. 15,306","C9212"
"RED DE ALTA VELOCIDAD (RAV)","KM. 18,760","C9213"
"RED DE ALTA VELOCIDAD (RAV)","KM. 20,200","C9214"
"RC NOROESTE","KM. 44,091","C3320"
"RC NOROESTE","KM. 45,697","C3321"
"RC NOROESTE","KM. 122,320","C3322"
"RC NOROESTE","KM. 40,770","C3323"
"RC CENTRO","KM. 7,298","C1100"
"RC NORTE","KM. 374,123","C1110"
"RC NORTE","KM. 394,042","C1111"
"RC NORTE","KM. 395,715","C1112"
"RC NORTE","KM. 397,478","C1113"
"RC NORTE","KM. 401,500","C1114"
"RC NORTE","KM. 402,900","C1115"
"RC NORTE","KM. 427,587","C1116"
"RC NORTE","KM. 429,073","C1117"
"RC NORTE","KM. 438,764","C1118"
"RC NORTE","KM. 285,510","C1119"
"RC NORTE","KM. 372,794","C1120"
"RC NORTE","KM. 529.1","C1121"
"RC NORTE","KM. 207,4","C1122"
"RC NORTE","KM. 247,8","C1123"
"RC NOROESTE","KM. 167,000","C1450"
"RC NOROESTE","KM. 164,960","C1451"
"RC NOROESTE","KM. 1,460","C1452"
"RC NOROESTE","KM. 21,253","C1453"
"RC NOROESTE","KM. 21,598","C1454"
"RC NORTE","KM. 1,176","C1455"
"RC NOROESTE","KM. 60,280","C1456"
"RC NOROESTE","KM. 62,607","C1457"
"RC NOROESTE","KM. 119,853","C1458"
"RC NORTE","KM. 296,500","C1459"
"RC NOROESTE","KM. 13,997","C1460"
"RC NORTE","KM. 489,115","C1461"
"RC NORTE","KM. 496,482","C1462"
"RC NORTE","KM. 500,255","C1463"
"RC NORTE","KM. 9,046","C1464"
"RC NORTE","KM. 9,276","C1465"
"RC NORTE","KM. 182,000","C8010"
"RC NORTE","KM. 199,528","C8011"
"RC NORTE","KM. 200,472","C8012"
"RC NORTE","KM. 94,798","C8013"
"RC NORTE","KM. 7,452","C8014"
"RED DE ALTA VELOCIDAD (RAV)","KM. 4,400","C4361"
"RED DE ALTA VELOCIDAD (RAV)","KM. 16,808","C4362"
"RED DE ALTA VELOCIDAD (RAV)","KM. 23,580","C4363"
"RC NOROESTE","KM. 362,0","C2000"
"RC NOROESTE","KM. 438,650","C2001"
"RC NOROESTE","KM. 457,315","C2002"
"RC NOROESTE","KM. 469,500","C2003"
"RC NOROESTE","KM. 109,692","C2004"
"RC NOROESTE","KM. 120,355","C2005"
"RC NOROESTE","KM. 120,870","C2006"
"RC NOROESTE","KM. 38,100","C2007"
"RC NOROESTE","KM. 39,300","C2008"
"RC NOROESTE","KM. 57,050","C2009"
"RC NOROESTE","KM. 60,000","C2010"
"RC NOROESTE","KM. 131,310","C3100"
"RC NOROESTE","KM. 387,214","C3101"
"RC NOROESTE","KM. 26,829","C3102"
"RC NOROESTE","KM. 47,211","C3103"
"RC CENTRO","KM. 5,062","C3104"
"RC CENTRO","KM. 1,952","C3105"
"RC SUR","KM. 467,798","C0500"
"RC SUR","BOCA SUR TUNEL S.FRANCISCO","C0502"
"RC SUR","KM. 535,678","C0600"
"RC SUR","KM. 537,200","C0601"
"RC SUR","KM. 562,500","C0602"
"RC ESTE","KM. 16,310","C0610"
"RC ESTE","KM. 17,850","C0611"
"RC ESTE","KM. 5,723","C0612"
"RC CENTRO","KM. 12,169","C3502"
"RC CENTRO","KM. 19,367","C3503"
"RC CENTRO","KM 1.369","C6001"
"RC CENTRO","KM 45.670","C6010"
"RC CENTRO","KM 50.680","C6013"
"RC CENTRO","KM 107.300","C6014"
"RC ESTE","KM 274.400","C6015"
"RC ESTE","KM 297.214","C6016"
"RC ESTE","KM. 5,900","C6017"
"RC ESTE","KM 47.8","C6018"
"RC ESTE","KM 57.559","C6019"
"RC ESTE","KM 99.700","C6020"
"RC ESTE","KM 101.428","C6021"
"RC ESTE","KM. 386,784","C6022"
"RC ESTE","KM. 407,689","C6023"
"RC ESTE","KM. 425,359","C6024"
"RC ESTE","KM. 447,971","C6025"
"RC ESTE","KM 109.721","C6026"
"RC ESTE","KM. 462,772","C6112"
"RC ESTE","KM. 463,536","C6113"
"RC ESTE","KM. 12,180","C6201"
"RC ESTE","KM. 14,750","C6202"
"RC ESTE","KM. 49,870","C6203"
"RC ESTE","KM. 52,369","C6204"
"RC ESTE","KM. 52,472","C6205"
"RC ESTE","KM. 53,784","C6206"
"RC ESTE","KM. 10,920","C6207"
"RC ESTE","KM. 31,490","C6208"
"RC ESTE","KM. 453,075","C6209"
"RC ESTE","KM. 459,500","C6210"
"RC ESTE","KM. 460,700","C6211"
"RC ESTE","KM. 58,500","C6214"
"RC ESTE","KM. 147,918","C6605"
"RC ESTE","KM. 10,275","C6901"
"RC ESTE","KM. 24,306","C6902"
"RC ESTE","KM. 25,690","C6903"
"RC ESTE","KM. 40,240","C6904"
"RC SUR","KM. 84.800","C0100"
"RC SUR","KM. 92,573","C0101"
"RC SUR","KM. 307,429","C0102"
"RC SUR","KM. 30,850","C0103"
"RC SUR","KM. 66,285","C0104"
"RC SUR","KM. 62,189","C0105"
"RC SUR","KM. 102,628","C0106"
"RC SUR","KM. 110,027","C0130"
"RC SUR","KM. 110,680","C0131"
"RC SUR","KM. 122,294","C0132"
"RC SUR","KM. 123,787","C0133"
"RC SUR","KM. 124,767","C0140"
"RC SUR","KM. 136,424","C0141"
"RC SUR","KM. 139,513","C0142"
"RC SUR","KM. 143,571","C0143"
"RC SUR","KM. 143,928","C0144"
"RC SUR","KM 133.205","C0301"
"RC SUR","KM 136.002","C0302"
"RC NORESTE","KM 180.000","C7032"
"RC NORESTE","KM 182.583","C7033"
"RC NORESTE","KM 0.968","C7034"
"RC NORESTE","KM 2.650","C7035"
"RC NORESTE","KM 3.430","C7036"
"RC NORESTE","KM 65.885","C7037"
"RC NORESTE","KM 28.237","C7038"
"RC NORESTE","KM 611.029","C7039"
"RC NORESTE","KM 158.426","C7040"
"RC NORESTE","KM 668.152","C7041"
"RC NORESTE","KM. 578,500","C7042"
"RC NORESTE","KM. 101,866","C7043"
"RC NORESTE","KM. 6,713","C7044"
"RC NORESTE","KM. 22,640","C7045"
"RC NORESTE","KM. 23,500","C7046"
"RC NORESTE","KM. 226,306","C7047"
"RC NORESTE","KM. 227,206","C7048"
"RC NORESTE","KM. 242,298","C7049"
"RC NORESTE","KM. 243,434","C7050"
"RC NORESTE","KM. 257,800","C7051"
"RC NORESTE","KM. 259,898","C7052"
"RC NORESTE","KM. 266,399","C7053"
"RC NORESTE","KM. 269,158","C7054"
"RC NORESTE","KM. 352,670","C7055"
"RC NORESTE","KM. 362,517","C7056"
"RC NORESTE","KM. 69,725","C7057"
"RC NORESTE","KM. 13,870","C7058"
"RC NORESTE","KM. 29,743","C7059"
"RC NORESTE","KM. 34,897","C7060"
"RC NORESTE","KM. 1,280","C7061"
"RC NORESTE","KM. 1,730","C7062"
"RC NORESTE","KM. 25,975","C7063"
"RC NORESTE","KM. 5,203","C7064"
"RC NORESTE","KM. 235,343","C7065"
"RC NORESTE","KM. 236,050","C7066"
"RC NORESTE","KM. 247,886","C7067"
"RC NORESTE","KM. 205,758","C7068"
"RC NORESTE","KM. 206,163","C7069"
"RC NORESTE","KM. 114,775","C7070"
"RC NORESTE","KM. 116,267","C7071"
"RC ESTE","KM 3.013","C6502"
"RC ESTE","KM 1.605","C6503"
"RC ESTE","KM 2.431","C6504"
"RC ESTE","KM 5.750","C6505"
"RC ESTE","KM 51.300","C6506"
"RC ESTE","KM 61.189","C6507"
"RC ESTE","KM 61.994","C6508"
"RC ESTE","KM 62.764","C6509"
"RC ESTE","KM 71.553","C6510"
"RC ESTE","KM 71.108","C6511"
"RC NORESTE","KM 274.120","C6512"
"RC NORESTE","KM 0.762","C6513"
"RC NORESTE","KM 19.939","C6514"
"RC NORESTE","KM 20.312","C6515"
"RC NORESTE","KM 24.101","C6516"
"RC ESTE","KM 109.683","C6528"
"RC ESTE","KM 118.154","C6529"
"RC ESTE","KM 215.529","C6530"
"RC CENTRO","KM 103.158","C7020"
"RC CENTRO","KM 122.325","C7021"
"RC CENTRO","KM 158.769","C7022"
"RC NORESTE","KM 232.005","C7025"
"RC NORESTE","KM 254.650","C7026"
"RC NORESTE","KM 281.300","C7027"
"RC NORESTE","KM 338.671","C7028"
"RC NORESTE","KM 103.500","C7029"
"RC NORESTE","KM 105.020","C7030"
"RC NORESTE","KM 161.425","C7031"
"RC ESTE","KM 130.964","C6518"
"RC NORESTE","KM 10.019","C6519"
"RC NORESTE","KM 30.421","C6520"
"RC NORESTE","KM 65.620","C6521"
"RC NORESTE","KM 70.507","C6522"
"RC NORESTE","KM 70.764","C6523"
"RC NORESTE","KM 74.324","C6524"
"RC ESTE","KM 192.941","C6525"
"RC ESTE","KM 203.350","C6526"
"RC ESTE","KM 203.774","C6527"
"RC SUR","KM. 139,910","C4400"
"RC SUR","KM. 143,407","C4401"
"RC SUR","KM. 26,444","C7000"
"RC SUR","KM. 33,628","C7001"
"RC SUR","KM. 55,400","C7002"
"RC SUR","KM. 15,343","C0603"
"RC SUR","KM. 16,590","C0604"
"RC SUR","KM. 20,837","C0605"
"RC SUR","KM. 21,537","C0606"
"RC SUR","KM. 186,400","C0607"
"RC SUR","KM. 196,620","C0608"
"RC SUR","KM. 197,470","C0609"
"RC CENTRO","KM. 134,438","C3500"
"RC CENTRO","KM. 134,801","C3501"
"RC SUR","KM. 32,135","C3600"
"RC SUR","KM. 16,406","C3601"
"RC SUR","KM. 156,000","C3603"
"RC CENTRO","KM. 7,931","C3700"
"RC SUR","KM. 74,155","C5500"
"RC SUR","KM. 69,900","C5502"
"RC SUR","KM. 70,654","C5510"
"RC SUR","KM. 71,664","C5511"
"RC CENTRO","KM. 4,934","C9832"
"RC SUR","C.DE R.","D3604"
"RC SUR","KM. 39,800","C0005"
"RC SUR","CAMBIO KILOMETRACION","C0006"
"RC SUR","KM. 59,000","C0007"
"RC SUR","KM. 57,500","C0008"
"RC SUR","KM. 28,838","C4010"
"RC SUR","KM. 29,249","C4011"
"RC SUR","KM. 55,574","C4012"
"RC CENTRO","KM. 212,485","C3701"
"RC CENTRO","KM. 214,761","C3702"
"RC CENTRO","KM. 233,023","C3703"
"RC CENTRO","KM. 298,2","C3704"
"RC CENTRO","KM. 302,5","C3705"
"RC SUR","KM. 330,000","C3706"
"RC SUR","KM. 373,907","C3707"
"RC SUR","KM. 436,096","C3708"
"RC SUR","KM. 436,740","C3709"
"RC SUR","KM. 448,605","C3740"
"RC SUR","KM. 507,987","C3763"
"RC CENTRO","KM. 198,735","C9400"
"RC NOROESTE","TORNEROS AG KM 115.9","B1513"
"RC CENTRO","KM. 0,391","C3504"
"RC NORTE","KM. 468.170","C1466"
"RC SUR","KM. 65,756","C4013"
"RC NORESTE","KM. 88.413","C7072"
"RED DE ALTA VELOCIDAD (RAV)","KM 59.560","C5441"
"RC SUR","KM 86.520","C5442"
"RED DE ALTA VELOCIDAD (RAV)","BOCA SUR","B0821"
"RED DE ALTA VELOCIDAD (RAV)","BOCA NORTE","B0822"
"RED DE ALTA VELOCIDAD (RAV)","KM. 48,800","C0819"
"RED DE ALTA VELOCIDAD (RAV)","KM. 30,536","C0838"
"RED DE ALTA VELOCIDAD (RAV)","ENTRE TUNELES","C0839"
"RC NOROESTE","BIF. SAN AMARO","A2301"
"RC NOROESTE","KM 50,694","C3106"
"RC NOROESTE","BIF. SAN AMARO","B2301"
"RC NOROESTE","KM 51,193","C3107"
"RC NOROESTE","KM. 3,905","C3108"
"RC NOROESTE","KM. 4,173","C3109"
"RC ESTE","KM 50,900","C6531"
"RED DE ALTA VELOCIDAD (RAV)","BIF. LAS PAJARERAS","B0813"
"RED DE ALTA VELOCIDAD (RAV)","BIF. VENTA DE BAÑOS","B0814"
"RED DE ALTA VELOCIDAD (RAV)","BIF. SOTO","B0815"
"RED DE ALTA VELOCIDAD (RAV)","BIF. LA VEGA","B0816"
"RED DE ALTA VELOCIDAD (RAV)","BIF. CERRATO","B0817"
"RC NOROESTE","BIF. LAS BARRERAS","B0818"
"RC NOROESTE","LAS ARENAS","B0819"
"RC NOROESTE","VILECHA","B0823"
"RC NOROESTE","BIF. ESTADIO MUNICIPAL","B0824"
"RC NOROESTE","KM 54,885","C3110"
"RC NOROESTE","PB DODRO","23023"
"RC NOROESTE","KM 0.707","C2230"
"RC NOROESTE","KM 1.398","C2231"
"RC NOROESTE","VIGO URZAIZ","08223"
"RC NOROESTE","REDONDELA AV","08224"
"RC NORTE","BIF. GAMONAL","B0825"
"RC NOROESTE","BIF. CLASIFICACION","B0826"
"RED DE ALTA VELOCIDAD (RAV)","BIF. CANAL DEL DUERO","B0810"
"RED DE ALTA VELOCIDAD (RAV)","LA ROBLA AV","C0848"
"RED DE ALTA VELOCIDAD (RAV)","CAMPOMANES AV","C0849"
"RED DE ALTA VELOCIDAD (RAV)","DUEÑAS AV","08014"
"RED DE ALTA VELOCIDAD (RAV)","PCA TORQUEMADA","08015"
"RED DE ALTA VELOCIDAD (RAV)","RIO ARLANZON","08016"
"RED DE ALTA VELOCIDAD (RAV)","PCA VILLAQUIRAN AV","08017"
"RED DE ALTA VELOCIDAD (RAV)","ESTEPAR AV","08018"
"RED DE ALTA VELOCIDAD (RAV)","PCA VILLALBILLA","08019"
"RED DE ALTA VELOCIDAD (RAV)","CAMBIADOR CLASIFICACION","08206"
"RED DE ALTA VELOCIDAD (RAV)","CAMBIADOR BURGOS","08020"
"RED DE ALTA VELOCIDAD (RAV)","KM. 249,618","C0349"
"RED DE ALTA VELOCIDAD (RAV)","KM 326.986","C8200"
"RED DE ALTA VELOCIDAD (RAV)","PCA 14,400","C0852"
"RED DE ALTA VELOCIDAD (RAV)","PCA 24,000","C0853"
"RED DE ALTA VELOCIDAD (RAV)","PCA 33,600","C0854"
"RC NOROESTE","MURADAS(CGD)","22301"
"RC NOROESTE","DAVID FERNANDEZ GRANDE(CGD)","22310"
"RC NORESTE","AG. KM 168,060","B7945"
"RC NOROESTE","BIF. ANGUEIRA","B2302"
"RC NOROESTE","KM 88.7","C3111"
"RED DE ALTA VELOCIDAD (RAV)","PCA. VALORIA","08003"
"RED DE ALTA VELOCIDAD (RAV)","BIF. GOBANTES","B0201"
"RC ESTE","KM. 453.846","C6027"
"RC NOROESTE","BIF. REDONDELA","B2230"
"RC NOROESTE","KM. 17.275","C2232"
"RED DE ALTA VELOCIDAD (RAV)","AG. KM. 180.9","A0810"
"RED DE ALTA VELOCIDAD (RAV)","KM. 179.840","C0870"
"RED DE ALTA VELOCIDAD (RAV)","KM. 181.224","C0871"
"RED DE ALTA VELOCIDAD (RAV)","KM. 182.752","C0872"
"RED DE ALTA VELOCIDAD (RAV)","KM. 188.372","C0873"
"RC CENTRO","KM. 6.5","C8103"
"RC NORESTE","PK 1,927","C7510"
"RC NORESTE","PK 2,463","C7511"
"RED DE ALTA VELOCIDAD (RAV)","BIF. CORESES","B0840"
"RED DE ALTA VELOCIDAD (RAV)","KM. 229,345","C3020"
"RED DE ALTA VELOCIDAD (RAV)","ANTEQUERA AV","02030"
"RED DE ALTA VELOCIDAD (RAV)","ARCHIDONA AV","02031"
"RED DE ALTA VELOCIDAD (RAV)","ILLORA","02035"
"RED DE ALTA VELOCIDAD (RAV)","MEDINA DEL CAMPO AV","08240"
"RED DE ALTA VELOCIDAD (RAV)","CAMB. DE MEDINA AV","08241"
"RED DE ALTA VELOCIDAD (RAV)","TORO AV","08242"
"RED DE ALTA VELOCIDAD (RAV)","CAMBIADOR DE ZAMORA","08243"
"RED DE ALTA VELOCIDAD (RAV)","BIF. BOBADILLA","B0105"
"RED DE ALTA VELOCIDAD (RAV)","BIF. RIOFRIO","B0107"
"RED DE ALTA VELOCIDAD (RAV)","BIF. TOCON","B0109"
"RED DE ALTA VELOCIDAD (RAV)","BIF. LA CHANA","B0110"
"RC NOROESTE","BIF.ARROYO DE LA GOLOSA","B3200"
"RED DE ALTA VELOCIDAD (RAV)","BIF. LA VERONICA","B0104"
"RC NORTE","KM. 298.100","C2400"
"RC NORTE","KM. 312.060","C2401"
"RC NORTE","KM. 328.746","C2402"
"RC NORTE","KM. 330.043","C2403"
"RC NORTE","KM. 335.972","C2404"
"RC NORTE","KM. 339.785","C2405"
"RC NORTE","KM. 361.254","C2406"
"RC NORTE","KM. 375.493","C2407"
"RC NORTE","KM. 379.766","C2408"
"RC NORTE","KM. 388.242","C2409"
"RC NORTE","KM. 389.882","C2410"
"RC NORTE","KM. 391.008","C2411"
"RC NORTE","KM. 395.656","C2412"
"RC NORTE","KM. 412.704","C2413"
"RC NORTE","KM. 413.701","C2414"
"RC NORTE","KM. 422.456","C2415"
"RC NORTE","KM. 431.818","C2416"
"RC NORTE","KM. 432.987","C2417"
"RC NORTE","KM. 438.925","C2418"
"RC NORTE","KM. 439.272","C2419"
"RC NORTE","KM. 447.678","C2420"
"RC NORTE","KM. 455.975","C2421"
"RC NORTE","KM. 461.561","C2422"
"RC NORTE","KM. 466.201","C2423"
"RC NORTE","KM. 466.455","C2424"
"RC NORTE","KM. 480.118","C2425"
"RC NORTE","KM. 481.663","C2426"
"RC NORTE","KM. 482.004","C2427"
"RC NORTE","KM. 491.376","C2428"
"RC NORTE","KM. 492.178","C2429"
"RC NORTE","KM. 503.750","C2430"
"RC NORTE","KM. 507.415","C2431"
"RC NORTE","KM. 509.687","C2432"
"RC NORTE","KM. 513.450","C2433"
"RC NORTE","KM. 374.300","C2434"
"RC NORTE","KM. 380.900","C2435"
"RC CENTRO","SOTO DEL HENARES(APD)","70112"
"RC CENTRO","MIRASIERRA-PACO DE LUCIA (APD)","97200"
"RC NORTE","KM. 412.704","C1413"
"RC SUR","KM. 453,700","C3750"
"RC SUR","KM. 456,214","C3751"
"RC NOROESTE","KM 91,056","C3112"
"RC NORESTE","KM. 0.460","C6535"
"RC NOROESTE","KM 5.775","C2301"
"RC NOROESTE","KM 7.485","C2302"
"RC NOROESTE","KM 19.976","C2303"
"RC NOROESTE","KM 24.504","C2304"
"RC NOROESTE","KM 26.869","C2305"
"RC NOROESTE","KM 29.305","C2306"
"RC NOROESTE","KM 30.725","C2307"
"RC NOROESTE","KM 0.994","C2436"
"RC NOROESTE","KM 19.500","C2437"
"RC NOROESTE","KM 24.981","C2438"
"RC NOROESTE","KM. 427.541","C2443"
"RC NOROESTE","KM. 428.537","C2444"
"RC NOROESTE","KM. 435.362","C2445"
"RC NOROESTE","KM. 436.132","C2446"
"RC NOROESTE","KM. 379.423","C2440"
"RC NOROESTE","KM. 384.512","C2441"
"RC NOROESTE","KM. 388.391","C2442"
"RC NOROESTE","DODRO","23020"
"RC NOROESTE","PADRON BARBANZA","23021"
"RC NOROESTE","BIF. CAMB. VILECHA","A0823"
"RC NOROESTE","AG. KM. 230.2","A1410"
"RED DE ALTA VELOCIDAD (RAV)","KM. 224.632","C8201"
"RED DE ALTA VELOCIDAD (RAV)","KM. 226.264","C8202"
"RED DE ALTA VELOCIDAD (RAV)","C. DE R.","C8203"
"RED DE ALTA VELOCIDAD (RAV)","KM. 227.847","C8204"
"RED DE ALTA VELOCIDAD (RAV)","KM. 231.315","C8205"
"RED DE ALTA VELOCIDAD (RAV)","KM. 232.615","C8206"
"RED DE ALTA VELOCIDAD (RAV)","KM. 232.615","C8207"
"RED DE ALTA VELOCIDAD (RAV)","KM. 234.349","C8208"
"RED DE ALTA VELOCIDAD (RAV)","KM. 237.946","C8209"
"RED DE ALTA VELOCIDAD (RAV)","KM. 231,398","C8210"
"RED DE ALTA VELOCIDAD (RAV)","KM. 340.673","C8212"
"RED DE ALTA VELOCIDAD (RAV)","KM. 343.123","C8213"
"RED DE ALTA VELOCIDAD (RAV)","KM. 344.086","C8214"
"RED DE ALTA VELOCIDAD (RAV)","KM. 344.904","C8215"
"RC NORESTE","KM. 207.558","C7073"
"RED DE ALTA VELOCIDAD (RAV)","AG. KM. 157.146","A8240"
"RED DE ALTA VELOCIDAD (RAV)","KM. 230,400","C3021"
"RED DE ALTA VELOCIDAD (RAV)","KM. 231,200","C3022"
"RED DE ALTA VELOCIDAD (RAV)","KM. 232,000","C3023"
"RED DE ALTA VELOCIDAD (RAV)","KM. 339.211","C8216"
"RED DE ALTA VELOCIDAD (RAV)","KM. 223.462","C8217"
"RED DE ALTA VELOCIDAD (RAV)","KM. 224.037","C8218"
"RC CENTRO","AZUQUECA PUERTO SECO (CGD)","70113"
"RED DE ALTA VELOCIDAD (RAV)","KM. 235.392","C8219"
"RC NORESTE","PK 1,927","A7510"
"RC SUR","KM. 33.106","C0107"
"RED DE ALTA VELOCIDAD (RAV)","KM. 338.665","C8220"
"RC SUR","KM. 32,566","C0108"
"RC SUR","KM. 34,211","C0109"
"RC SUR","JARDINES DE HERCULES (APD)","51113"
"RC NORESTE","BIF. LA FEREDAT-AG. KM. 249.3","A5410"
"RC ESTE","L'HOSPITALET-MONT ROIG","B5407"
"RC ESTE","RIFA","B5408"
"RC ESTE","CAMBRILS-SALOU","B5409"
"RC ESTE","BIF. LA FEREDAT","B5410"
"RC NORESTE","BIF. VILA-SECA","B7510"
"RED DE ALTA VELOCIDAD (RAV)","KM. 144,461","C3024"
"RC NOROESTE","KM. 0.3","C3025"
"RED DE ALTA VELOCIDAD (RAV)","BIF. EL BOLON","B3020"
"RC NOROESTE","KM. 6,240","C3113"
"RC NOROESTE","KM. 1,000","C3114"
"RC NOROESTE","KM. 2,106","C3115"
"RED DE ALTA VELOCIDAD (RAV)","KM. 156,468","C8221"
"RC NOROESTE","KM. 7.870","C3026"
"RED DE ALTA VELOCIDAD (RAV)","KM. 156,238","C8222"
"RED DE ALTA VELOCIDAD (RAV)","PAET LA RIBERA","90002"
"RED DE ALTA VELOCIDAD (RAV)","BIF. CAN TUNIS","90003"
"RED DE ALTA VELOCIDAD (RAV)","BIF. PORT","90004"
"RED DE ALTA VELOCIDAD (RAV)","PAET APB","90005"
"RED DE ALTA VELOCIDAD (RAV)","KM. 562,188","C0429"
"RED DE ALTA VELOCIDAD (RAV)","KM. 563,303","C0430"
"RC NOROESTE","KM. 0.450 LIM ADIF-ARCELOR","A1650"
"RC NOROESTE","KM. 6.135 LIM ADIF-UNION FENOSA","A3142"
"RC SUR","KM. 1.717 LIM ADIF-PUERTO SEVILLA","A5110"
"RC SUR","KM. 2.272 LIM FUNC ADIF-PTO SEVILLA","A5111"
"RC ESTE","KM. 3.012 LIM ADIF-FORD","A6410"
"RC ESTE","KM. 6.7 LIM ADIF-PTO VALENCIA","A6504"
"RC ESTE","KM. 7.1 LIM ADIF-PTO VALENCIA","A6505"
"RC NOROESTE","CAMBIO DE TENSION","C3116"
"RC NORTE","KM. 231.993","C7201"
"RC NORTE","KM. 233.600","C7203"
"RC NORTE","KM. 280.094","C7204"
"RC ESTE","KM. 53.165","C6540"
"RC ESTE","KM. 61,995","C6541"
"RC ESTE","KM. 57,045","C6517"
"RC NORESTE","KM. 303,4","C7821"
"RC NORESTE","KM. 316,0","C7822"
"RED DE ALTA VELOCIDAD (RAV)","BIF. LA XACONA","B4105"
"RC ESTE","BIF. BELLISSENS","B5411"
"RC NORESTE","KM. 252,394","C6532"
"RC NORESTE","KM. 253,235","C6533"
"RC NORESTE","KM. 253,886","C6534"
"RED DE ALTA VELOCIDAD (RAV)","KM. 254,325","C6536"
"RED DE ALTA VELOCIDAD (RAV)","KM. 255,318","C6537"
"RED DE ALTA VELOCIDAD (RAV)","KM. 256,590","C6538"
"RED DE ALTA VELOCIDAD (RAV)","KM. 262,913","C6539"
"RED DE ALTA VELOCIDAD (RAV)","KM. 516,944","C6542"
"RED DE ALTA VELOCIDAD (RAV)","KM. 518,196","C6543"
"RED DE ALTA VELOCIDAD (RAV)","KM. 519,080","C6544"
"RED DE ALTA VELOCIDAD (RAV)","BIF. LA GATELLADA","B4106"
"RC SUR","KM 462,0","C5443"
"RC SUR","KM. 1,534","C5444"
"RC SUR","KM 0,234","C5445"
"RED DE ALTA VELOCIDAD (RAV)","KM. 514,850","C6545"
"RED DE ALTA VELOCIDAD (RAV)","BIF. JESUS","C0347"
"RC ESTE","BIF. JOAQUIN SOROLLA-UIC","A6422"
"RED DE ALTA VELOCIDAD (RAV)","BIF. JESUS","B0323"
"RED DE ALTA VELOCIDAD (RAV)","KM. 220,682","C0874"
"RED DE ALTA VELOCIDAD (RAV)","PT. BLOQUEO DE ESTEPAR","C0875"
"RED DE ALTA VELOCIDAD (RAV)","KM. 187,700","C0876"
"RED DE ALTA VELOCIDAD (RAV)","KM. 188,300","C0877"
"RC NORESTE","KM. 7,1","C7402"
"RC NORESTE","KM. 9,3","C7404"
"RC NORESTE","KM. 11,0","C7406"
"RC NORESTE","KM. 13,4","C7408"
"RC NORESTE","KM. 14,5","C7410"
"RED DE ALTA VELOCIDAD (RAV)","CAMBIADOR ANCHO PEDRALBA","B0841"
"RED DE ALTA VELOCIDAD (RAV)","OTERO DE BODAS","B0842"
"RED DE ALTA VELOCIDAD (RAV)","BIF. LOS CONFORCOS","B0843"
"RED DE ALTA VELOCIDAD (RAV)","KM. 229,544","C0878"
"RED DE ALTA VELOCIDAD (RAV)","KM. 234,621","C0880"
"RED DE ALTA VELOCIDAD (RAV)","KM. 235,101","C0881"
"RED DE ALTA VELOCIDAD (RAV)","KM. 237,007","C0882"
"RED DE ALTA VELOCIDAD (RAV)","PCA MONTAMARTA","C0884"
"RED DE ALTA VELOCIDAD (RAV)","TABARA","C0885"
"RED DE ALTA VELOCIDAD (RAV)","PCA MOMBUEY","C0886"
"RED DE ALTA VELOCIDAD (RAV)","PCA CERNADILLA","C0887"
"RED DE ALTA VELOCIDAD (RAV)","KM. 342,500","C0888"
"RED DE ALTA VELOCIDAD (RAV)","KM. 343,500","C0889"
"RED DE ALTA VELOCIDAD (RAV)","KM. 344,500","C0890"
"RED DE ALTA VELOCIDAD (RAV)","KM. 229,544","0878"
"RC CENTRO","KM. 152.213","C7304"
"RC NORESTE","KM. 336,4","C7081"
"RC NORTE","KM. 580.000","C1403"
"RC CENTRO","KM. 1.370","C3180"
"RC CENTRO","KM. 0.000 P.PIO","C3181"
"RC NORESTE","KM 84,896","C7310"
"RC NORESTE","KM. 4.439","C7943"
"RC ESTE","KM. 55.979","C6418"
"RC NORTE","COMPLEJO FERROVIARIO MERC.","10620"
"RED DE ALTA VELOCIDAD (RAV)","SANABRIA A.V.","A8241"
"RC NOROESTE","KM. 4,633","C2202"
"RC NOROESTE","KM. 4,068","C2203"
"RC NOROESTE","KM. 2,152","C2204"
"RED DE ALTA VELOCIDAD (RAV)","BIF. TUNEL PEDRALBA","A8243"
"RED DE ALTA VELOCIDAD (RAV)","VILAVELLA","A8244"
"RED DE ALTA VELOCIDAD (RAV)","PORTA DE GALICIA","A8245"
"RED DE ALTA VELOCIDAD (RAV)","CAMPOBECERROS","A8246"
"RED DE ALTA VELOCIDAD (RAV)","BIF. MIAMAN","A8247"
"RED DE ALTA VELOCIDAD (RAV)","TABOADELA AV AG KM 446,1","A8248"
"RC ESTE","KM 5,755","C6419"
"RC ESTE","KM 6,583","C6420"
"RC ESTE","KM 8,342","C6421"
"RC ESTE","KM 9,895","C6422"
"RC ESTE","KM 11,405","C6423"
"RC ESTE","KM 12,309","C6425"
"RC NORTE","KM. 529.1","C1125"
"RC NOROESTE","KM. 273.390","C2011"
"RC NOROESTE","POBRA DE SAN XIAN","20324"
"RED DE ALTA VELOCIDAD (RAV)","B.N. TUNEL CH-ATOCHA","B0885"
"RED DE ALTA VELOCIDAD (RAV)","BIF. AGUJA 7,296","B0886"
"RED DE ALTA VELOCIDAD (RAV)","JARDIN BOTANICO","B0887"
"RED DE ALTA VELOCIDAD (RAV)","B.S. TUNEL CH-ATOCHA / AG KM 7.740","B0888"
"RED DE ALTA VELOCIDAD (RAV)","CANAL DEL MANZANARES","B0889"
"RC NORESTE","KM. 11,5","C7802"
"RC NORESTE","KM. 0.8","C7401"
"RC ESTE","CAMBIO TENSION","C6424"
"RC ESTE","ALBAL APEADERO","64205"
"RC ESTE","L'HOSPITALET DE L'INFANT","65420"
"RC ESTE","RIFA","65421"
"RC ESTE","CAMBRILS","65422"
"RED DE ALTA VELOCIDAD (RAV)","BIF. LA HINIESTA","A0843"
"RC NOROESTE","ZAMORA AG. KM. 233,0","B3019"
"RC NOROESTE","BIF. VALORIO","B3021"
"RED DE ALTA VELOCIDAD (RAV)","BIF. PEDRALBA","B3120"
"RED DE ALTA VELOCIDAD (RAV)","KM. 158,548","C0505"
"RC SUR","KM. 84.800","B0100"
"RC ESTE","KM 60,430","C6074"
"RC NOROESTE","LA HINIESTA (CGD)","31101"
"RC NORESTE","KM. 135.564","C7945"
"RC ESTE","KM. 378.0","C6105"
"RC NOROESTE","PEDRALBA AG KM 112.4","B3122"
"RC SUR","KM. 92,573","C0110"
"RC ESTE","EL REGUERON AG KM 522,1","A6133"
"RC ESTE","MURCIA DEL CARMEN AG KM 526,8","A6135"
"RC ESTE","EL REGUERON AG KM 525,3","A6137"
"RC ESTE","KM. 470,723","C6123"
"RED DE ALTA VELOCIDAD (RAV)","KM 141,4","C0111"
"RED DE ALTA VELOCIDAD (RAV)","MADRID-JARDIN BOTANICO","03200"
"RC CENTRO","BIF. STA. CATALINA","B1803"
"RED DE ALTA VELOCIDAD (RAV)","CAMBIADOR DE LA BOELLA","04120"
"RC NORESTE","BIF.GLORIES-CLOT","B7183"
"RED DE ALTA VELOCIDAD (RAV)","LA HINIESTA-AV","08244"
"RED DE ALTA VELOCIDAD (RAV)","TABARA","08245"
"RED DE ALTA VELOCIDAD (RAV)","OTERO DE BODAS","08246"
"RED DE ALTA VELOCIDAD (RAV)","SANABRIA AV","08247"
"RED DE ALTA VELOCIDAD (RAV)","CAMBIADOR ANCHO PEDRALBA","08248"
"RED DE ALTA VELOCIDAD (RAV)","KM. 510.0","C6200"
"RED DE ALTA VELOCIDAD (RAV)","KM. 304.6","C8020"
"RC SUR","BIF. LA ISLA","B3750"
"RC SUR","BIF. SAN NICOLAS","B3760"
"RC NOROESTE","TABOADELA AG. KM. 447,1","A8249"
"RED DE ALTA VELOCIDAD (RAV)","TABOADELA AV","08253"
"RED DE ALTA VELOCIDAD (RAV)","CAMBIADOR DE TABOADELA","08255"
"RC NOROESTE","TABOADELA AG. KM. 234,0","A8250"
"RED DE ALTA VELOCIDAD (RAV)","VILAVELLA","08250"
"RED DE ALTA VELOCIDAD (RAV)","A GUDIÑA-PORTA DE GALICIA","08251"
"RED DE ALTA VELOCIDAD (RAV)","MIAMAN","08252"
"RC NOROESTE","LEON AG. KM. 123,6","A1510"
"RC NORTE","BURGOS AG. KM. 374,2","A0825"
"RED DE ALTA VELOCIDAD (RAV)","BIF. EL CHAPARRAL","B3500"
"RC SUR","BIF. SAN ESTEBAN","B3501"
"RC SUR","CACERES AG. KM. 82.2","A3540"
"RC SUR","BIF. CASA DE LA TORRE","B3503"
"RC SUR","BIF. EL PALMERAL","B3502"
"RC SUR","BIF. ROMANOS","B3600"
"RC SUR","BIF. ALDIHUELA","B3601"
"RC SUR","PEÑAS BLANCAS","B3602"
"","KM. 115.416","C3602"
"RC SUR","ARROYO DE LA HERRERA","03500"
"RC SUR","CERRO DE LA CABRERA","03501"
"RC SUR","ALDEA DEL CANO AV","03602"
"RC NOROESTE","KM. 39.016","Z0046"
"RED DE ALTA VELOCIDAD (RAV)","KM. 74.8","Z0139"
"RED DE ALTA VELOCIDAD (RAV)","KM. 317.354","Z0021"
"RED DE ALTA VELOCIDAD (RAV)","KM. 73.725","Z0061"
"RED DE ALTA VELOCIDAD (RAV)","KM. 227.145","Z0002"
"RED DE ALTA VELOCIDAD (RAV)","KM. 302.084","Z0302"
"RED DE ALTA VELOCIDAD (RAV)","KM. 331.304","Z0331"
"RED DE ALTA VELOCIDAD (RAV)","KM. 264.863","Z0264"
"RED DE ALTA VELOCIDAD (RAV)","KM. 152.24","Z0165"
"RED DE ALTA VELOCIDAD (RAV)","KM. 271.064","Z0083"
"RED DE ALTA VELOCIDAD (RAV)","KM. 20.78","Z0096"
"RED DE ALTA VELOCIDAD (RAV)","KM. 551.629","Z0127"
"RED DE ALTA VELOCIDAD (RAV)","KM. 285.858","Z0020"
"RED DE ALTA VELOCIDAD (RAV)","KM. 438.821","Z0093"
"RED DE ALTA VELOCIDAD (RAV)","KM. 71.57","Z0166"
"RED DE ALTA VELOCIDAD (RAV)","KM. 268.874","Z0031"
"RED DE ALTA VELOCIDAD (RAV)","KM. 352.051","Z0176"
"RED DE ALTA VELOCIDAD (RAV)","KM. 323.901","Z0078"
"RED DE ALTA VELOCIDAD (RAV)","KM. 254.705","C0816"
"RED DE ALTA VELOCIDAD (RAV)","KM. 244.592","ZN816"
"RED DE ALTA VELOCIDAD (RAV)","KM. 520.715","Z0125"
"RED DE ALTA VELOCIDAD (RAV)","KM. 72.847","Z0064"
"RED DE ALTA VELOCIDAD (RAV)","KM. 425.185","Z0121"
"RED DE ALTA VELOCIDAD (RAV)","KM. 193.557","Z0003"
"RED DE ALTA VELOCIDAD (RAV)","KM. 288.516","Z0076"
"RED DE ALTA VELOCIDAD (RAV)","KM. 36.432","Z0043"
"RED DE ALTA VELOCIDAD (RAV)","KM. 241.251","Z0110"
"RED DE ALTA VELOCIDAD (RAV)","KM. 139.7","Z0142"
"RED DE ALTA VELOCIDAD (RAV)","KM. 37.816","Z0026"
"RED DE ALTA VELOCIDAD (RAV)","KM. 142.163","Z0068"
"RED DE ALTA VELOCIDAD (RAV)","KM. 9.247","Z1147"
"RED DE ALTA VELOCIDAD (RAV)","KM. 86.593","Z0100"
"RED DE ALTA VELOCIDAD (RAV)","KM. 67.4","Z0101"
"RED DE ALTA VELOCIDAD (RAV)","KM. 460.273","Z0042"
"RED DE ALTA VELOCIDAD (RAV)","KM. 178.121","Z0070"
"RED DE ALTA VELOCIDAD (RAV)","KM. 3.65","Z0007"
"RED DE ALTA VELOCIDAD (RAV)","KM. 601.534","Z0129"
"RED DE ALTA VELOCIDAD (RAV)","KM. 261.211","Z0011"
"RED DE ALTA VELOCIDAD (RAV)","KM. 15.499","Z0136"
"RED DE ALTA VELOCIDAD (RAV)","KM. 210.566","Z0016"
"RED DE ALTA VELOCIDAD (RAV)","KM. 391.055","ZN002"
"RED DE ALTA VELOCIDAD (RAV)","KM. 426.187","ZN003"
"RED DE ALTA VELOCIDAD (RAV)","KM. 361.92","ZN001"
"RC NOROESTE","KM. 75.32","Z0155"
"RED DE ALTA VELOCIDAD (RAV)","KM. 207.218","Z0072"
"RED DE ALTA VELOCIDAD (RAV)","KM. 44.477","Z0052"
"RED DE ALTA VELOCIDAD (RAV)","KM. 492.907","Z0124"
"RED DE ALTA VELOCIDAD (RAV)","KM. 694.614","Z0132"
"RED DE ALTA VELOCIDAD (RAV)","KM. 9.605","Z0053"
"RED DE ALTA VELOCIDAD (RAV)","KM. 228.703","Z0156"
"RED DE ALTA VELOCIDAD (RAV)","KM. 188.964","Z0107"
"RED DE ALTA VELOCIDAD (RAV)","KM. 32.799","Z0025"
"RED DE ALTA VELOCIDAD (RAV)","KM. 112.179","Z0103"
"RED DE ALTA VELOCIDAD (RAV)","KM. 318.331","Z0112"
"RED DE ALTA VELOCIDAD (RAV)","KM. 138.2","Z0148"
"RED DE ALTA VELOCIDAD (RAV)","KM. 351.615","Z0114"
"RED DE ALTA VELOCIDAD (RAV)","KM. 107.903","Z0066"
"RC NOROESTE","KM. 74.447","Z0153"
"RED DE ALTA VELOCIDAD (RAV)","KM. 117.131","Z0163"
"RED DE ALTA VELOCIDAD (RAV)","KM. 105.281","Z0009"
"RED DE ALTA VELOCIDAD (RAV)","KM. 376.26","Z0082"
"RC NOROESTE","KM. 397.52","Z0157"
"RED DE ALTA VELOCIDAD (RAV)","KM. 12.49","Z0059"
"RED DE ALTA VELOCIDAD (RAV)","KM. 222.444","Z0170"
"RED DE ALTA VELOCIDAD (RAV)","KM. 40.328","Z0060"
"RC NOROESTE","KM. 87.196","Z0152"
"RED DE ALTA VELOCIDAD (RAV)","KM. 198.246","Z0149"
"RED DE ALTA VELOCIDAD (RAV)","KM. 136.258","Z0062"
"RED DE ALTA VELOCIDAD (RAV)","KM. 305.745","Z0085"
"RED DE ALTA VELOCIDAD (RAV)","KM. 270.254","Z0172"
"RED DE ALTA VELOCIDAD (RAV)","KM. 342.944","Z0080"
"RED DE ALTA VELOCIDAD (RAV)","KM. 236.111","Z0073"
"RED DE ALTA VELOCIDAD (RAV)","KM. 382.513","Z0116"
"RED DE ALTA VELOCIDAD (RAV)","KM. 314.859","Z0169"
"RED DE ALTA VELOCIDAD (RAV)","KM. 436.655","Z0174"
"RED DE ALTA VELOCIDAD (RAV)","KM. 664.831","Z0131"
"RED DE ALTA VELOCIDAD (RAV)","KM. 105.0","Z0141"
"RED DE ALTA VELOCIDAD (RAV)","KM. 160.934","Z0150"
"RED DE ALTA VELOCIDAD (RAV)","KM. 214.859","Z0178"
"RED DE ALTA VELOCIDAD (RAV)","KM. 413.193","Z0118"
"RC NOROESTE","KM. 418.034","Z0159"
"RED DE ALTA VELOCIDAD (RAV)","KM. 377.945","Z0089"
"RED DE ALTA VELOCIDAD (RAV)","KM. 406.009","Z0090"
"RED DE ALTA VELOCIDAD (RAV)","KM. 152.43","Z0105"
"RED DE ALTA VELOCIDAD (RAV)","KM. 238.632","Z0018"
"RED DE ALTA VELOCIDAD (RAV)","KM. 746.23","Z0134"
"RED DE ALTA VELOCIDAD (RAV)","KM. 721.418","Z0135"
"RC NOROESTE","KM. 78.851","Z0024"
"RED DE ALTA VELOCIDAD (RAV)","KM. 630.625","Z0036"
"RED DE ALTA VELOCIDAD (RAV)","KM. 342.855","Z0087"
"RC NOROESTE","KM. 58.277","Z0045"
"RC NORESTE","S PERPETUA MOGODA-RIERA CALDES (APD","72508"
"RC SUR","AG. KM. 160.4","A3760"
"","KM. 289.8","ZN801"
"","KM. 84.3","C3540"
"","KM. 293.5","ZN501"
"","KM. 7.3","ZN502"
"","KM. 520.0","C6132"
"RC NORESTE","AGUJA K.M. 185,747","A8401"
"","KM. 468.887","ZN461"
"","KM. 473.286","ZN462"
"","KM. 509.999","ZN463"
"RC ESTE","LA PARRILLA","64010"
"RC ESTE","BIF. MOIXENT","B6411"
"RC ESTE","BIF. TUNEL DE LA ENCINA","B6410"
"RC NOROESTE","LA ROBLA AV","08208"
"RC NOROESTE","CAMPOMANES AV","08207"
"","KM. 388.2","C8825"
"","KM. 376.2","ZN984"
"RC NOROESTE","B.N. TUNEL NOCEDO DE GORDON","C8818"
"RC NOROESTE","B.S. TUNELES PAJARES","C8819"
"RC NOROESTE","B.S. TUNEL DE ALBA","C8817"
"RC NOROESTE","CAMPOMANES AV AG. KM 411,6","A0851"
"RC NOROESTE","CAMPOMANES AV AG. KM 410,7","A0849"
"RC NOROESTE","B.S. TUNELES PONTONES","C8821"
"RC NOROESTE","B.N. TUNELES TESO","C8822"
"RC NOROESTE","B.N. TUNELES PAJARES","C8820"
"RC ESTE","DARSENA ESCOMBRERAS","61404"
"RC ESTE","LIMITE ADIF-AP. CARTAGENA","B6140"
"RC CENTRO","AGUJA KM. 2.0","A7003"
"RC NORTE","SANTIAGO AG KM 378.110","A3144"
"RC NOROESTE","A CORUÑA AG KM 438.904","A3143"
"RC SUR","HUELVA-MERCANCIAS AG. KM.107,4","A4309"
"RC SUR","BIF. TORRE ARENILLAS","B4310"
"RC SUR","ACCESO PUERTO DE HUELVA","43030"
"RC ESTE","ALBAL (APD)","64210"
"","KM. 11.125","Z5341"
"","KM. 11.125","Z0261"
"","KM. 35.593","Z0262"
"","KM. 76.528","Z5181"
"","KM. 123.178","Z6261"
"RC CENTRO","ACCIONA INFRAESTRUCTURAS (CGD)","66019"
"RC CENTRO","BM. AV. VILLARRUBIA DE SANT. (CGD)","66020"
"RC SUR","GRANADA AG. KM 53,273","B5702"
"RC SUR","GRANADA AG. KM 54,289","B5703"
"RED DE ALTA VELOCIDAD (RAV)","CAMBIADOR DE GRANADA","05021"
"RC NOROESTE","ACCESO POLIGONO VILLADANGOS (CGD)","B2003"
"RC ESTE","ALMUSSAFES","64110"
"","KM. 168.214","Z9261"
"RC SUR","BIF. GRANJA LAS ENCINAS","B3603"
"RC SUR","PLATAFORMA LOGISTICA DEL SUROESTE","37612"
"RED DE ALTA VELOCIDAD (RAV)","LA SAGRERA AV","04320"
"RC NOROESTE","SAMA-LOS LLERONES","05427"
"RC NOROESTE","LA FELGUERA-LANGREO CENTRO (APD)","05426"
"RC NORTE","C. FERROVIARIO AG. KM. 3,7","B1053"
"RC NORTE","KM. 257,3","C1062"
"RC CENTRO","ACCESO PUERTOLLANO REFINERIA","B3730"
"RC NOROESTE","PCA LUENGOS","C0868"
"","PCA BECERRIL AV","C1410"
"RC NORTE","KM 200.0","C5740"
