"Subdirección","Código"
"RED DE ALTA VELOCIDAD (RAV)","A0180"
"RC SUR","A0300"
"RC SUR","A0426"
"RC SUR","A0427"
"RED DE ALTA VELOCIDAD (RAV)","A0660"
"RED DE ALTA VELOCIDAD (RAV)","A0720"
"RED DE ALTA VELOCIDAD (RAV)","A0740"
"RED DE ALTA VELOCIDAD (RAV)","A0741"
"RED DE ALTA VELOCIDAD (RAV)","A0742"
"RED DE ALTA VELOCIDAD (RAV)","A0800"
"RED DE ALTA VELOCIDAD (RAV)","A0801"
"RC NORTE","A1112"
"RC NORTE","A1311"
"RC NOROESTE","A2031"
"RC NOROESTE","A2045"
"RC NOROESTE","A2220"
"RC NOROESTE","A2230"
"RC NOROESTE","A2240"
"RC NOROESTE","A2300"
"RC CENTRO","A3500"
"RED DE ALTA VELOCIDAD (RAV)","A3710"
"RC SUR","A5030"
"RC SUR","A5031"
"RC SUR","A5040"
"RC SUR","A5050"
"RC SUR","A5100"
"RC SUR","A5101"
"RC SUR","A5450"
"RC CENTRO","A6001"
"RC CENTRO","A6002"
"RC CENTRO","A6015"
"RC CENTRO","A6031"
"RC ESTE","A6090"
"RC ESTE","A6131"
"RC ESTE","A6141"
"RC ESTE","A6142"
"RC ESTE","A6144"
"RC ESTE","A6210"
"RC NORESTE","A6541"
"RC CENTRO","A7002"
"RC NORESTE","A7060"
"RC NORESTE","A7070"
"RC NORESTE","A7080"
"RC NORESTE","A7081"
"RC NORESTE","A7083"
"RC NORESTE","A7086"
"RC NORESTE","A7087"
"RC NORESTE","A7110"
"RC NORESTE","A7111"
"RC NORESTE","A7141"
"RC NORESTE","A7203"
"RC NORESTE","A7221"
"RC NORESTE","A7222"
"RC NORESTE","A7223"
"RC NORESTE","A7224"
"RC NORESTE","A7225"
"RC NORESTE","A7226"
"RC NORESTE","A7227"
"RC NORESTE","A7228"
"RC NORESTE","A7300"
"RC NORESTE","A7310"
"RC NORESTE","A7400"
"RC NORESTE","A7701"
"RC NORESTE","A7702"
"RC NORESTE","A7830"
"RC NORESTE","A7890"
"RC CENTRO","A9060"
"RC CENTRO","A9101"
"RED DE ALTA VELOCIDAD (RAV)","B0101"
"RC SUR","B0102"
"RC SUR","B0103"
"RED DE ALTA VELOCIDAD (RAV)","B0200"
"RED DE ALTA VELOCIDAD (RAV)","B0740"
"RED DE ALTA VELOCIDAD (RAV)","B0800"
"RC NORTE","B0801"
"RED DE ALTA VELOCIDAD (RAV)","B0802"
"RED DE ALTA VELOCIDAD (RAV)","B0900"
"RED DE ALTA VELOCIDAD (RAV)","B0901"
"RC NOROESTE","B0902"
"RC CENTRO","B1005"
"RC NORTE","B1050"
"RC NORTE","B1051"
"RC NORTE","B1052"
"RC NORTE","B1110"
"RC NORTE","B1111"
"RC NORTE","B1112"
"RC NORTE","B1120"
"RC NORTE","B1320"
"RC NORTE","B1400"
"RC NOROESTE","B1501"
"RC NOROESTE","B1506"
"RC NOROESTE","B1507"
"RC NOROESTE","B1508"
"RC NOROESTE","B1509"
"RC NOROESTE","B1511"
"RC NOROESTE","B1521"
"RC NOROESTE","B1601"
"RC NOROESTE","B1602"
"RC NOROESTE","B1611"
"RC CENTRO","B1702"
"RC CENTRO","B1703"
"RC CENTRO","B1804"
"RC NOROESTE","B2001"
"RC NOROESTE","B2021"
"RC NOROESTE","B2041"
"RC NOROESTE","B2051"
"RC NOROESTE","B2052"
"RC NOROESTE","B3001"
"RC SUR","B3002"
"RC NOROESTE","B3141"
"RC NOROESTE","B3142"
"RC SUR","B3531"
"RC CENTRO","B3700"
"RED DE ALTA VELOCIDAD (RAV)","B3710"
"RED DE ALTA VELOCIDAD (RAV)","B3770"
"RC CENTRO","B4005"
"RED DE ALTA VELOCIDAD (RAV)","B4015"
"RED DE ALTA VELOCIDAD (RAV)","B4030"
"RED DE ALTA VELOCIDAD (RAV)","B4041"
"RED DE ALTA VELOCIDAD (RAV)","B4042"
"RED DE ALTA VELOCIDAD (RAV)","B4043"
"RED DE ALTA VELOCIDAD (RAV)","B4044"
"RED DE ALTA VELOCIDAD (RAV)","B4045"
"RED DE ALTA VELOCIDAD (RAV)","B4054"
"RED DE ALTA VELOCIDAD (RAV)","B4100"
"RED DE ALTA VELOCIDAD (RAV)","B4101"
"RED DE ALTA VELOCIDAD (RAV)","B4102"
"RED DE ALTA VELOCIDAD (RAV)","B4103"
"RED DE ALTA VELOCIDAD (RAV)","B4104"
"RED DE ALTA VELOCIDAD (RAV)","B4300"
"RC SUR","B4301"
"RC SUR","B5052"
"RC SUR","B5073"
"RC SUR","B5101"
"RC SUR","B5102"
"RC SUR","B5103"
"RC SUR","B5109"
"RC SUR","B5119"
"RC SUR","B5601"
"RC SUR","B5701"
"RED DE ALTA VELOCIDAD (RAV)","B6000"
"RED DE ALTA VELOCIDAD (RAV)","B6001"
"RC CENTRO","B6002"
"RC ESTE","B6040"
"RC ESTE","B6091"
"RC ESTE","B6401"
"RC ESTE","B6402"
"RC ESTE","B6500"
"RC ESTE","B6501"
"RC ESTE","B6502"
"RC ESTE","B6504"
"RC ESTE","B6505"
"RC ESTE","B6541"
"RC ESTE","B6722"
"RC ESTE","B6731"
"RC CENTRO","B7011"
"RC NORESTE","B7081"
"RC NORESTE","B7082"
"RC NORESTE","B7171"
"RC NORESTE","B7173"
"RC NORESTE","B7181"
"RC NORESTE","B7182"
"RC NORESTE","B7184"
"RC NORESTE","B7192"
"RC NORESTE","B7193"
"RC NORESTE","B7511"
"RC NORESTE","B7800"
"RC NORESTE","B7801"
"RED DE ALTA VELOCIDAD (RAV)","B7840"
"RC NORESTE","B7901"
"RC NORESTE","B7920"
"RC NORESTE","B7941"
"RC NORESTE","B7942"
"RC NORESTE","B7943"
"RC NORTE","B8000"
"RC NORTE","B8100"
"RC NORTE","B8221"
"RC CENTRO","B8301"
"RC NORESTE","B8801"
"RC CENTRO","B9521"
"RC CENTRO","B9701"
"RC CENTRO","B9800"
"RC CENTRO","B9811"
"RC SUR","C0001"
"RC SUR","C0004"
"RED DE ALTA VELOCIDAD (RAV)","C0200"
"RED DE ALTA VELOCIDAD (RAV)","C0201"
"RED DE ALTA VELOCIDAD (RAV)","C0202"
"RED DE ALTA VELOCIDAD (RAV)","C0203"
"RED DE ALTA VELOCIDAD (RAV)","C0204"
"RED DE ALTA VELOCIDAD (RAV)","C0205"
"RED DE ALTA VELOCIDAD (RAV)","C0206"
"RED DE ALTA VELOCIDAD (RAV)","C0207"
"RED DE ALTA VELOCIDAD (RAV)","C0208"
"RED DE ALTA VELOCIDAD (RAV)","C0209"
"RED DE ALTA VELOCIDAD (RAV)","C0210"
"RED DE ALTA VELOCIDAD (RAV)","C0211"
"RC SUR","C0212"
"RC SUR","C0213"
"RED DE ALTA VELOCIDAD (RAV)","C0214"
"RC SUR","C0215"
"RED DE ALTA VELOCIDAD (RAV)","C0216"
"RED DE ALTA VELOCIDAD (RAV)","C0217"
"RED DE ALTA VELOCIDAD (RAV)","C0218"
"RED DE ALTA VELOCIDAD (RAV)","C0219"
"RED DE ALTA VELOCIDAD (RAV)","C0420"
"","C0421"
"","C0422"
"RED DE ALTA VELOCIDAD (RAV)","C0423"
"RED DE ALTA VELOCIDAD (RAV)","C0424"
"RED DE ALTA VELOCIDAD (RAV)","C0425"
"RED DE ALTA VELOCIDAD (RAV)","C0426"
"RED DE ALTA VELOCIDAD (RAV)","C0427"
"RED DE ALTA VELOCIDAD (RAV)","C0428"
"RC SUR","C0501"
"RC ESTE","C0700"
"RED DE ALTA VELOCIDAD (RAV)","C0742"
"RED DE ALTA VELOCIDAD (RAV)","C0801"
"RED DE ALTA VELOCIDAD (RAV)","C0802"
"RED DE ALTA VELOCIDAD (RAV)","C0803"
"RED DE ALTA VELOCIDAD (RAV)","C0804"
"RED DE ALTA VELOCIDAD (RAV)","C0805"
"RED DE ALTA VELOCIDAD (RAV)","C0806"
"RED DE ALTA VELOCIDAD (RAV)","C0807"
"RED DE ALTA VELOCIDAD (RAV)","C0808"
"RED DE ALTA VELOCIDAD (RAV)","C0809"
"RED DE ALTA VELOCIDAD (RAV)","C0810"
"RED DE ALTA VELOCIDAD (RAV)","C0811"
"RED DE ALTA VELOCIDAD (RAV)","C0812"
"RED DE ALTA VELOCIDAD (RAV)","C0900"
"RED DE ALTA VELOCIDAD (RAV)","C0901"
"RED DE ALTA VELOCIDAD (RAV)","C0902"
"RED DE ALTA VELOCIDAD (RAV)","C0903"
"RED DE ALTA VELOCIDAD (RAV)","C0904"
"RED DE ALTA VELOCIDAD (RAV)","C0905"
"RED DE ALTA VELOCIDAD (RAV)","C0906"
"RED DE ALTA VELOCIDAD (RAV)","C0907"
"RED DE ALTA VELOCIDAD (RAV)","C0908"
"RED DE ALTA VELOCIDAD (RAV)","C0909"
"RED DE ALTA VELOCIDAD (RAV)","C0910"
"RED DE ALTA VELOCIDAD (RAV)","C0911"
"RED DE ALTA VELOCIDAD (RAV)","C0912"
"RED DE ALTA VELOCIDAD (RAV)","C0913"
"RED DE ALTA VELOCIDAD (RAV)","C0914"
"RED DE ALTA VELOCIDAD (RAV)","C0915"
"RED DE ALTA VELOCIDAD (RAV)","C0916"
"RED DE ALTA VELOCIDAD (RAV)","C0917"
"RED DE ALTA VELOCIDAD (RAV)","C0918"
"RED DE ALTA VELOCIDAD (RAV)","C0919"
"RED DE ALTA VELOCIDAD (RAV)","C0920"
"RED DE ALTA VELOCIDAD (RAV)","C0921"
"RED DE ALTA VELOCIDAD (RAV)","C0922"
"RED DE ALTA VELOCIDAD (RAV)","C0923"
"RED DE ALTA VELOCIDAD (RAV)","C0924"
"RED DE ALTA VELOCIDAD (RAV)","C0925"
"RED DE ALTA VELOCIDAD (RAV)","C0926"
"RED DE ALTA VELOCIDAD (RAV)","C0927"
"RED DE ALTA VELOCIDAD (RAV)","C0928"
"RED DE ALTA VELOCIDAD (RAV)","C0929"
"RED DE ALTA VELOCIDAD (RAV)","C0930"
"RED DE ALTA VELOCIDAD (RAV)","C0931"
"RED DE ALTA VELOCIDAD (RAV)","C0932"
"RED DE ALTA VELOCIDAD (RAV)","C0940"
"RED DE ALTA VELOCIDAD (RAV)","C0941"
"RED DE ALTA VELOCIDAD (RAV)","C0942"
"RED DE ALTA VELOCIDAD (RAV)","C0943"
"RC NORTE","C1300"
"RC NORTE","C1301"
"RC NORTE","C1400"
"RC NORTE","C1421"
"RC NOROESTE","C3140"
"RC NOROESTE","C3143"
"RC SUR","C3530"
"RED DE ALTA VELOCIDAD (RAV)","C3710"
"RED DE ALTA VELOCIDAD (RAV)","C3711"
"RED DE ALTA VELOCIDAD (RAV)","C3712"
"RED DE ALTA VELOCIDAD (RAV)","C3713"
"RED DE ALTA VELOCIDAD (RAV)","C3714"
"RED DE ALTA VELOCIDAD (RAV)","C3715"
"RED DE ALTA VELOCIDAD (RAV)","C3720"
"RED DE ALTA VELOCIDAD (RAV)","C3721"
"RED DE ALTA VELOCIDAD (RAV)","C3722"
"RED DE ALTA VELOCIDAD (RAV)","C3723"
"RED DE ALTA VELOCIDAD (RAV)","C3724"
"RED DE ALTA VELOCIDAD (RAV)","C3725"
"RED DE ALTA VELOCIDAD (RAV)","C3726"
"RED DE ALTA VELOCIDAD (RAV)","C3727"
"RED DE ALTA VELOCIDAD (RAV)","C3728"
"RED DE ALTA VELOCIDAD (RAV)","C3729"
"RED DE ALTA VELOCIDAD (RAV)","C3770"
"RED DE ALTA VELOCIDAD (RAV)","C3771"
"RED DE ALTA VELOCIDAD (RAV)","C3772"
"RED DE ALTA VELOCIDAD (RAV)","C3773"
"RED DE ALTA VELOCIDAD (RAV)","C3775"
"RED DE ALTA VELOCIDAD (RAV)","C3776"
"RED DE ALTA VELOCIDAD (RAV)","C3777"
"RED DE ALTA VELOCIDAD (RAV)","C3778"
"RED DE ALTA VELOCIDAD (RAV)","C3781"
"RED DE ALTA VELOCIDAD (RAV)","C3782"
"RED DE ALTA VELOCIDAD (RAV)","C3783"
"RED DE ALTA VELOCIDAD (RAV)","C3784"
"RED DE ALTA VELOCIDAD (RAV)","C3785"
"RED DE ALTA VELOCIDAD (RAV)","C3786"
"RED DE ALTA VELOCIDAD (RAV)","C3788"
"RED DE ALTA VELOCIDAD (RAV)","C3789"
"RED DE ALTA VELOCIDAD (RAV)","C3790"
"RED DE ALTA VELOCIDAD (RAV)","C3793"
"RED DE ALTA VELOCIDAD (RAV)","C3794"
"RED DE ALTA VELOCIDAD (RAV)","C3795"
"RED DE ALTA VELOCIDAD (RAV)","C4001"
"RED DE ALTA VELOCIDAD (RAV)","C4002"
"RED DE ALTA VELOCIDAD (RAV)","C4003"
"RED DE ALTA VELOCIDAD (RAV)","C4004"
"RED DE ALTA VELOCIDAD (RAV)","C4005"
"RED DE ALTA VELOCIDAD (RAV)","C4006"
"RED DE ALTA VELOCIDAD (RAV)","C4300"
"RED DE ALTA VELOCIDAD (RAV)","C4301"
"RED DE ALTA VELOCIDAD (RAV)","C4302"
"RED DE ALTA VELOCIDAD (RAV)","C4303"
"RED DE ALTA VELOCIDAD (RAV)","C4304"
"RED DE ALTA VELOCIDAD (RAV)","C4305"
"RED DE ALTA VELOCIDAD (RAV)","C4306"
"RED DE ALTA VELOCIDAD (RAV)","C4307"
"RED DE ALTA VELOCIDAD (RAV)","C4308"
"RED DE ALTA VELOCIDAD (RAV)","C4309"
"RED DE ALTA VELOCIDAD (RAV)","C4310"
"RED DE ALTA VELOCIDAD (RAV)","C4311"
"RED DE ALTA VELOCIDAD (RAV)","C4312"
"RED DE ALTA VELOCIDAD (RAV)","C4313"
"RED DE ALTA VELOCIDAD (RAV)","C4314"
"RED DE ALTA VELOCIDAD (RAV)","C4315"
"RED DE ALTA VELOCIDAD (RAV)","C4316"
"RED DE ALTA VELOCIDAD (RAV)","C4317"
"RED DE ALTA VELOCIDAD (RAV)","C4318"
"RED DE ALTA VELOCIDAD (RAV)","C4319"
"RED DE ALTA VELOCIDAD (RAV)","C4320"
"RED DE ALTA VELOCIDAD (RAV)","C4321"
"RED DE ALTA VELOCIDAD (RAV)","C4322"
"RED DE ALTA VELOCIDAD (RAV)","C4323"
"RC SUR","C5440"
"RC SUR","C5501"
"RC ESTE","C6041"
"RC ESTE","C6050"
"RC ESTE","C6051"
"RC ESTE","C6052"
"RC ESTE","C6070"
"","C6071"
"RC ESTE","C6100"
"RC ESTE","C6101"
"RC ESTE","C6102"
"RC ESTE","C6103"
"RC ESTE","C6104"
"","C6410"
"RC NORESTE","C6701"
"RC NORESTE","C7400"
"RC NORESTE","C7804"
"RC NORESTE","C7805"
"RC NORESTE","C7806"
"RC NORTE","C8100"
"RC CENTRO","C8401"
"RED DE ALTA VELOCIDAD (RAV)","C9210"
"RED DE ALTA VELOCIDAD (RAV)","C9211"
"RC SUR","D0002"
"RC SUR","D0003"
"RC SUR","D0004"
"RC SUR","D0101"
"RC SUR","D0103"
"RC SUR","D0104"
"RC SUR","D0105"
"RC SUR","D0106"
"RC SUR","D0502"
"RC NORTE","D1111"
"RC NORTE","D1301"
"RC NORTE","D1303"
"RC NORTE","D1422"
"RC NORTE","D1423"
"RC NOROESTE","D1505"
"RC NOROESTE","D2012"
"RC NOROESTE","D2013"
"RC NOROESTE","D2022"
"RC NOROESTE","D2031"
"RC NOROESTE","D2032"
"RC NOROESTE","D2033"
"RC NOROESTE","D2034"
"RC NOROESTE","D2036"
"RC NOROESTE","D2037"
"RC NOROESTE","D2038"
"RC NOROESTE","D2202"
"RC NOROESTE","D2203"
"RC NOROESTE","D2211"
"RC NOROESTE","D2213"
"RC NOROESTE","D2214"
"RC NOROESTE","D2301"
"RC SUR","D3001"
"RC NOROESTE","D3011"
"RC NOROESTE","D3012"
"RC NOROESTE","D3121"
"RC NOROESTE","D3122"
"RC NOROESTE","D3124"
"RC NOROESTE","D3133"
"RC NOROESTE","D3135"
"RC NOROESTE","D3137"
"RC NOROESTE","D3302"
"RC NOROESTE","D3401"
"RC NOROESTE","D3402"
"RC NOROESTE","D3403"
"RC NOROESTE","D3405"
"RC NOROESTE","D3407"
"RC CENTRO","D3514"
"RC CENTRO","D3521"
"RC SUR","D3532"
"RC SUR","D3533"
"RC SUR","D3534"
"RC SUR","D3536"
"RC SUR","D3541"
"RC SUR","D3546"
"RC SUR","D3548"
"RC SUR","D3601"
"RC SUR","D3602"
"RC SUR","D3603"
"RC CENTRO","D3731"
"RC CENTRO","D3732"
"RC SUR","D3734"
"RC SUR","D3741"
"RC SUR","D3742"
"RC SUR","D3760"
"RC SUR","D4011"
"RC SUR","D4200"
"RC SUR","D4209"
"RC SUR","D4217"
"RC SUR","D4303"
"RC SUR","D5021"
"RC SUR","D5022"
"RC SUR","D5031"
"RC SUR","D5042"
"RC SUR","D5045"
"RC SUR","D5054"
"RC SUR","D5055"
"RC SUR","D5056"
"RC SUR","D5421"
"RC SUR","D5431"
"RC SUR","D5432"
"RC SUR","D5501"
"RC SUR","D5502"
"RC SUR","D5507"
"RC SUR","D5603"
"RC SUR","D5604"
"RC SUR","D5605"
"RC SUR","D5606"
"RC SUR","D5607"
"RC SUR","D5608"
"RC SUR","D5609"
"RC SUR","D5611"
"RC SUR","D5621"
"RC SUR","D5633"
"RC SUR","D5634"
"RC SUR","D5635"
"RC SUR","D5701"
"RC SUR","D5702"
"RC SUR","D5703"
"RC SUR","D5811"
"RC ESTE","D6101"
"RC ESTE","D6131"
"RC ESTE","D6210"
"RC ESTE","D6211"
"RC ESTE","D6541"
"RC ESTE","D6601"
"RC ESTE","D6602"
"RC ESTE","D6603"
"RC ESTE","D6604"
"RC ESTE","D6605"
"RC ESTE","D6611"
"RC ESTE","D6612"
"RC ESTE","D6613"
"RC ESTE","D6614"
"RC ESTE","D6615"
"RC ESTE","D6616"
"RC ESTE","D6617"
"RC ESTE","D6618"
"RC ESTE","D6622"
"RC ESTE","D6625"
"RC ESTE","D6626"
"RC ESTE","D6721"
"RC ESTE","D7001"
"RC ESTE","D7002"
"RC ESTE","D7003"
"RC CENTRO","D7041"
"RC CENTRO","D7042"
"RC NORESTE","D7121"
"RC NORESTE","D7123"
"RC NORESTE","D7124"
"RC NORESTE","D7171"
"RC NORESTE","D7201"
"RC NORESTE","D7202"
"RC NORESTE","D7301"
"RC NORESTE","D7310"
"RC NORESTE","D7319"
"RC NORESTE","D7421"
"RC NORESTE","D7511"
"RC NORESTE","D7711"
"RC NORESTE","D7824"
"RC NORESTE","D7831"
"RC NORESTE","D7881"
"RC NORESTE","D7931"
"RC NORESTE","D7932"
"RC NORTE","D8002"
"RC NORTE","D8003"
"RC NORTE","D8100"
"RC NORTE","D8111"
"RC NORTE","D8122"
"RC NORTE","D8123"
"RC CENTRO","D8204"
"RC CENTRO","D8302"
"RC CENTRO","D8401"
"RC CENTRO","D8412"
"RC CENTRO","D9701"
"RC SUR","00001"
"RC SUR","00002"
"RC SUR","00003"
"RC SUR","00004"
"RC SUR","00005"
"RC SUR","00006"
"RC SUR","00007"
"RC SUR","00008"
"RC SUR","00010"
"RC SUR","00012"
"RC SUR","00013"
"RC SUR","00014"
"RC SUR","00015"
"RC SUR","00016"
"RC SUR","00017"
"RC SUR","00018"
"RC SUR","01001"
"RC SUR","01002"
"RC SUR","01003"
"RC SUR","01005"
"RC SUR","01007"
"RC SUR","01009"
"RC SUR","01019"
"RED DE ALTA VELOCIDAD (RAV)","02000"
"RED DE ALTA VELOCIDAD (RAV)","02001"
"RED DE ALTA VELOCIDAD (RAV)","02002"
"RC SUR","02003"
"RED DE ALTA VELOCIDAD (RAV)","02004"
"RED DE ALTA VELOCIDAD (RAV)","02005"
"RED DE ALTA VELOCIDAD (RAV)","02020"
"RC SUR","03001"
"RC SUR","03002"
"RC SUR","03003"
"RC SUR","03100"
"RED DE ALTA VELOCIDAD (RAV)","04001"
"RED DE ALTA VELOCIDAD (RAV)","04002"
"RED DE ALTA VELOCIDAD (RAV)","04003"
"RED DE ALTA VELOCIDAD (RAV)","04005"
"RED DE ALTA VELOCIDAD (RAV)","04007"
"RED DE ALTA VELOCIDAD (RAV)","04009"
"RED DE ALTA VELOCIDAD (RAV)","04011"
"RED DE ALTA VELOCIDAD (RAV)","04013"
"RED DE ALTA VELOCIDAD (RAV)","04015"
"RED DE ALTA VELOCIDAD (RAV)","04018"
"RED DE ALTA VELOCIDAD (RAV)","04020"
"RED DE ALTA VELOCIDAD (RAV)","04026"
"RED DE ALTA VELOCIDAD (RAV)","04028"
"RED DE ALTA VELOCIDAD (RAV)","04030"
"RED DE ALTA VELOCIDAD (RAV)","04031"
"RC NORESTE","04040"
"RED DE ALTA VELOCIDAD (RAV)","04044"
"RED DE ALTA VELOCIDAD (RAV)","04046"
"RED DE ALTA VELOCIDAD (RAV)","04048"
"RED DE ALTA VELOCIDAD (RAV)","04050"
"RED DE ALTA VELOCIDAD (RAV)","04052"
"RED DE ALTA VELOCIDAD (RAV)","04054"
"RED DE ALTA VELOCIDAD (RAV)","04055"
"RED DE ALTA VELOCIDAD (RAV)","04100"
"RED DE ALTA VELOCIDAD (RAV)","04101"
"RED DE ALTA VELOCIDAD (RAV)","04102"
"RED DE ALTA VELOCIDAD (RAV)","04103"
"RED DE ALTA VELOCIDAD (RAV)","04104"
"RED DE ALTA VELOCIDAD (RAV)","04105"
"RED DE ALTA VELOCIDAD (RAV)","04106"
"RED DE ALTA VELOCIDAD (RAV)","04107"
"RED DE ALTA VELOCIDAD (RAV)","04108"
"RED DE ALTA VELOCIDAD (RAV)","04109"
"RED DE ALTA VELOCIDAD (RAV)","04110"
"RED DE ALTA VELOCIDAD (RAV)","04200"
"RED DE ALTA VELOCIDAD (RAV)","04300"
"RED DE ALTA VELOCIDAD (RAV)","04301"
"RED DE ALTA VELOCIDAD (RAV)","04302"
"RED DE ALTA VELOCIDAD (RAV)","04303"
"RED DE ALTA VELOCIDAD (RAV)","04304"
"RED DE ALTA VELOCIDAD (RAV)","04305"
"RED DE ALTA VELOCIDAD (RAV)","04306"
"RED DE ALTA VELOCIDAD (RAV)","04307"
"RED DE ALTA VELOCIDAD (RAV)","04308"
"RED DE ALTA VELOCIDAD (RAV)","04309"
"RED DE ALTA VELOCIDAD (RAV)","04310"
"RED DE ALTA VELOCIDAD (RAV)","04311"
"RC SUR","05000"
"RC SUR","05002"
"RC SUR","05003"
"RC SUR","05004"
"RC SUR","05005"
"RC SUR","05006"
"RC SUR","05007"
"RC SUR","05008"
"RC SUR","05009"
"RC SUR","05010"
"RC SUR","05011"
"RC SUR","05012"
"RC SUR","05013"
"RC SUR","05014"
"RC SUR","05015"
"RC SUR","05016"
"RC SUR","05017"
"RC SUR","05018"
"RC SUR","05019"
"RC ESTE","06001"
"RC ESTE","06002"
"RC ESTE","06003"
"RC ESTE","06004"
"RC ESTE","06005"
"RC ESTE","06006"
"RC ESTE","06007"
"RC ESTE","06008"
"RC ESTE","06100"
"RC ESTE","07001"
"RC ESTE","07003"
"RC ESTE","07004"
"RC ESTE","07007"
"RED DE ALTA VELOCIDAD (RAV)","08000"
"RED DE ALTA VELOCIDAD (RAV)","08001"
"RED DE ALTA VELOCIDAD (RAV)","08004"
"RED DE ALTA VELOCIDAD (RAV)","08005"
"RED DE ALTA VELOCIDAD (RAV)","08006"
"RED DE ALTA VELOCIDAD (RAV)","08007"
"RED DE ALTA VELOCIDAD (RAV)","08008"
"RED DE ALTA VELOCIDAD (RAV)","08009"
"RED DE ALTA VELOCIDAD (RAV)","08010"
"RED DE ALTA VELOCIDAD (RAV)","08011"
"RED DE ALTA VELOCIDAD (RAV)","08012"
"RED DE ALTA VELOCIDAD (RAV)","08013"
"RED DE ALTA VELOCIDAD (RAV)","08200"
"RED DE ALTA VELOCIDAD (RAV)","09000"
"RED DE ALTA VELOCIDAD (RAV)","09001"
"RED DE ALTA VELOCIDAD (RAV)","09002"
"RED DE ALTA VELOCIDAD (RAV)","09003"
"RED DE ALTA VELOCIDAD (RAV)","09004"
"RED DE ALTA VELOCIDAD (RAV)","09005"
"RED DE ALTA VELOCIDAD (RAV)","09006"
"RED DE ALTA VELOCIDAD (RAV)","09007"
"RED DE ALTA VELOCIDAD (RAV)","09008"
"RED DE ALTA VELOCIDAD (RAV)","09009"
"RED DE ALTA VELOCIDAD (RAV)","09010"
"RED DE ALTA VELOCIDAD (RAV)","09011"
"RED DE ALTA VELOCIDAD (RAV)","09012"
"RED DE ALTA VELOCIDAD (RAV)","09013"
"RED DE ALTA VELOCIDAD (RAV)","09014"
"RED DE ALTA VELOCIDAD (RAV)","09015"
"RED DE ALTA VELOCIDAD (RAV)","09016"
"RED DE ALTA VELOCIDAD (RAV)","09020"
"RED DE ALTA VELOCIDAD (RAV)","09021"
"RED DE ALTA VELOCIDAD (RAV)","09022"
"RC CENTRO","10000"
"RC CENTRO","10001"
"RC CENTRO","10002"
"RC CENTRO","10005"
"RC CENTRO","10007"
"RC CENTRO","10010"
"RC CENTRO","10100"
"RC CENTRO","10101"
"RC CENTRO","10103"
"RC CENTRO","10104"
"RC CENTRO","10105"
"RC CENTRO","10200"
"RC CENTRO","10201"
"RC CENTRO","10202"
"RC CENTRO","10203"
"RC CENTRO","10204"
"RC CENTRO","10205"
"RC CENTRO","10206"
"RC CENTRO","10207"
"RC CENTRO","10208"
"RC CENTRO","10209"
"RC CENTRO","10300"
"RC CENTRO","10301"
"RC CENTRO","10302"
"RC CENTRO","10400"
"RC NORTE","10401"
"RC NORTE","10403"
"RC NORTE","10404"
"RC NORTE","10405"
"RC NORTE","10406"
"RC NORTE","10407"
"RC NORTE","10408"
"RC NORTE","10409"
"RC NORTE","10410"
"RC NORTE","10411"
"RC NORTE","10500"
"RC NORTE","10501"
"RC NORTE","10502"
"RC NORTE","10503"
"RC NORTE","10504"
"RC CENTRO","10505"
"RC NORTE","10600"
"RC NORTE","10601"
"RC NORTE","10602"
"RC NORTE","10603"
"RC NORTE","10604"
"RC NORTE","10605"
"RC NORTE","10608"
"RC NORTE","10610"
"RC NORTE","11000"
"RC NORTE","11002"
"RC NORTE","11003"
"RC NORTE","11004"
"RC NORTE","11005"
"RC NORTE","11006"
"RC NORTE","11007"
"RC NORTE","11008"
"RC NORTE","11009"
"RC NORTE","11010"
"RC NORTE","11011"
"RC NORTE","11014"
"RC NORTE","11101"
"RC NORTE","11102"
"RC NORTE","11103"
"RC NORTE","11104"
"RC NORTE","11106"
"RC NORTE","11107"
"RC NORTE","11109"
"RC NORTE","11110"
"RC NORTE","11111"
"RC NORTE","11112"
"RC NORTE","11200"
"RC NORTE","11202"
"RC NORTE","11203"
"RC NORTE","11204"
"RC NORTE","11205"
"RC NORTE","11206"
"RC NORTE","11207"
"RC NORTE","11208"
"RC NORTE","11209"
"RC NORTE","11210"
"RC NORTE","11211"
"RC NORTE","11212"
"RC NORTE","11213"
"RC NORTE","11214"
"RC NORTE","11215"
"RC NORTE","11216"
"RC NORTE","11220"
"RC NORTE","11221"
"RC NORTE","11300"
"RC NORTE","11303"
"RC NORTE","11304"
"RC NORTE","11305"
"RC NORTE","11306"
"RC NORTE","11400"
"RC NORTE","11402"
"RC NORTE","11403"
"RC NORTE","11404"
"RC NORTE","11405"
"RC NORTE","11406"
"RC NORTE","11407"
"RC NORTE","11408"
"RC NORTE","11409"
"RC NORTE","11411"
"RC NORTE","11500"
"RC NORTE","11501"
"RC NORTE","11502"
"RC NORTE","11503"
"RC NORTE","11504"
"RC NORTE","11505"
"RC NORTE","11506"
"RC NORTE","11507"
"RC NORTE","11508"
"RC NORTE","11509"
"RC NORTE","11510"
"RC NORTE","11511"
"RC NORTE","11512"
"RC NORTE","11513"
"RC NORTE","11514"
"RC NORTE","11515"
"RC NORTE","11516"
"RC NORTE","11518"
"RC NORTE","11521"
"RC NORTE","11600"
"RC NORTE","11601"
"RC NORTE","11602"
"RC NORTE","11604"
"RC CENTRO","12001"
"RC CENTRO","12002"
"RC CENTRO","12004"
"RC CENTRO","12005"
"RC CENTRO","12006"
"RC CENTRO","12007"
"RC CENTRO","12008"
"RC CENTRO","12009"
"RC CENTRO","12010"
"RC CENTRO","12011"
"RC CENTRO","12012"
"RC CENTRO","12013"
"RC CENTRO","12014"
"RC CENTRO","12015"
"RC CENTRO","12016"
"RC CENTRO","12017"
"RC CENTRO","12018"
"RC CENTRO","12019"
"RC CENTRO","12020"
"RC CENTRO","12021"
"RC CENTRO","12022"
"RC CENTRO","12023"
"RC CENTRO","12100"
"RC NORTE","13001"
"RC NORTE","13002"
"RC NORTE","13003"
"RC NORTE","13004"
"RC NORTE","13005"
"RC NORTE","13006"
"RC NORTE","13100"
"RC NORTE","13101"
"RC NORTE","13102"
"RC NORTE","13103"
"RC NORTE","13104"
"RC NORTE","13106"
"RC NORTE","13107"
"RC NORTE","13108"
"RC NORTE","13109"
"RC NORTE","13110"
"RC NORTE","13111"
"RC NORTE","13112"
"RC NORTE","13113"
"RC NORTE","13114"
"RC NORTE","13115"
"RC NORTE","13116"
"RC NORTE","13117"
"RC NORTE","13118"
"RC NORTE","13119"
"RC NORTE","13120"
"RC NORTE","13121"
"RC NORTE","13200"
"RC NORTE","13201"
"RC NORTE","13203"
"RC NORTE","13205"
"RC NORTE","13206"
"RC NORTE","13207"
"RC NORTE","13208"
"RC NORTE","13300"
"RC NORTE","13303"
"RC NORTE","13304"
"RC NORTE","13305"
"RC NORTE","13306"
"RC NORTE","13400"
"RC NORTE","13401"
"RC NORTE","13402"
"RC NORTE","13403"
"RC NORTE","13404"
"RC NORTE","13405"
"RC NORTE","13407"
"RC NORTE","13408"
"RC NORTE","13501"
"RC NORTE","13502"
"RC NORTE","13503"
"RC NORTE","13504"
"RC NORTE","13505"
"RC NORTE","13506"
"RC NORTE","13507"
"RC NORTE","13508"
"RC NORTE","13509"
"RC NORTE","14100"
"RC NORTE","14101"
"RC NORTE","14102"
"RC NORTE","14103"
"RC NORTE","14104"
"RC NORTE","14105"
"RC NORTE","14106"
"RC NORTE","14107"
"RC NORTE","14108"
"RC NORTE","14109"
"RC NORTE","14110"
"RC NORTE","14111"
"RC NORTE","14112"
"RC NORTE","14113"
"RC NORTE","14114"
"RC NORTE","14115"
"RC NORTE","14117"
"RC NORTE","14200"
"RC NORTE","14201"
"RC NORTE","14202"
"RC NORTE","14203"
"RC NORTE","14204"
"RC NORTE","14205"
"RC NORTE","14206"
"RC NORTE","14207"
"RC NORTE","14208"
"RC NORTE","14209"
"RC NORTE","14210"
"RC NORTE","14211"
"RC NORTE","14212"
"RC NORTE","14213"
"RC NORTE","14214"
"RC NORTE","14215"
"RC NORTE","14216"
"RC NORTE","14217"
"RC NORTE","14218"
"RC NORTE","14219"
"RC NORTE","14220"
"RC NORTE","14221"
"RC NORTE","14223"
"RC NORTE","14224"
"RC NORTE","14226"
"RC NORTE","14227"
"RC NORTE","14228"
"RC NORTE","14230"
"RC NORTE","14231"
"RC NORTE","14232"
"RC NORTE","14233"
"RC NORTE","14234"
"RC NORTE","14235"
"RC NORTE","14236"
"RC NORTE","14237"
"RC NOROESTE","15001"
"RC NOROESTE","15002"
"RC NOROESTE","15003"
"RC NOROESTE","15004"
"RC NOROESTE","15005"
"RC NOROESTE","15006"
"RC NOROESTE","15007"
"RC NOROESTE","15008"
"RC NOROESTE","15009"
"RC NOROESTE","15010"
"RC NOROESTE","15011"
"RC NOROESTE","15012"
"RC NOROESTE","15013"
"RC NOROESTE","15014"
"RC NOROESTE","15015"
"RC NOROESTE","15016"
"RC NOROESTE","15017"
"RC NOROESTE","15018"
"RC NOROESTE","15019"
"RC NOROESTE","15100"
"RC NOROESTE","15102"
"RC NOROESTE","15103"
"RC NOROESTE","15104"
"RC NOROESTE","15105"
"RC NOROESTE","15106"
"RC NOROESTE","15107"
"RC NOROESTE","15108"
"RC NOROESTE","15109"
"RC NOROESTE","15110"
"RC NOROESTE","15111"
"RC NOROESTE","15112"
"RC NOROESTE","15113"
"RC NOROESTE","15114"
"RC NOROESTE","15115"
"RC NOROESTE","15116"
"RC NOROESTE","15117"
"RC NOROESTE","15118"
"RC NOROESTE","15119"
"RC NOROESTE","15120"
"RC NOROESTE","15121"
"RC NOROESTE","15122"
"RC NOROESTE","15123"
"RC NOROESTE","15200"
"RC NOROESTE","15202"
"RC NOROESTE","15203"
"RC NOROESTE","15204"
"RC NOROESTE","15205"
"RC NOROESTE","15206"
"RC NOROESTE","15207"
"RC NOROESTE","15208"
"RC NOROESTE","15209"
"RC NOROESTE","15210"
"RC NOROESTE","15211"
"RC NOROESTE","15212"
"RC NOROESTE","15214"
"RC NOROESTE","15217"
"RC NOROESTE","15218"
"RC NOROESTE","15300"
"RC NOROESTE","15301"
"RC NOROESTE","15302"
"RC NOROESTE","15303"
"RC NOROESTE","15304"
"RC NOROESTE","15305"
"RC NOROESTE","15400"
"RC NOROESTE","15401"
"RC NOROESTE","15402"
"RC NOROESTE","15403"
"RC NOROESTE","16001"
"RC NOROESTE","16002"
"RC NOROESTE","16005"
"RC NOROESTE","16006"
"RC NOROESTE","16008"
"RC NOROESTE","16009"
"RC NOROESTE","16010"
"RC NOROESTE","16011"
"RC NOROESTE","16101"
"RC NOROESTE","16301"
"RC NOROESTE","16302"
"RC NOROESTE","16400"
"RC NOROESTE","16401"
"RC NOROESTE","16402"
"RC NOROESTE","16403"
"RC NOROESTE","16404"
"RC NOROESTE","16405"
"RC NOROESTE","16406"
"RC NOROESTE","16407"
"RC NOROESTE","16408"
"RC NOROESTE","16501"
"RC NOROESTE","16601"
"RC NOROESTE","16604"
"RC NOROESTE","16605"
"RC NOROESTE","16606"
"RC CENTRO","17000"
"RC CENTRO","17001"
"RC CENTRO","17003"
"RC CENTRO","17004"
"RC CENTRO","17005"
"RC CENTRO","17006"
"RC CENTRO","17007"
"RC CENTRO","17008"
"RC CENTRO","17009"
"RC CENTRO","17010"
"RC CENTRO","17100"
"RC CENTRO","17102"
"RC CENTRO","17103"
"RC CENTRO","17105"
"RC CENTRO","17106"
"RC CENTRO","17107"
"RC CENTRO","17108"
"RC CENTRO","17109"
"RC CENTRO","17110"
"RC CENTRO","17111"
"RC CENTRO","17112"
"RC NORTE","17113"
"RC CENTRO","17114"
"RC CENTRO","17115"
"RC NORTE","17116"
"RC CENTRO","17117"
"RC NORTE","17200"
"RC NORTE","17201"
"RC NORTE","17203"
"RC NORTE","17204"
"RC NORTE","17205"
"RC NORTE","17206"
"RC NORTE","17208"
"RC NORTE","17209"
"RC CENTRO","18000"
"RC CENTRO","18001"
"RC CENTRO","18002"
"RC CENTRO","18003"
"RC CENTRO","18004"
"RC CENTRO","18005"
"RC CENTRO","18101"
"RC CENTRO","18102"
"RC CENTRO","18103"
"RC CENTRO","19001"
"RC CENTRO","19002"
"RC CENTRO","19003"
"RC CENTRO","19004"
"RC NOROESTE","20002"
"RC NOROESTE","20003"
"RC NOROESTE","20004"
"RC NOROESTE","20005"
"RC NOROESTE","20006"
"RC NOROESTE","20007"
"RC NOROESTE","20008"
"RC NOROESTE","20100"
"RC NOROESTE","20101"
"RC NOROESTE","20102"
"RC NOROESTE","20103"
"RC NOROESTE","20104"
"RC NOROESTE","20105"
"RC NOROESTE","20106"
"RC NOROESTE","20108"
"RC NOROESTE","20109"
"RC NOROESTE","20111"
"RC NOROESTE","20112"
"RC NOROESTE","20113"
"RC NOROESTE","20114"
"RC NOROESTE","20200"
"RC NOROESTE","20201"
"RC NOROESTE","20202"
"RC NOROESTE","20203"
"RC NOROESTE","20204"
"RC NOROESTE","20205"
"RC NOROESTE","20206"
"RC NOROESTE","20207"
"RC NOROESTE","20208"
"RC NOROESTE","20209"
"RC NOROESTE","20210"
"RC NOROESTE","20211"
"RC NOROESTE","20212"
"RC NOROESTE","20213"
"RC NOROESTE","20214"
"RC NOROESTE","20215"
"RC NOROESTE","20216"
"RC NOROESTE","20217"
"RC NOROESTE","20218"
"RC NOROESTE","20300"
"RC NOROESTE","20302"
"RC NOROESTE","20303"
"RC NOROESTE","20304"
"RC NOROESTE","20305"
"RC NOROESTE","20306"
"RC NOROESTE","20307"
"RC NOROESTE","20308"
"RC NOROESTE","20309"
"RC NOROESTE","20310"
"RC NOROESTE","20311"
"RC NOROESTE","20312"
"RC NOROESTE","20313"
"RC NOROESTE","20314"
"RC NOROESTE","20315"
"RC NOROESTE","20316"
"RC NOROESTE","20317"
"RC NOROESTE","20318"
"RC NOROESTE","20319"
"RC NOROESTE","20320"
"RC NOROESTE","20322"
"RC NOROESTE","20323"
"RC NOROESTE","20400"
"RC NOROESTE","20401"
"RC NOROESTE","20402"
"RC NOROESTE","20403"
"RC NOROESTE","20404"
"RC NOROESTE","20405"
"RC NOROESTE","20406"
"RC NOROESTE","20407"
"RC NOROESTE","20410"
"RC NOROESTE","20601"
"RC NOROESTE","20603"
"RC NOROESTE","21001"
"RC NOROESTE","21002"
"RC NOROESTE","21003"
"RC NOROESTE","21004"
"RC NOROESTE","21005"
"RC NOROESTE","21006"
"RC NOROESTE","21007"
"RC NOROESTE","21008"
"RC NOROESTE","21009"
"RC NOROESTE","21010"
"RC NOROESTE","21011"
"RC NOROESTE","22001"
"RC NOROESTE","22002"
"RC NOROESTE","22003"
"RC NOROESTE","22004"
"RC NOROESTE","22005"
"RC NOROESTE","22006"
"RC NOROESTE","22100"
"RC NOROESTE","22101"
"RC NOROESTE","22102"
"RC NOROESTE","22103"
"RC NOROESTE","22104"
"RC NOROESTE","22105"
"RC NOROESTE","22106"
"RC NOROESTE","22107"
"RC NOROESTE","22108"
"RC NOROESTE","22109"
"RC NOROESTE","22110"
"RC NOROESTE","22200"
"RC NOROESTE","22201"
"RC NOROESTE","22202"
"RC NOROESTE","22203"
"RC NOROESTE","22300"
"RC NOROESTE","22302"
"RC NOROESTE","22303"
"RC NOROESTE","22305"
"RC NOROESTE","22308"
"RC NOROESTE","22309"
"RC NOROESTE","22319"
"RC NOROESTE","22401"
"RC NOROESTE","22402"
"RC NOROESTE","22403"
"RC NOROESTE","23000"
"RC NOROESTE","23001"
"RC NOROESTE","23002"
"RC NOROESTE","23003"
"RC NOROESTE","23004"
"RC NOROESTE","23005"
"RC NOROESTE","23006"
"RC NOROESTE","23008"
"RC NOROESTE","23009"
"RC NOROESTE","23010"
"RC NOROESTE","23011"
"RC NOROESTE","23012"
"RC NOROESTE","23013"
"RC NOROESTE","23014"
"RC NOROESTE","23015"
"RC NOROESTE","23017"
"RC NOROESTE","23018"
"RC NOROESTE","23019"
"RC SUR","30000"
"RC SUR","30002"
"RC NOROESTE","30023"
"RC NOROESTE","30100"
"RC NOROESTE","30101"
"RC NOROESTE","30110"
"RC NOROESTE","30200"
"RC NOROESTE","30216"
"RC NOROESTE","30219"
"RC NOROESTE","31002"
"RC NOROESTE","31003"
"RC NOROESTE","31004"
"RC NOROESTE","31006"
"RC NOROESTE","31007"
"RC NOROESTE","31008"
"RC NOROESTE","31009"
"RC NOROESTE","31010"
"RC NOROESTE","31102"
"RC NOROESTE","31104"
"RC NOROESTE","31105"
"RC NOROESTE","31106"
"RC NOROESTE","31107"
"RC NOROESTE","31108"
"RC NOROESTE","31109"
"RC NOROESTE","31110"
"RC NOROESTE","31111"
"RC NOROESTE","31112"
"RC NOROESTE","31113"
"RC NOROESTE","31200"
"RC NOROESTE","31201"
"RC NOROESTE","31202"
"RC NOROESTE","31203"
"RC NOROESTE","31204"
"RC NOROESTE","31205"
"RC NOROESTE","31206"
"RC NOROESTE","31207"
"RC NOROESTE","31208"
"RC NOROESTE","31209"
"RC NOROESTE","31210"
"RC NOROESTE","31211"
"RC NOROESTE","31212"
"RC NOROESTE","31213"
"RC NOROESTE","31214"
"RC NOROESTE","31215"
"RC NOROESTE","31301"
"RC NOROESTE","31302"
"RC NOROESTE","31303"
"RC NOROESTE","31304"
"RC NOROESTE","31305"
"RC NOROESTE","31306"
"RC NOROESTE","31307"
"RC NOROESTE","31308"
"RC NOROESTE","31309"
"RC NOROESTE","31310"
"RC NOROESTE","31311"
"RC NOROESTE","31312"
"RC NOROESTE","31313"
"RC NOROESTE","31314"
"RC NOROESTE","31400"
"RC NOROESTE","31403"
"RC NOROESTE","31406"
"RC NOROESTE","31407"
"RC NOROESTE","31408"
"RC NOROESTE","31409"
"RC NOROESTE","31411"
"RC NOROESTE","31412"
"RC NOROESTE","31415"
"RC NOROESTE","31421"
"RC NOROESTE","31422"
"RC NOROESTE","31434"
"RC NOROESTE","31436"
"RC NOROESTE","32001"
"RC NOROESTE","32002"
"RC NOROESTE","32003"
"RC NOROESTE","32004"
"RC NOROESTE","32005"
"RC NOROESTE","32006"
"RC NOROESTE","32007"
"RC NOROESTE","32008"
"RC NOROESTE","32009"
"RC NOROESTE","33001"
"RC NOROESTE","33003"
"RC NOROESTE","33004"
"RC NOROESTE","33006"
"RC NOROESTE","33007"
"RC NOROESTE","33008"
"RC NOROESTE","33009"
"RC NOROESTE","33010"
"RC NOROESTE","33011"
"RC NOROESTE","33012"
"RC NOROESTE","33013"
"RC NOROESTE","33014"
"RC NOROESTE","33015"
"RC NOROESTE","33016"
"RC NOROESTE","33030"
"RC NOROESTE","34002"
"RC NOROESTE","34003"
"RC NOROESTE","34004"
"RC NOROESTE","34005"
"RC NOROESTE","34007"
"RC NOROESTE","34008"
"RC NOROESTE","34010"
"RC NOROESTE","34011"
"RC NOROESTE","34012"
"RC NOROESTE","34013"
"RC NOROESTE","34014"
"RC CENTRO","35001"
"RC CENTRO","35002"
"RC CENTRO","35004"
"RC CENTRO","35005"
"RC CENTRO","35008"
"RC CENTRO","35009"
"RC CENTRO","35010"
"RC CENTRO","35011"
"RC CENTRO","35012"
"RC CENTRO","35100"
"RC CENTRO","35102"
"RC CENTRO","35103"
"RC CENTRO","35105"
"RC CENTRO","35107"
"RC CENTRO","35108"
"RC CENTRO","35109"
"RC CENTRO","35200"
"RC CENTRO","35201"
"RC CENTRO","35203"
"RC SUR","35206"
"RC SUR","35207"
"RC SUR","35209"
"RC SUR","35301"
"RC SUR","35302"
"RC SUR","35303"
"RC SUR","35304"
"RC SUR","35305"
"RC SUR","35400"
"RC SUR","35402"
"RC SUR","35404"
"RC SUR","35405"
"RC SUR","35406"
"RC SUR","35407"
"RC CENTRO","35600"
"RC CENTRO","35601"
"RC CENTRO","35602"
"RC CENTRO","35603"
"RC CENTRO","35604"
"RC CENTRO","35605"
"RC CENTRO","35606"
"RC CENTRO","35607"
"RC CENTRO","35608"
"RC CENTRO","35609"
"RC CENTRO","35610"
"RC CENTRO","35701"
"RC CENTRO","35702"
"RC CENTRO","35703"
"RC CENTRO","35704"
"RC SUR","36001"
"RC SUR","36002"
"RC SUR","36003"
"RC SUR","36004"
"RC CENTRO","37000"
"RC CENTRO","37001"
"RC CENTRO","37002"
"RC CENTRO","37003"
"RC CENTRO","37004"
"RED DE ALTA VELOCIDAD (RAV)","37006"
"RC CENTRO","37008"
"RED DE ALTA VELOCIDAD (RAV)","37009"
"RC CENTRO","37010"
"RC CENTRO","37011"
"RC CENTRO","37012"
"RED DE ALTA VELOCIDAD (RAV)","37013"
"RC CENTRO","37100"
"RED DE ALTA VELOCIDAD (RAV)","37101"
"RED DE ALTA VELOCIDAD (RAV)","37104"
"RED DE ALTA VELOCIDAD (RAV)","37106"
"RED DE ALTA VELOCIDAD (RAV)","37107"
"RED DE ALTA VELOCIDAD (RAV)","37108"
"RED DE ALTA VELOCIDAD (RAV)","37110"
"RED DE ALTA VELOCIDAD (RAV)","37113"
"RC CENTRO","37200"
"RED DE ALTA VELOCIDAD (RAV)","37201"
"RC CENTRO","37202"
"RC CENTRO","37205"
"RED DE ALTA VELOCIDAD (RAV)","37206"
"RED DE ALTA VELOCIDAD (RAV)","37210"
"RC CENTRO","37300"
"RC CENTRO","37301"
"RC CENTRO","37302"
"RC CENTRO","37303"
"RC CENTRO","37305"
"RC CENTRO","37306"
"RC CENTRO","37307"
"RC CENTRO","37308"
"RC SUR","37309"
"RC SUR","37311"
"RC CENTRO","37315"
"RED DE ALTA VELOCIDAD (RAV)","37316"
"RC SUR","37400"
"RC SUR","37401"
"RC SUR","37402"
"RC SUR","37404"
"RC SUR","37405"
"RC SUR","37406"
"RC SUR","37407"
"RC SUR","37408"
"RC SUR","37409"
"RC SUR","37410"
"RC SUR","37411"
"RC SUR","37412"
"RC SUR","37413"
"RC SUR","37414"
"RC SUR","37500"
"RC CENTRO","37502"
"RC SUR","37600"
"RC SUR","37601"
"RC SUR","37602"
"RC SUR","37603"
"RC SUR","37604"
"RC SUR","37605"
"RC SUR","37606"
"RC SUR","37608"
"RC SUR","37609"
"RC SUR","37610"
"RED DE ALTA VELOCIDAD (RAV)","37700"
"RED DE ALTA VELOCIDAD (RAV)","37701"
"RED DE ALTA VELOCIDAD (RAV)","37702"
"RED DE ALTA VELOCIDAD (RAV)","37703"
"RED DE ALTA VELOCIDAD (RAV)","37704"
"RED DE ALTA VELOCIDAD (RAV)","37705"
"RC SUR","37706"
"RED DE ALTA VELOCIDAD (RAV)","37801"
"RED DE ALTA VELOCIDAD (RAV)","37802"
"RED DE ALTA VELOCIDAD (RAV)","37803"
"RC SUR","37805"
"RC CENTRO","40001"
"RC SUR","40002"
"RC SUR","40003"
"RC SUR","40004"
"RC SUR","40005"
"RC SUR","40006"
"RC SUR","40008"
"RC SUR","40100"
"RC SUR","40101"
"RC SUR","40103"
"RC SUR","40105"
"RC SUR","40107"
"RC SUR","40108"
"RC SUR","40110"
"RC SUR","40111"
"RC SUR","40113"
"RC SUR","40114"
"RC SUR","40115"
"RC SUR","40118"
"RC SUR","40119"
"RC SUR","40121"
"RC SUR","40122"
"RC SUR","41002"
"RC SUR","41003"
"RC SUR","41004"
"RC SUR","41005"
"RC SUR","42002"
"RC SUR","42003"
"RC SUR","42005"
"RC SUR","42006"
"RC SUR","42007"
"RC SUR","42008"
"RC SUR","42009"
"RC SUR","42010"
"RC SUR","42012"
"RC SUR","42013"
"RC SUR","42014"
"RC SUR","42015"
"RC SUR","42016"
"RC SUR","42017"
"RC SUR","42018"
"RC SUR","42019"
"RC SUR","42020"
"RC SUR","42021"
"RC SUR","43001"
"RC SUR","43002"
"RC SUR","43003"
"RC SUR","43006"
"RC SUR","43007"
"RC SUR","43008"
"RC SUR","43009"
"RC SUR","43010"
"RC SUR","43011"
"RC SUR","43012"
"RC SUR","43013"
"RC SUR","43014"
"RC SUR","43015"
"RC SUR","43016"
"RC SUR","43017"
"RC SUR","43018"
"RC SUR","43019"
"RC SUR","43020"
"RC SUR","43021"
"RC SUR","43022"
"RC SUR","43023"
"RC SUR","43024"
"RC CENTRO","50001"
"RC CENTRO","50002"
"RC CENTRO","50003"
"RC CENTRO","50100"
"RC CENTRO","50101"
"RC CENTRO","50102"
"RC CENTRO","50200"
"RC SUR","50201"
"RC SUR","50202"
"RC SUR","50203"
"RC SUR","50204"
"RC SUR","50205"
"RC SUR","50206"
"RC SUR","50207"
"RC SUR","50208"
"RC SUR","50209"
"RC SUR","50300"
"RC SUR","50301"
"RC SUR","50302"
"RC SUR","50303"
"RC SUR","50400"
"RC SUR","50402"
"RC SUR","50403"
"RC SUR","50404"
"RC SUR","50405"
"RC SUR","50406"
"RC SUR","50407"
"RC SUR","50408"
"RC SUR","50409"
"RC SUR","50410"
"RC SUR","50411"
"RC SUR","50412"
"RC SUR","50413"
"RC SUR","50414"
"RC SUR","50417"
"RC SUR","50500"
"RC SUR","50501"
"RC SUR","50502"
"RC SUR","50503"
"RC SUR","50504"
"RC SUR","50505"
"RC SUR","50506"
"RC SUR","50507"
"RC SUR","50508"
"RC SUR","50512"
"RC SUR","50521"
"RC SUR","50600"
"RC SUR","50602"
"RC SUR","50700"
"RC SUR","50701"
"RC SUR","50702"
"RC SUR","50703"
"RC SUR","50709"
"RC SUR","50803"
"RC SUR","51003"
"RC SUR","51005"
"RC SUR","51006"
"RC SUR","51007"
"RC SUR","51009"
"RC SUR","51010"
"RC SUR","51050"
"RC SUR","51051"
"RC SUR","51100"
"RC SUR","51101"
"RC SUR","51102"
"RC SUR","51103"
"RC SUR","51106"
"RC SUR","51107"
"RC SUR","51110"
"RC SUR","51111"
"RC SUR","51112"
"RC SUR","51200"
"RC SUR","51201"
"RC SUR","51202"
"RC SUR","51203"
"RC SUR","51204"
"RC SUR","51205"
"RC SUR","51207"
"RC SUR","51300"
"RC SUR","51400"
"RC SUR","51401"
"RC SUR","51402"
"RC SUR","51404"
"RC SUR","51405"
"RC SUR","51406"
"RC SUR","51407"
"RC SUR","51409"
"RC SUR","51411"
"RC SUR","51413"
"RC SUR","51414"
"RC SUR","51415"
"RC SUR","51416"
"RC SUR","51417"
"RC SUR","54001"
"RC SUR","54100"
"RC SUR","54101"
"RC SUR","54102"
"RC SUR","54103"
"RC SUR","54104"
"RC SUR","54105"
"RC SUR","54106"
"RC SUR","54200"
"RC SUR","54201"
"RC SUR","54202"
"RC SUR","54300"
"RC SUR","54301"
"RC SUR","54400"
"RC SUR","54402"
"RC SUR","54403"
"RC SUR","54404"
"RC SUR","54405"
"RC SUR","54406"
"RC SUR","54407"
"RC SUR","54408"
"RC SUR","54410"
"RC SUR","54412"
"RC SUR","54413"
"RC SUR","54414"
"RC SUR","54501"
"RC SUR","54503"
"RC SUR","54504"
"RC SUR","54505"
"RC SUR","54506"
"RC SUR","54507"
"RC SUR","54508"
"RC SUR","54509"
"RC SUR","54510"
"RC SUR","54511"
"RC SUR","54512"
"RC SUR","54513"
"RC SUR","54514"
"RC SUR","54515"
"RC SUR","54516"
"RC SUR","54517"
"RC SUR","54518"
"RC SUR","54519"
"RC SUR","54520"
"RC SUR","54521"
"RC SUR","54522"
"RC SUR","54523"
"RC SUR","54524"
"RC SUR","54525"
"RC SUR","55001"
"RC SUR","55002"
"RC SUR","55003"
"RC SUR","55004"
"RC SUR","55005"
"RC SUR","55006"
"RC SUR","55007"
"RC SUR","55008"
"RC SUR","55009"
"RC SUR","55010"
"RC SUR","55011"
"RC SUR","55012"
"RC SUR","55013"
"RC SUR","55014"
"RC SUR","55015"
"RC SUR","55016"
"RC SUR","55017"
"RC SUR","55018"
"RC SUR","55019"
"RC SUR","55020"
"RC SUR","55021"
"RC SUR","55024"
"RC SUR","55026"
"RC SUR","56001"
"RC SUR","56002"
"RC SUR","56003"
"RC SUR","56004"
"RC SUR","56005"
"RC SUR","56006"
"RC SUR","56007"
"RC SUR","56008"
"RC SUR","56009"
"RC SUR","56010"
"RC SUR","56011"
"RC SUR","56012"
"RC SUR","56100"
"RC SUR","56101"
"RC SUR","56102"
"RC SUR","56103"
"RC SUR","56200"
"RC SUR","56201"
"RC SUR","56300"
"RC SUR","56301"
"RC SUR","56302"
"RC SUR","56303"
"RC SUR","56305"
"RC SUR","56306"
"RC SUR","56307"
"RC SUR","56308"
"RC SUR","56309"
"RC SUR","56310"
"RC SUR","56312"
"RC SUR","56313"
"RC SUR","56314"
"RC SUR","57002"
"RC SUR","57003"
"RC SUR","57004"
"RC SUR","57006"
"RC SUR","58001"
"RC SUR","58101"
"RED DE ALTA VELOCIDAD (RAV)","60000"
"RC CENTRO","60001"
"RC CENTRO","60004"
"RC CENTRO","60100"
"RC CENTRO","60101"
"RC CENTRO","60102"
"RC CENTRO","60103"
"RC CENTRO","60104"
"RC CENTRO","60105"
"RC CENTRO","60106"
"RC CENTRO","60107"
"RC CENTRO","60108"
"RC CENTRO","60109"
"RC CENTRO","60115"
"RC CENTRO","60116"
"RC CENTRO","60200"
"RC CENTRO","60201"
"RC CENTRO","60202"
"RC CENTRO","60203"
"RC CENTRO","60204"
"RC CENTRO","60205"
"RC CENTRO","60206"
"RC CENTRO","60207"
"RC CENTRO","60208"
"RED DE ALTA VELOCIDAD (RAV)","60299"
"RC CENTRO","60300"
"RC CENTRO","60301"
"RC CENTRO","60302"
"RC CENTRO","60400"
"RC ESTE","60402"
"RC ESTE","60404"
"RC ESTE","60406"
"RC ESTE","60500"
"RC ESTE","60503"
"RC ESTE","60505"
"RC ESTE","60507"
"RED DE ALTA VELOCIDAD (RAV)","60599"
"RC ESTE","60600"
"RC ESTE","60601"
"RC ESTE","60602"
"RC ESTE","60700"
"RC ESTE","60701"
"RC ESTE","60702"
"RC ESTE","60704"
"RC ESTE","60705"
"RC ESTE","60800"
"RC ESTE","60900"
"RC ESTE","60901"
"RC ESTE","60902"
"RC ESTE","60903"
"RC ESTE","60904"
"RC ESTE","60905"
"RC ESTE","60906"
"RC ESTE","60907"
"RC ESTE","60908"
"RC ESTE","60909"
"RC ESTE","60910"
"RC ESTE","60911"
"RC ESTE","60913"
"RC ESTE","60914"
"RC ESTE","61001"
"RC ESTE","61003"
"RC ESTE","61004"
"RC ESTE","61005"
"RC ESTE","61007"
"RC ESTE","61009"
"RC ESTE","61011"
"RC ESTE","61012"
"RC ESTE","61013"
"RC ESTE","61014"
"RC ESTE","61015"
"RC ESTE","61017"
"RC ESTE","61018"
"RC ESTE","61100"
"RC ESTE","61101"
"RC ESTE","61200"
"RC ESTE","61204"
"RC ESTE","61210"
"RC ESTE","61301"
"RC ESTE","61302"
"RC ESTE","61303"
"RC ESTE","61304"
"RC ESTE","61305"
"RC ESTE","61307"
"RC ESTE","61308"
"RC ESTE","61401"
"RC ESTE","62001"
"RC ESTE","62002"
"RC ESTE","62003"
"RC ESTE","62100"
"RC ESTE","62101"
"RC ESTE","62102"
"RC ESTE","62103"
"RC ESTE","62104"
"RC ESTE","62105"
"RC ESTE","62107"
"RC ESTE","62108"
"RC ESTE","62109"
"RC ESTE","64001"
"RC ESTE","64003"
"RC ESTE","64004"
"RC ESTE","64005"
"RC ESTE","64006"
"RC ESTE","64007"
"RC ESTE","64100"
"RC ESTE","64102"
"RC ESTE","64103"
"RC ESTE","64104"
"RC ESTE","64105"
"RC ESTE","64107"
"RC ESTE","64108"
"RC ESTE","64200"
"RC ESTE","64201"
"RC ESTE","64202"
"RC ESTE","64203"
"RC ESTE","64204"
"RC ESTE","65000"
"RC ESTE","65001"
"RC ESTE","65002"
"RC ESTE","65003"
"RC ESTE","65004"
"RC ESTE","65005"
"RC ESTE","65006"
"RC ESTE","65007"
"RC ESTE","65008"
"RC ESTE","65009"
"RC ESTE","65012"
"RC ESTE","65013"
"RC ESTE","65014"
"RC ESTE","65015"
"RC ESTE","65020"
"RC ESTE","65200"
"RC ESTE","65201"
"RC ESTE","65202"
"RC ESTE","65203"
"RC ESTE","65204"
"RC ESTE","65205"
"RC ESTE","65206"
"RC ESTE","65207"
"RC ESTE","65208"
"RC ESTE","65209"
"RC ESTE","65210"
"RC ESTE","65211"
"RC ESTE","65212"
"RC ESTE","65300"
"RC ESTE","65301"
"RC ESTE","65304"
"RC ESTE","65306"
"RC ESTE","65308"
"RC ESTE","65309"
"RC ESTE","65311"
"RC ESTE","65312"
"RC ESTE","65314"
"RC ESTE","65318"
"RC ESTE","65400"
"RC ESTE","65401"
"RC ESTE","65402"
"RC ESTE","65403"
"RC ESTE","65404"
"RC ESTE","65405"
"RC ESTE","65406"
"RC ESTE","65407"
"RC ESTE","65408"
"RC ESTE","65409"
"RC ESTE","65410"
"RC NORESTE","65411"
"RC NORESTE","65412"
"RC ESTE","65501"
"RC CENTRO","66001"
"RC CENTRO","66002"
"RC CENTRO","66003"
"RC CENTRO","66004"
"RC CENTRO","66005"
"RC ESTE","66006"
"RC ESTE","66008"
"RC ESTE","66009"
"RC ESTE","66010"
"RC ESTE","66011"
"RC ESTE","66012"
"RC ESTE","66013"
"RC ESTE","66014"
"RC ESTE","66015"
"RC ESTE","66016"
"RC ESTE","66017"
"RC CENTRO","66018"
"RC ESTE","66100"
"RC ESTE","66101"
"RC ESTE","66102"
"RC ESTE","66103"
"RC ESTE","66104"
"RC ESTE","66105"
"RC ESTE","66108"
"RC ESTE","66109"
"RC ESTE","66110"
"RC ESTE","66112"
"RC ESTE","66113"
"RC ESTE","66200"
"RC ESTE","66201"
"RC ESTE","66202"
"RC ESTE","66203"
"RC ESTE","66204"
"RC ESTE","66205"
"RC ESTE","66206"
"RC ESTE","66207"
"RC ESTE","66208"
"RC ESTE","66209"
"RC ESTE","66210"
"RC ESTE","66211"
"RC ESTE","66212"
"RC ESTE","66214"
"RC NORESTE","67001"
"RC NORESTE","67002"
"RC NORESTE","67004"
"RC NORESTE","67007"
"RC NORESTE","67009"
"RC NORESTE","67010"
"RC NORESTE","67011"
"RC NORESTE","67013"
"RC NORESTE","67014"
"RC NORESTE","67015"
"RC NORESTE","67016"
"RC NORESTE","67017"
"RC NORESTE","67018"
"RC NORESTE","67019"
"RC NORESTE","67020"
"RC NORESTE","67021"
"RC NORESTE","67100"
"RC ESTE","67101"
"RC ESTE","67103"
"RC ESTE","67105"
"RC ESTE","67107"
"RC ESTE","67113"
"RC ESTE","67200"
"RC ESTE","67201"
"RC ESTE","67202"
"RC ESTE","67203"
"RC ESTE","67205"
"RC ESTE","67206"
"RC ESTE","67207"
"RC ESTE","67208"
"RC ESTE","67209"
"RC ESTE","67210"
"RC ESTE","67211"
"RC ESTE","67212"
"RC ESTE","67213"
"RC ESTE","67214"
"RC ESTE","67215"
"RC ESTE","67216"
"RC ESTE","67217"
"RC ESTE","67218"
"RC ESTE","67220"
"RC ESTE","67221"
"RC ESTE","67223"
"RC ESTE","67225"
"RC ESTE","69001"
"RC ESTE","69002"
"RC ESTE","69003"
"RC ESTE","69004"
"RC ESTE","69005"
"RC ESTE","69006"
"RC ESTE","69007"
"RC ESTE","69008"
"RC ESTE","69009"
"RC ESTE","69010"
"RC ESTE","69011"
"RC ESTE","69101"
"RC ESTE","69102"
"RC ESTE","69103"
"RC ESTE","69104"
"RC ESTE","69105"
"RC ESTE","69107"
"RC ESTE","69108"
"RC ESTE","69109"
"RC ESTE","69110"
"RC ESTE","69111"
"RC ESTE","69200"
"RC ESTE","69202"
"RC CENTRO","70001"
"RC CENTRO","70002"
"RC CENTRO","70003"
"RC CENTRO","70004"
"RC CENTRO","70005"
"RC CENTRO","70100"
"RC CENTRO","70101"
"RC CENTRO","70102"
"RC CENTRO","70103"
"RC CENTRO","70104"
"RC CENTRO","70105"
"","70106"
"RC CENTRO","70107"
"RC CENTRO","70108"
"RC CENTRO","70109"
"RC CENTRO","70110"
"RC CENTRO","70111"
"RC CENTRO","70200"
"RC CENTRO","70202"
"RC CENTRO","70203"
"RC CENTRO","70204"
"RC CENTRO","70205"
"RC CENTRO","70206"
"RC CENTRO","70207"
"RC CENTRO","70208"
"RC CENTRO","70209"
"RC CENTRO","70210"
"RC CENTRO","70300"
"RC CENTRO","70302"
"RC CENTRO","70303"
"RC CENTRO","70304"
"RC CENTRO","70400"
"RC CENTRO","70401"
"RC CENTRO","70402"
"RC CENTRO","70403"
"RC CENTRO","70404"
"RC NORESTE","70405"
"RC NORESTE","70500"
"RC NORESTE","70501"
"RC NORESTE","70502"
"RC NORESTE","70503"
"RC NORESTE","70504"
"RC NORESTE","70505"
"RC NORESTE","70600"
"RC NORESTE","70601"
"RC NORESTE","70602"
"RC NORESTE","70603"
"RC NORESTE","70604"
"RC NORESTE","70605"
"RC NORESTE","70606"
"RC NORESTE","70607"
"RC NORESTE","70608"
"RC NORESTE","70700"
"RC NORESTE","70701"
"RC NORESTE","70702"
"RC NORESTE","70703"
"RC NORESTE","70704"
"RC NORESTE","70705"
"RC NORESTE","70706"
"RC NORESTE","70707"
"RC NORESTE","70715"
"RC NORESTE","70800"
"RC NORESTE","70801"
"RC NORESTE","70803"
"RC NORESTE","70804"
"RC NORESTE","70805"
"RC NORESTE","70806"
"RED DE ALTA VELOCIDAD (RAV)","70899"
"RC NORESTE","71000"
"RC NORESTE","71100"
"RC NORESTE","71101"
"RC NORESTE","71102"
"RC NORESTE","71103"
"RC NORESTE","71104"
"RC NORESTE","71105"
"RC NORESTE","71106"
"RC NORESTE","71108"
"RC NORESTE","71109"
"RC NORESTE","71121"
"RC NORESTE","71200"
"RC NORESTE","71201"
"RC NORESTE","71202"
"RC NORESTE","71203"
"RC NORESTE","71204"
"RC NORESTE","71205"
"RC NORESTE","71206"
"RC NORESTE","71207"
"RC NORESTE","71208"
"RC NORESTE","71209"
"RC NORESTE","71210"
"RC NORESTE","71211"
"RC NORESTE","71300"
"RC NORESTE","71301"
"RC NORESTE","71302"
"RC NORESTE","71303"
"RC NORESTE","71304"
"RC NORESTE","71305"
"RC NORESTE","71306"
"RC NORESTE","71307"
"RC NORESTE","71400"
"RC NORESTE","71401"
"RC NORESTE","71403"
"RC NORESTE","71500"
"RC NORESTE","71502"
"RC NORESTE","71503"
"RC NORESTE","71504"
"RC NORESTE","71600"
"RC NORESTE","71601"
"RC NORESTE","71602"
"RC NORESTE","71603"
"RC NORESTE","71604"
"RC NORESTE","71700"
"RC NORESTE","71701"
"RC NORESTE","71702"
"RC NORESTE","71703"
"RC NORESTE","71704"
"RC NORESTE","71705"
"RC NORESTE","71706"
"RC NORESTE","71707"
"RC NORESTE","71708"
"RC NORESTE","71709"
"RC NORESTE","71801"
"RC NORESTE","71802"
"RC NORESTE","71901"
"RC NORESTE","71902"
"RC NORESTE","71908"
"RC NORESTE","72001"
"RC NORESTE","72002"
"RC NORESTE","72003"
"RC NORESTE","72004"
"RC NORESTE","72005"
"RC NORESTE","72006"
"RC NORESTE","72100"
"RC NORESTE","72101"
"RC NORESTE","72201"
"RC NORESTE","72202"
"RC NORESTE","72203"
"RC NORESTE","72204"
"RC NORESTE","72205"
"RC NORESTE","72206"
"RC NORESTE","72207"
"RC NORESTE","72208"
"RC NORESTE","72209"
"RC NORESTE","72210"
"RC NORESTE","72211"
"RC NORESTE","72212"
"RC NORESTE","72300"
"RC NORESTE","72301"
"RC NORESTE","72302"
"RC NORESTE","72303"
"RC NORESTE","72304"
"RC NORESTE","72305"
"RC NORESTE","72400"
"RC NORESTE","72501"
"RC NORESTE","72502"
"RC NORESTE","72503"
"RC NORESTE","73001"
"RC NORESTE","73002"
"RC NORESTE","73003"
"RC NORESTE","73004"
"RC NORESTE","73005"
"RC NORESTE","73006"
"RC NORESTE","73007"
"RC NORESTE","73008"
"RC NORESTE","73009"
"RC NORESTE","73010"
"RC NORESTE","73020"
"RC NORESTE","73021"
"RC NORESTE","73022"
"RC NORESTE","73100"
"RC NORESTE","73101"
"RC NORESTE","73102"
"RC NORESTE","73110"
"RC NORESTE","74199"
"RC NORESTE","74200"
"RC NORESTE","74201"
"RC NORESTE","74202"
"RC NORESTE","74204"
"RC NORESTE","74205"
"RC NORESTE","74206"
"RC NORESTE","74207"
"RC NORESTE","74208"
"RC NORESTE","74209"
"RC NORESTE","74210"
"RC NORESTE","74211"
"RC NORESTE","74212"
"RC NORESTE","74213"
"RC NORESTE","74214"
"RC NORESTE","74215"
"RC NORESTE","74216"
"RC NORESTE","74217"
"RC NORESTE","75101"
"RC NORESTE","75102"
"RC NORESTE","75103"
"RC NORESTE","75104"
"RC NORESTE","75105"
"RC NORESTE","75106"
"RC NORESTE","75107"
"RC NORESTE","75108"
"RC NORESTE","75109"
"RC NORESTE","75110"
"RC NORESTE","75111"
"RC NORESTE","75112"
"RC NORESTE","75113"
"RC NORESTE","75114"
"RC NORESTE","75115"
"RC NORESTE","75116"
"RC NORESTE","76001"
"RC NORESTE","76002"
"RC NORESTE","76003"
"RC NORESTE","76004"
"RC NORESTE","77001"
"RC NORESTE","77002"
"RC NORESTE","77003"
"RC NORESTE","77004"
"RC NORESTE","77005"
"RC NORESTE","77006"
"RC NORESTE","77100"
"RC NORESTE","77101"
"RC NORESTE","77102"
"RC NORESTE","77103"
"RC NORESTE","77104"
"RC NORESTE","77105"
"RC NORESTE","77106"
"RC NORESTE","77107"
"RC NORESTE","77108"
"RC NORESTE","77109"
"RC NORESTE","77110"
"RC NORESTE","77111"
"RC NORESTE","77112"
"RC NORESTE","77113"
"RC NORESTE","77114"
"RC NORESTE","77200"
"RC NORESTE","77301"
"RC NORESTE","77302"
"RC NORESTE","77303"
"RC NORESTE","77304"
"RC NORESTE","77305"
"RC NORESTE","77306"
"RC NORESTE","77307"
"RC NORESTE","77308"
"RC NORESTE","77309"
"RC NORESTE","77310"
"RC NORESTE","78002"
"RC NORESTE","78004"
"RC NORESTE","78005"
"RC NORESTE","78006"
"RC NORESTE","78007"
"RC NORESTE","78100"
"RC NORESTE","78102"
"RC NORESTE","78200"
"RC NORESTE","78201"
"RC NORESTE","78202"
"RC NORESTE","78203"
"RC NORESTE","78204"
"RC NORESTE","78300"
"RC NORESTE","78301"
"RC NORESTE","78302"
"RC NORESTE","78303"
"RC NORESTE","78304"
"RC NORESTE","78305"
"RC NORESTE","78400"
"RC NORESTE","78401"
"RC NORESTE","78402"
"RC NORESTE","78403"
"RC NORESTE","78404"
"RC NORESTE","78405"
"RC NORESTE","78406"
"RC NORESTE","78407"
"RC NORESTE","78408"
"RC NORESTE","78500"
"RC NORESTE","78501"
"RC NORESTE","78502"
"RC NORESTE","78503"
"RC NORESTE","78504"
"RC NORESTE","78505"
"RC NORESTE","78506"
"RC NORESTE","78600"
"RC NORESTE","78602"
"RC NORESTE","78603"
"RC NORESTE","78604"
"RC NORESTE","78605"
"RC NORESTE","78606"
"RC NORESTE","78607"
"RC NORESTE","78608"
"RC NORESTE","78609"
"RC NORESTE","78610"
"RC NORESTE","78700"
"RC NORESTE","78701"
"RC NORESTE","78702"
"RC NORESTE","78703"
"RC NORESTE","78704"
"RC NORESTE","78705"
"RC NORESTE","78706"
"RC NORESTE","78707"
"RC NORESTE","78708"
"RC NORESTE","78709"
"RC NORESTE","78710"
"RC NORESTE","78800"
"RC NORESTE","78801"
"RC NORESTE","78802"
"RC NORESTE","78804"
"RC NORESTE","78805"
"RC NORESTE","78902"
"RC NORESTE","79002"
"RC NORESTE","79004"
"RC NORESTE","79005"
"RC NORESTE","79006"
"RC NORESTE","79007"
"RC NORESTE","79008"
"RC NORESTE","79009"
"RC NORESTE","79011"
"RC NORESTE","79100"
"RC NORESTE","79101"
"RC NORESTE","79102"
"RC NORESTE","79103"
"RC NORESTE","79104"
"RC NORESTE","79105"
"RC NORESTE","79106"
"RC NORESTE","79107"
"RC NORESTE","79108"
"RC NORESTE","79109"
"RC NORESTE","79200"
"RC NORESTE","79202"
"RC NORESTE","79203"
"RC NORESTE","79204"
"RC NORESTE","79205"
"RC NORESTE","79206"
"RC NORESTE","79300"
"RC NORESTE","79301"
"RC NORESTE","79302"
"RC NORESTE","79303"
"RC NORESTE","79304"
"RC NORESTE","79305"
"RC NORESTE","79306"
"RC NORESTE","79308"
"RC NORESTE","79309"
"RC NORESTE","79311"
"RC NORESTE","79312"
"RC NORESTE","79313"
"RC NORESTE","79314"
"RC NORESTE","79315"
"RC NORESTE","79316"
"RC NORESTE","79317"
"RC NORESTE","79318"
"RC NORESTE","79400"
"RC NORESTE","79403"
"RC NORESTE","79404"
"RC NORESTE","79405"
"RC NORESTE","79406"
"RC NORESTE","79407"
"RC NORESTE","79408"
"RC NORESTE","79409"
"RC NORESTE","79410"
"RC NORESTE","79412"
"RC NORESTE","79500"
"RC NORESTE","79501"
"RC NORESTE","79502"
"RC NORESTE","79600"
"RC NORESTE","79601"
"RC NORESTE","79602"
"RC NORESTE","79603"
"RC NORESTE","79604"
"RC NORESTE","79605"
"RC NORESTE","79606"
"RC NORESTE","79607"
"RC NORESTE","79608"
"RC NORTE","80001"
"RC NORTE","80002"
"RC NORTE","80003"
"RC NORTE","80004"
"RC NORTE","80005"
"RC NORTE","80006"
"RC NORTE","80007"
"RC NORTE","80008"
"RC NORTE","80100"
"RC NORTE","80101"
"RC NORTE","80102"
"RC NORTE","80103"
"RC NORTE","80104"
"RC NORTE","80105"
"RC NORTE","80106"
"RC NORTE","80108"
"RC NORTE","80109"
"RC NORTE","80111"
"RC NORTE","80113"
"RC NORTE","80114"
"RC NORTE","80115"
"RC NORTE","80116"
"RC NORTE","81001"
"RC NORTE","81002"
"RC NORTE","81003"
"RC NORTE","81004"
"RC NORTE","81005"
"RC NORTE","81006"
"RC NORTE","81008"
"RC NORTE","81009"
"RC NORTE","81010"
"RC NORTE","81011"
"RC NORTE","81100"
"RC NORTE","81101"
"RC NORTE","81102"
"RC NORTE","81103"
"RC NORTE","81105"
"RC NORTE","81106"
"RC NORTE","81107"
"RC NORTE","81108"
"RC NORTE","81109"
"RC NORTE","81110"
"RC NORTE","81200"
"RC NORTE","81202"
"RC NORTE","81203"
"RC NORTE","81204"
"RC NORTE","81205"
"RC NORESTE","81206"
"RC NORESTE","81207"
"RC NORESTE","81208"
"RC NORESTE","81209"
"RC NORESTE","81210"
"RC NORESTE","81211"
"RC CENTRO","82100"
"RC NORTE","82220"
"RC CENTRO","83001"
"RC CENTRO","83006"
"RC CENTRO","83007"
"RC NORTE","83009"
"RC NORTE","83010"
"RC NORTE","83011"
"RC NORTE","83012"
"RC CENTRO","84001"
"RC CENTRO","84002"
"RC CENTRO","84003"
"RC CENTRO","84100"
"RC CENTRO","84101"
"RC CENTRO","84103"
"RC CENTRO","84104"
"RC CENTRO","84105"
"RC NORTE","85200"
"RC NORTE","85214"
"RC NORTE","85215"
"RC CENTRO","91001"
"RC CENTRO","91002"
"RC CENTRO","92001"
"RED DE ALTA VELOCIDAD (RAV)","92102"
"RC CENTRO","94001"
"RC CENTRO","94002"
"RC CENTRO","94003"
"RC CENTRO","94004"
"RC CENTRO","94005"
"RC CENTRO","94006"
"RC CENTRO","95101"
"RC CENTRO","95104"
"RC CENTRO","97018"
"RC CENTRO","97100"
"RC CENTRO","97101"
"RC CENTRO","97103"
"RC CENTRO","97201"
"RC CENTRO","98001"
"RC CENTRO","98003"
"RC CENTRO","98100"
"RC CENTRO","98201"
"RC CENTRO","98222"
"RC CENTRO","98304"
"RC CENTRO","98305"
"RC NORESTE","99501"
"RED DE ALTA VELOCIDAD (RAV)","A0320"
"RC NOROESTE","A3140"
"RC SUR","A5451"
"RC ESTE","A6060"
"RC ESTE","A6420"
"RC NORESTE","A7190"
"RC NORESTE","A7220"
"RC NORESTE","A7229"
"RED DE ALTA VELOCIDAD (RAV)","B0320"
"RED DE ALTA VELOCIDAD (RAV)","B0321"
"RED DE ALTA VELOCIDAD (RAV)","B4400"
"RC ESTE","B4401"
"RC NORESTE","B7900"
"RC SUR","C0300"
"RED DE ALTA VELOCIDAD (RAV)","C0320"
"RED DE ALTA VELOCIDAD (RAV)","C0321"
"RED DE ALTA VELOCIDAD (RAV)","C0322"
"RED DE ALTA VELOCIDAD (RAV)","C0323"
"RED DE ALTA VELOCIDAD (RAV)","C0326"
"RED DE ALTA VELOCIDAD (RAV)","C0327"
"RED DE ALTA VELOCIDAD (RAV)","C0328"
"RED DE ALTA VELOCIDAD (RAV)","C0329"
"RED DE ALTA VELOCIDAD (RAV)","C0330"
"RED DE ALTA VELOCIDAD (RAV)","C0331"
"RED DE ALTA VELOCIDAD (RAV)","C0332"
"RED DE ALTA VELOCIDAD (RAV)","C0333"
"RED DE ALTA VELOCIDAD (RAV)","C0335"
"RED DE ALTA VELOCIDAD (RAV)","C0338"
"RED DE ALTA VELOCIDAD (RAV)","C0339"
"RED DE ALTA VELOCIDAD (RAV)","C0340"
"RED DE ALTA VELOCIDAD (RAV)","C0341"
"RED DE ALTA VELOCIDAD (RAV)","C0342"
"RED DE ALTA VELOCIDAD (RAV)","C0343"
"RED DE ALTA VELOCIDAD (RAV)","C0344"
"RED DE ALTA VELOCIDAD (RAV)","C0345"
"RED DE ALTA VELOCIDAD (RAV)","C0346"
"RED DE ALTA VELOCIDAD (RAV)","C0350"
"RED DE ALTA VELOCIDAD (RAV)","C0351"
"RC CENTRO","C1044"
"RC NOROESTE","C2300"
"RC NOROESTE","C3142"
"RC ESTE","C6072"
"RC NORESTE","C7900"
"RED DE ALTA VELOCIDAD (RAV)","03201"
"RED DE ALTA VELOCIDAD (RAV)","03202"
"RED DE ALTA VELOCIDAD (RAV)","03203"
"RED DE ALTA VELOCIDAD (RAV)","03204"
"RED DE ALTA VELOCIDAD (RAV)","03205"
"RED DE ALTA VELOCIDAD (RAV)","03206"
"RED DE ALTA VELOCIDAD (RAV)","03207"
"RED DE ALTA VELOCIDAD (RAV)","03208"
"RED DE ALTA VELOCIDAD (RAV)","03209"
"RED DE ALTA VELOCIDAD (RAV)","03210"
"RED DE ALTA VELOCIDAD (RAV)","03211"
"RED DE ALTA VELOCIDAD (RAV)","03212"
"RED DE ALTA VELOCIDAD (RAV)","03213"
"RED DE ALTA VELOCIDAD (RAV)","03214"
"RED DE ALTA VELOCIDAD (RAV)","03215"
"RED DE ALTA VELOCIDAD (RAV)","03216"
"RED DE ALTA VELOCIDAD (RAV)","03217"
"RED DE ALTA VELOCIDAD (RAV)","03300"
"RED DE ALTA VELOCIDAD (RAV)","03301"
"RED DE ALTA VELOCIDAD (RAV)","03302"
"RED DE ALTA VELOCIDAD (RAV)","03303"
"RED DE ALTA VELOCIDAD (RAV)","04400"
"RED DE ALTA VELOCIDAD (RAV)","04401"
"RC ESTE","04402"
"RC ESTE","04403"
"RC ESTE","04404"
"RC NOROESTE","31416"
"RC SUR","37611"
"RC ESTE","64008"
"RC ESTE","65016"
"RC ESTE","65017"
"RC NORESTE","72504"
"RC NORESTE","72505"
"RC NORESTE","72506"
"RC NORESTE","72507"
"RED DE ALTA VELOCIDAD (RAV)","79001"
"RED DE ALTA VELOCIDAD (RAV)","79003"
"RED DE ALTA VELOCIDAD (RAV)","79010"
"RC NORESTE","79012"
"RC NORESTE","79319"
"RC NORESTE","79320"
"RC SUR","43026"
"RC SUR","43027"
"RC SUR","43005"
"RC SUR","43004"
"RED DE ALTA VELOCIDAD (RAV)","A0901"
"RED DE ALTA VELOCIDAD (RAV)","A0902"
"RC NOROESTE","B0820"
"RC SUR","B5143"
"RED DE ALTA VELOCIDAD (RAV)","C0352"
"RED DE ALTA VELOCIDAD (RAV)","C0353"
"RED DE ALTA VELOCIDAD (RAV)","C0354"
"RED DE ALTA VELOCIDAD (RAV)","C0355"
"RED DE ALTA VELOCIDAD (RAV)","C0356"
"RED DE ALTA VELOCIDAD (RAV)","C0357"
"RED DE ALTA VELOCIDAD (RAV)","C0358"
"RED DE ALTA VELOCIDAD (RAV)","C0359"
"RED DE ALTA VELOCIDAD (RAV)","C0360"
"RED DE ALTA VELOCIDAD (RAV)","C0361"
"RED DE ALTA VELOCIDAD (RAV)","C0362"
"RED DE ALTA VELOCIDAD (RAV)","C0363"
"RED DE ALTA VELOCIDAD (RAV)","C0820"
"RED DE ALTA VELOCIDAD (RAV)","C0821"
"RED DE ALTA VELOCIDAD (RAV)","C0822"
"RC NOROESTE","C0823"
"RC NOROESTE","C0824"
"RED DE ALTA VELOCIDAD (RAV)","C0825"
"RED DE ALTA VELOCIDAD (RAV)","C0826"
"RED DE ALTA VELOCIDAD (RAV)","C0827"
"RED DE ALTA VELOCIDAD (RAV)","C0828"
"RED DE ALTA VELOCIDAD (RAV)","C0829"
"RED DE ALTA VELOCIDAD (RAV)","C0830"
"RED DE ALTA VELOCIDAD (RAV)","C0831"
"RED DE ALTA VELOCIDAD (RAV)","C0832"
"RED DE ALTA VELOCIDAD (RAV)","C0833"
"RED DE ALTA VELOCIDAD (RAV)","C0834"
"RED DE ALTA VELOCIDAD (RAV)","C0835"
"RED DE ALTA VELOCIDAD (RAV)","C0836"
"RED DE ALTA VELOCIDAD (RAV)","C0837"
"RC SUR","C4330"
"RC SUR","C5143"
"RC SUR","C5144"
"RC SUR","C5145"
"RC SUR","C5146"
"RED DE ALTA VELOCIDAD (RAV)","04312"
"RED DE ALTA VELOCIDAD (RAV)","04313"
"RED DE ALTA VELOCIDAD (RAV)","04314"
"RED DE ALTA VELOCIDAD (RAV)","04315"
"RED DE ALTA VELOCIDAD (RAV)","04316"
"RED DE ALTA VELOCIDAD (RAV)","08201"
"RED DE ALTA VELOCIDAD (RAV)","08202"
"RC NOROESTE","08203"
"RED DE ALTA VELOCIDAD (RAV)","08204"
"RED DE ALTA VELOCIDAD (RAV)","08205"
"RC NORTE","11522"
"RC NOROESTE","15410"
"RC CENTRO","37014"
"RC SUR","50704"
"RC SUR","51418"
"RC SUR","51419"
"RC SUR","51430"
"RC SUR","51431"
"RC SUR","51432"
"RC SUR","51433"
"RC SUR","51434"
"RC SUR","51435"
"RC SUR","51436"
"RC SUR","51437"
"RC SUR","51438"
"RC SUR","51439"
"RC SUR","51440"
"RC SUR","51441"
"RC SUR","51442"
"RC SUR","51443"
"RC SUR","51444"
"RC SUR","51445"
"RC SUR","51446"
"RC SUR","54527"
"RC ESTE","60706"
"RC NORESTE","78806"
"RC NORESTE","79013"
"RED DE ALTA VELOCIDAD (RAV)","C0840"
"RED DE ALTA VELOCIDAD (RAV)","C0841"
"RED DE ALTA VELOCIDAD (RAV)","C0842"
"RED DE ALTA VELOCIDAD (RAV)","C0843"
"RED DE ALTA VELOCIDAD (RAV)","C0844"
"RED DE ALTA VELOCIDAD (RAV)","C0845"
"RED DE ALTA VELOCIDAD (RAV)","C0846"
"RED DE ALTA VELOCIDAD (RAV)","C6080"
"RED DE ALTA VELOCIDAD (RAV)","C6081"
"RED DE ALTA VELOCIDAD (RAV)","C6082"
"RED DE ALTA VELOCIDAD (RAV)","C6083"
"RED DE ALTA VELOCIDAD (RAV)","C6084"
"RED DE ALTA VELOCIDAD (RAV)","C6085"
"RED DE ALTA VELOCIDAD (RAV)","C6086"
"RED DE ALTA VELOCIDAD (RAV)","C6087"
"RC NORESTE","70807"
"RED DE ALTA VELOCIDAD (RAV)","B0811"
"RED DE ALTA VELOCIDAD (RAV)","B0812"
"RC NOROESTE","B1510"
"RC NOROESTE","B1512"
"RED DE ALTA VELOCIDAD (RAV)","C0850"
"RED DE ALTA VELOCIDAD (RAV)","C0851"
"RC NOROESTE","B0860"
"RC NOROESTE","B0861"
"RC NOROESTE","B0862"
"RED DE ALTA VELOCIDAD (RAV)","C0860"
"RED DE ALTA VELOCIDAD (RAV)","C0861"
"RED DE ALTA VELOCIDAD (RAV)","C0862"
"RED DE ALTA VELOCIDAD (RAV)","C0863"
"RED DE ALTA VELOCIDAD (RAV)","C0864"
"RC CENTRO","A9800"
"RC CENTRO","C9830"
"RC ESTE","B6100"
"RED DE ALTA VELOCIDAD (RAV)","08222"
"RED DE ALTA VELOCIDAD (RAV)","C0865"
"RED DE ALTA VELOCIDAD (RAV)","C4007"
"RED DE ALTA VELOCIDAD (RAV)","A6000"
"RED DE ALTA VELOCIDAD (RAV)","B0903"
"RED DE ALTA VELOCIDAD (RAV)","C0866"
"RC NORTE","15000"
"RC NOROESTE","15021"
"RC SUR","43000"
"RC CENTRO","A1702"
"RC CENTRO","C1705"
"RC ESTE","C6704"
"RC NORTE","B1401"
"RED DE ALTA VELOCIDAD (RAV)","C4324"
"RED DE ALTA VELOCIDAD (RAV)","B4302"
"RED DE ALTA VELOCIDAD (RAV)","C4325"
"RED DE ALTA VELOCIDAD (RAV)","C4326"
"RC NORTE","B0600"
"RC NORTE","10611"
"","A9910"
"","A9911"
"RED DE ALTA VELOCIDAD (RAV)","C4340"
"RED DE ALTA VELOCIDAD (RAV)","C4341"
"RED DE ALTA VELOCIDAD (RAV)","C4342"
"","C9900"
"","C9901"
"","C9910"
"","C9911"
"","C9912"
"","C9920"
"","C9921"
"","99900"
"","99901"
"","99902"
"","99903"
"","99910"
"","99911"
"","99912"
"","99913"
"","99914"
"","99920"
"","99921"
"","99922"
"","99923"
"","99924"
"","99925"
"","99926"
"","99927"
"","99928"
"","99930"
"","99940"
"RED DE ALTA VELOCIDAD (RAV)","B0331"
"RED DE ALTA VELOCIDAD (RAV)","B0332"
"RED DE ALTA VELOCIDAD (RAV)","B0333"
"RED DE ALTA VELOCIDAD (RAV)","C3300"
"RED DE ALTA VELOCIDAD (RAV)","C3301"
"RED DE ALTA VELOCIDAD (RAV)","C3302"
"RED DE ALTA VELOCIDAD (RAV)","C3303"
"RED DE ALTA VELOCIDAD (RAV)","C3304"
"RED DE ALTA VELOCIDAD (RAV)","C3305"
"RED DE ALTA VELOCIDAD (RAV)","C3306"
"RED DE ALTA VELOCIDAD (RAV)","C3307"
"RED DE ALTA VELOCIDAD (RAV)","03305"
"RED DE ALTA VELOCIDAD (RAV)","03306"
"RED DE ALTA VELOCIDAD (RAV)","03307"
"RED DE ALTA VELOCIDAD (RAV)","03308"
"RED DE ALTA VELOCIDAD (RAV)","03309"
"RED DE ALTA VELOCIDAD (RAV)","03310"
"RED DE ALTA VELOCIDAD (RAV)","A4301"
"RED DE ALTA VELOCIDAD (RAV)","A4302"
"RED DE ALTA VELOCIDAD (RAV)","B4303"
"RC CENTRO","A9820"
"RC NOROESTE","05102"
"RC NOROESTE","05103"
"RC NOROESTE","05104"
"RC NOROESTE","05105"
"RC NOROESTE","05106"
"RC NOROESTE","05107"
"RC NOROESTE","05108"
"RC NOROESTE","05109"
"RC NOROESTE","05111"
"RC NOROESTE","05113"
"RC NOROESTE","05115"
"RC NOROESTE","05117"
"RC NOROESTE","05119"
"RC NOROESTE","05121"
"RC NOROESTE","05123"
"RC NOROESTE","05125"
"RC NOROESTE","05127"
"RC NOROESTE","05129"
"RC NOROESTE","05131"
"RC NOROESTE","05133"
"RC NOROESTE","05135"
"RC NOROESTE","05137"
"RC NOROESTE","05139"
"RC NOROESTE","05141"
"RC NOROESTE","05143"
"RC NOROESTE","05145"
"RC NOROESTE","05147"
"RC NOROESTE","05149"
"RC NOROESTE","05151"
"RC NOROESTE","05153"
"RC NOROESTE","05155"
"RC NOROESTE","05156"
"RC NOROESTE","05157"
"RC NOROESTE","05159"
"RC NOROESTE","05161"
"RC NOROESTE","05163"
"RC NOROESTE","05165"
"RC NOROESTE","05167"
"RC NOROESTE","05169"
"RC NOROESTE","05171"
"RC NOROESTE","05173"
"RC NOROESTE","05175"
"RC NOROESTE","05177"
"RC NOROESTE","05179"
"RC NOROESTE","05181"
"RC NOROESTE","05183"
"RC NOROESTE","05185"
"RC NOROESTE","05187"
"RC NOROESTE","05189"
"RC NOROESTE","05191"
"RC NOROESTE","05193"
"RC NOROESTE","05197"
"RC NOROESTE","05199"
"RED DE ANCHO METRICO","05201"
"RC NOROESTE","05203"
"RC NOROESTE","05204"
"RED DE ANCHO METRICO","05205"
"RC NOROESTE","05207"
"RC NOROESTE","05208"
"RC NOROESTE","05209"
"RC NOROESTE","05210"
"RC NOROESTE","05211"
"RC NOROESTE","05215"
"RC NOROESTE","05216"
"RC NOROESTE","05217"
"RC NOROESTE","05218"
"RC NOROESTE","05219"
"RC NOROESTE","05220"
"RC NOROESTE","05221"
"RC NOROESTE","05223"
"RC NOROESTE","05224"
"RC NOROESTE","05225"
"RC NOROESTE","05226"
"RC NOROESTE","05227"
"RC NOROESTE","05229"
"RC NOROESTE","05231"
"RC NOROESTE","05232"
"RC NOROESTE","05233"
"RC NOROESTE","05235"
"RC NOROESTE","05237"
"RC NOROESTE","05239"
"RC NOROESTE","05241"
"RC NOROESTE","05243"
"RC NOROESTE","05245"
"RC NOROESTE","05247"
"RC NOROESTE","05249"
"RC NOROESTE","05251"
"RC NOROESTE","05253"
"RC NOROESTE","05255"
"RC NOROESTE","05257"
"RC NOROESTE","05259"
"RC NOROESTE","05261"
"RC NOROESTE","05263"
"RC NOROESTE","05265"
"RC NOROESTE","05267"
"RC NOROESTE","05269"
"RC NOROESTE","05271"
"RC NOROESTE","05273"
"RC NOROESTE","05275"
"RC NOROESTE","05277"
"RC NOROESTE","05279"
"RC NOROESTE","05281"
"RC NOROESTE","05283"
"RC NOROESTE","05285"
"RC NOROESTE","05287"
"RC NOROESTE","05289"
"RC NOROESTE","05291"
"RC NOROESTE","05293"
"RC NOROESTE","05297"
"RC NOROESTE","05299"
"RC NOROESTE","05300"
"RC NOROESTE","05302"
"RC NOROESTE","05303"
"RC NOROESTE","05304"
"RC NOROESTE","05305"
"RC NOROESTE","05306"
"RC NOROESTE","05308"
"RC NOROESTE","05309"
"RC NOROESTE","05311"
"RC NOROESTE","05313"
"RC NOROESTE","05315"
"RC NOROESTE","05316"
"RC NOROESTE","05317"
"RC NOROESTE","05320"
"RC NOROESTE","05321"
"RC NOROESTE","05323"
"RC NOROESTE","05325"
"RC NOROESTE","05327"
"RC NOROESTE","05329"
"RC NOROESTE","05351"
"RC NOROESTE","05353"
"RC NOROESTE","05357"
"RC NOROESTE","05361"
"RC NOROESTE","05367"
"RC NOROESTE","05369"
"RC NOROESTE","05371"
"RC NOROESTE","05373"
"RC NOROESTE","05375"
"RC NOROESTE","05376"
"RC NOROESTE","05379"
"RC NOROESTE","05380"
"RC NOROESTE","05381"
"RC NOROESTE","05382"
"RC NOROESTE","05383"
"RC NOROESTE","05384"
"RC NOROESTE","05385"
"RC NOROESTE","05389"
"RC NOROESTE","05403"
"RC NOROESTE","05405"
"RC NOROESTE","05407"
"RC NOROESTE","05409"
"RC NOROESTE","05410"
"RC NOROESTE","05411"
"RC NOROESTE","05412"
"RED DE ANCHO METRICO","05414"
"RC NOROESTE","05415"
"RC NOROESTE","05416"
"RC NOROESTE","05417"
"RC NOROESTE","05420"
"RC NOROESTE","05421"
"RC NOROESTE","05425"
"RC NOROESTE","05429"
"RC NOROESTE","05432"
"RC NOROESTE","05433"
"RC NOROESTE","05435"
"RC NOROESTE","05436"
"RC NOROESTE","05437"
"RC NOROESTE","05439"
"RC NOROESTE","05443"
"RC NOROESTE","05446"
"RC NOROESTE","05447"
"RC NORTE","05451"
"RC NORTE","05455"
"RC NORTE","05457"
"RC NORTE","05459"
"RC NORTE","05461"
"RC NORTE","05463"
"RC NORTE","05465"
"RC NORTE","05467"
"RC NORTE","05469"
"RC NORTE","05470"
"RC NORTE","05473"
"RC NORTE","05474"
"RC NORTE","05475"
"RC NORTE","05477"
"RC NORTE","05479"
"RC NORTE","05480"
"RC NORTE","05481"
"RC NORTE","05482"
"RC NORTE","05483"
"RC NORTE","05484"
"RC NORTE","05485"
"RC NORTE","05486"
"RC NORTE","05487"
"RC NORTE","05489"
"RC NORTE","05491"
"RC NORTE","05493"
"RC NORTE","05497"
"RC NOROESTE","05504"
"RC NOROESTE","05505"
"RC NOROESTE","05507"
"RC NOROESTE","05508"
"RC NOROESTE","05509"
"RC NOROESTE","05511"
"RC NOROESTE","05513"
"RC NOROESTE","05515"
"RC NOROESTE","05517"
"RC NOROESTE","05519"
"RC NOROESTE","05521"
"RC NOROESTE","05522"
"RC NOROESTE","05523"
"RC NOROESTE","05525"
"RC NOROESTE","05527"
"RC NOROESTE","05529"
"RC NOROESTE","05531"
"RC NOROESTE","05533"
"RC NOROESTE","05534"
"RC NOROESTE","05535"
"RC NOROESTE","05537"
"RC NOROESTE","05539"
"RC NOROESTE","05541"
"RC NOROESTE","05542"
"RC NOROESTE","05543"
"RC NOROESTE","05545"
"RC NOROESTE","05547"
"RC NOROESTE","05549"
"RC NOROESTE","05551"
"RC NOROESTE","05552"
"RC NOROESTE","05553"
"RC NOROESTE","05555"
"RC NOROESTE","05557"
"RC NOROESTE","05559"
"RC NOROESTE","05563"
"RC NOROESTE","05565"
"RC NOROESTE","05567"
"RC NOROESTE","05569"
"RC NOROESTE","05571"
"RC NOROESTE","05573"
"RC NOROESTE","05575"
"RC NOROESTE","05577"
"RC NOROESTE","05579"
"RC NOROESTE","05600"
"RC NORTE","05602"
"RC NORTE","05603"
"RC NORTE","05604"
"RC NORTE","05605"
"RC NORTE","05607"
"RC NORTE","05609"
"RC NORTE","05611"
"RC NORTE","05613"
"RC NORTE","05615"
"RC NORTE","05617"
"RC NORTE","05619"
"RC NORTE","05620"
"RC NORTE","05621"
"RC NORTE","05622"
"RC NORTE","05623"
"RC NORTE","05625"
"RC NORTE","05627"
"RC NORTE","05629"
"RC NORTE","05631"
"RC NORTE","05633"
"RC NORTE","05635"
"RC NORTE","05637"
"RC NORTE","05641"
"RC NORTE","05643"
"RC NORTE","05644"
"RC NORTE","05645"
"RC NORTE","05647"
"RC NORTE","05649"
"RC NORTE","05650"
"RC NORTE","05651"
"RC NORTE","05652"
"RC NORTE","05655"
"RC NORTE","05657"
"RC NORTE","05658"
"RC NORTE","05659"
"RC NORTE","05661"
"RC NORTE","05663"
"RC NORTE","05665"
"RC NORTE","05667"
"RC NORTE","05669"
"RC NORTE","05671"
"RC NORTE","05672"
"RC NORTE","05673"
"RC NORTE","05675"
"RC NORTE","05677"
"RC NORTE","05679"
"RC NORTE","05681"
"RC NORTE","05683"
"RC NORTE","05685"
"RC NORTE","05687"
"RC NORTE","05689"
"RC NORTE","05691"
"RC NORTE","05713"
"RC NORTE","05721"
"RC NORTE","05722"
"RC NORTE","05723"
"RC NORTE","05724"
"RC NORTE","05725"
"RC NORTE","05726"
"RC NORTE","05727"
"RC NORTE","05728"
"RC NORTE","05729"
"RC NORTE","05730"
"RC NORTE","05731"
"RC NORTE","05732"
"RC NORTE","05733"
"RC NORTE","05734"
"RC NORTE","05735"
"RC NORTE","05736"
"RC NORTE","05737"
"RC NORTE","05738"
"RC NORTE","05739"
"RC NORTE","05740"
"RC NORTE","05741"
"RC NORTE","05742"
"RC NORTE","05743"
"RC NORTE","05744"
"RC NORTE","05746"
"RC NORTE","05747"
"RC NORTE","05748"
"RC NORTE","05749"
"RC NORTE","05750"
"RC NORTE","05751"
"RC NORTE","05752"
"RC NOROESTE","05753"
"RC NOROESTE","05754"
"RC NOROESTE","05755"
"RC NOROESTE","05756"
"RC NOROESTE","05757"
"RC NOROESTE","05758"
"RC NOROESTE","05759"
"RC NOROESTE","05760"
"RC NOROESTE","05761"
"RC NOROESTE","05762"
"RC NOROESTE","05763"
"RC NOROESTE","05764"
"RC NOROESTE","05765"
"RC NOROESTE","05766"
"RC NOROESTE","05767"
"RC NOROESTE","05768"
"RC NOROESTE","05769"
"RC NOROESTE","05770"
"RC NOROESTE","05771"
"RC NOROESTE","05772"
"RC NOROESTE","05773"
"RC NOROESTE","05774"
"RC NOROESTE","05775"
"RC NOROESTE","05776"
"RC NOROESTE","05777"
"RC NOROESTE","05779"
"RC NOROESTE","05786"
"RC NOROESTE","05787"
"RC NOROESTE","05788"
"RC NOROESTE","05789"
"RC NOROESTE","05793"
"RC NOROESTE","05794"
"RC NOROESTE","05795"
"RC NOROESTE","05796"
"RC NOROESTE","05798"
"RC NOROESTE","05799"
"RC NOROESTE","05803"
"RC NOROESTE","05805"
"RC NOROESTE","05807"
"RC ESTE","05951"
"RC ESTE","05952"
"RC ESTE","05955"
"RC ESTE","05957"
"RC ESTE","05959"
"RC ESTE","05961"
"RC ESTE","05963"
"RC ESTE","05965"
"RC ESTE","05969"
"RC ESTE","05971"
"RC ESTE","05973"
"RC ESTE","05975"
"RC ESTE","05977"
"RC NOROESTE","C1500"
"RC NOROESTE","C1501"
"RC NOROESTE","05213"
"RC NOROESTE","05244"
"RC NOROESTE","05561"
"RC NORTE","05460"
"RED DE ANCHO METRICO","C5000"
"RED DE ANCHO METRICO","C5001"
"RED DE ANCHO METRICO","C5002"
"RED DE ANCHO METRICO","C5003"
"RED DE ANCHO METRICO","C5004"
"RED DE ANCHO METRICO","C5005"
"RED DE ANCHO METRICO","C5006"
"RED DE ANCHO METRICO","C5007"
"RED DE ANCHO METRICO","C5008"
"RED DE ANCHO METRICO","C5009"
"RED DE ANCHO METRICO","C5010"
"RED DE ANCHO METRICO","C5011"
"RED DE ANCHO METRICO","C5012"
"RED DE ANCHO METRICO","C5013"
"RED DE ANCHO METRICO","C5014"
"RED DE ANCHO METRICO","C5015"
"RED DE ANCHO METRICO","C5016"
"RED DE ANCHO METRICO","C5017"
"RED DE ANCHO METRICO","C5018"
"RED DE ANCHO METRICO","C5019"
"RED DE ANCHO METRICO","C5020"
"RED DE ANCHO METRICO","C5021"
"RED DE ANCHO METRICO","C5022"
"RED DE ANCHO METRICO","C5023"
"RED DE ANCHO METRICO","C5024"
"RED DE ANCHO METRICO","C5025"
"RED DE ANCHO METRICO","C5026"
"RED DE ANCHO METRICO","C5027"
"RED DE ANCHO METRICO","C5028"
"RED DE ANCHO METRICO","C5029"
"RED DE ANCHO METRICO","C5030"
"RED DE ANCHO METRICO","C5031"
"RED DE ANCHO METRICO","C5032"
"RED DE ANCHO METRICO","C5033"
"RED DE ANCHO METRICO","C5034"
"RED DE ANCHO METRICO","C5035"
"RED DE ANCHO METRICO","C5036"
"RED DE ANCHO METRICO","C5037"
"RED DE ANCHO METRICO","C5038"
"RED DE ANCHO METRICO","C5039"
"RED DE ANCHO METRICO","C5040"
"RED DE ANCHO METRICO","C5041"
"RED DE ANCHO METRICO","C5042"
"RED DE ANCHO METRICO","C5043"
"RED DE ANCHO METRICO","C5044"
"RED DE ANCHO METRICO","C5045"
"RED DE ANCHO METRICO","C5046"
"RED DE ANCHO METRICO","C5047"
"RED DE ANCHO METRICO","C5048"
"RED DE ANCHO METRICO","C5049"
"RED DE ANCHO METRICO","C5050"
"RED DE ANCHO METRICO","C5051"
"RED DE ANCHO METRICO","C5052"
"RED DE ANCHO METRICO","C5053"
"RED DE ANCHO METRICO","C5054"
"RED DE ANCHO METRICO","C5055"
"RED DE ANCHO METRICO","C5056"
"RED DE ANCHO METRICO","C5057"
"RED DE ANCHO METRICO","C5058"
"RED DE ANCHO METRICO","C5059"
"RED DE ANCHO METRICO","C5060"
"RED DE ANCHO METRICO","C5061"
"RED DE ANCHO METRICO","C5062"
"RED DE ANCHO METRICO","C5063"
"RED DE ANCHO METRICO","C5064"
"RED DE ANCHO METRICO","C5065"
"RED DE ANCHO METRICO","C5066"
"RED DE ANCHO METRICO","C5067"
"RED DE ANCHO METRICO","C5068"
"RED DE ANCHO METRICO","C5069"
"RED DE ANCHO METRICO","C5070"
"RED DE ANCHO METRICO","C5071"
"RED DE ANCHO METRICO","C5072"
"RED DE ANCHO METRICO","C5073"
"RED DE ANCHO METRICO","C5074"
"RED DE ANCHO METRICO","C5075"
"RED DE ANCHO METRICO","C5076"
"RED DE ANCHO METRICO","C5077"
"RED DE ANCHO METRICO","C5078"
"RED DE ANCHO METRICO","C5079"
"RED DE ANCHO METRICO","C5080"
"RED DE ANCHO METRICO","C5081"
"RED DE ANCHO METRICO","C5082"
"RED DE ANCHO METRICO","C5083"
"RED DE ANCHO METRICO","C5084"
"RED DE ANCHO METRICO","C5085"
"RED DE ANCHO METRICO","C5086"
"RED DE ANCHO METRICO","C5087"
"RED DE ALTA VELOCIDAD (RAV)","B0330"
"RED DE ANCHO METRICO","C5088"
"RED DE ANCHO METRICO","C5089"
"RED DE ANCHO METRICO","C5090"
"RED DE ANCHO METRICO","C5091"
"RED DE ANCHO METRICO","C5092"
"RED DE ANCHO METRICO","C5093"
"RED DE ANCHO METRICO","C5094"
"RED DE ANCHO METRICO","C5095"
"RED DE ANCHO METRICO","C5096"
"RED DE ANCHO METRICO","C5097"
"RED DE ANCHO METRICO","C5098"
"RED DE ANCHO METRICO","C5099"
"RED DE ANCHO METRICO","C5100"
"RED DE ANCHO METRICO","C5101"
"RED DE ANCHO METRICO","C5102"
"RED DE ANCHO METRICO","C5103"
"RED DE ANCHO METRICO","C5104"
"RED DE ANCHO METRICO","C5105"
"RED DE ANCHO METRICO","C5106"
"RED DE ANCHO METRICO","C5107"
"RED DE ANCHO METRICO","C5900"
"RED DE ANCHO METRICO","C5901"
"RED DE ANCHO METRICO","C5902"
"RED DE ANCHO METRICO","C5903"
"RED DE ANCHO METRICO","C5904"
"RED DE ANCHO METRICO","C5905"
"RED DE ANCHO METRICO","C5906"
"RED DE ANCHO METRICO","C5907"
"RED DE ANCHO METRICO","C5108"
"RED DE ANCHO METRICO","C5109"
"RED DE ANCHO METRICO","C5110"
"RED DE ANCHO METRICO","C5111"
"RED DE ANCHO METRICO","C5112"
"RED DE ANCHO METRICO","C5113"
"RED DE ANCHO METRICO","C5114"
"RED DE ANCHO METRICO","C5115"
"RED DE ANCHO METRICO","C5116"
"RED DE ANCHO METRICO","C5117"
"RED DE ANCHO METRICO","C5118"
"RED DE ANCHO METRICO","C5119"
"RED DE ANCHO METRICO","C5120"
"RED DE ANCHO METRICO","C5121"
"RED DE ANCHO METRICO","C5122"
"RED DE ANCHO METRICO","C5123"
"RED DE ANCHO METRICO","C5124"
"RED DE ANCHO METRICO","C5125"
"RED DE ANCHO METRICO","C5126"
"RED DE ANCHO METRICO","C5127"
"RED DE ANCHO METRICO","C5128"
"RED DE ANCHO METRICO","C5129"
"RED DE ANCHO METRICO","C5130"
"RED DE ANCHO METRICO","C5131"
"RED DE ANCHO METRICO","C5132"
"RED DE ANCHO METRICO","C5133"
"RED DE ANCHO METRICO","C5134"
"RED DE ANCHO METRICO","C5135"
"RED DE ANCHO METRICO","C5136"
"RED DE ANCHO METRICO","C5137"
"RED DE ANCHO METRICO","C5138"
"RED DE ANCHO METRICO","C5139"
"RED DE ANCHO METRICO","C5140"
"RED DE ANCHO METRICO","C5141"
"RED DE ANCHO METRICO","C5142"
"RED DE ANCHO METRICO","C5147"
"RED DE ANCHO METRICO","C5148"
"RED DE ANCHO METRICO","C5149"
"RED DE ANCHO METRICO","C5150"
"RED DE ANCHO METRICO","C5151"
"RED DE ANCHO METRICO","C5152"
"RED DE ANCHO METRICO","C5943"
"RED DE ANCHO METRICO","C5944"
"RED DE ANCHO METRICO","C5945"
"RED DE ANCHO METRICO","C5946"
"RED DE ANCHO METRICO","C5153"
"RED DE ANCHO METRICO","C5154"
"RED DE ANCHO METRICO","C5155"
"RED DE ANCHO METRICO","C5156"
"RED DE ANCHO METRICO","C5157"
"RED DE ANCHO METRICO","C5158"
"RED DE ANCHO METRICO","C5159"
"RED DE ANCHO METRICO","C5160"
"RED DE ANCHO METRICO","C5161"
"RED DE ANCHO METRICO","C5162"
"RED DE ANCHO METRICO","C5163"
"RED DE ANCHO METRICO","C5164"
"RED DE ANCHO METRICO","C5165"
"RED DE ANCHO METRICO","C5166"
"RED DE ANCHO METRICO","C5167"
"RED DE ANCHO METRICO","C5168"
"RED DE ANCHO METRICO","C5169"
"RED DE ANCHO METRICO","C5170"
"RED DE ANCHO METRICO","C1503"
"RED DE ANCHO METRICO","C1504"
"RED DE ANCHO METRICO","C1505"
"RED DE ANCHO METRICO","C1506"
"RED DE ANCHO METRICO","C1507"
"RED DE ANCHO METRICO","C1508"
"RED DE ANCHO METRICO","C1509"
"RC NOROESTE","C1510"
"RED DE ANCHO METRICO","C1511"
"RED DE ANCHO METRICO","C1512"
"RED DE ANCHO METRICO","C1513"
"RED DE ANCHO METRICO","C1514"
"RED DE ANCHO METRICO","C1515"
"RED DE ANCHO METRICO","C1516"
"RED DE ANCHO METRICO","C1517"
"RED DE ANCHO METRICO","C1518"
"RED DE ANCHO METRICO","C1519"
"RED DE ANCHO METRICO","C1520"
"RED DE ANCHO METRICO","C1521"
"RED DE ANCHO METRICO","C1522"
"RED DE ANCHO METRICO","C1523"
"RED DE ANCHO METRICO","C1524"
"RED DE ANCHO METRICO","C1525"
"RED DE ANCHO METRICO","C1526"
"RED DE ANCHO METRICO","C1527"
"RED DE ANCHO METRICO","C1528"
"RED DE ANCHO METRICO","C1529"
"RED DE ANCHO METRICO","C1530"
"RED DE ANCHO METRICO","C1531"
"RED DE ANCHO METRICO","C1532"
"RED DE ANCHO METRICO","C1533"
"RED DE ANCHO METRICO","C1534"
"RED DE ANCHO METRICO","C1535"
"RED DE ANCHO METRICO","C1536"
"RED DE ANCHO METRICO","C1537"
"RED DE ANCHO METRICO","C1538"
"RED DE ANCHO METRICO","C1539"
"RED DE ANCHO METRICO","C1540"
"RED DE ANCHO METRICO","C1541"
"RED DE ANCHO METRICO","C1542"
"RED DE ANCHO METRICO","C1543"
"RED DE ANCHO METRICO","C1544"
"RED DE ANCHO METRICO","C1545"
"RED DE ANCHO METRICO","C1546"
"RED DE ANCHO METRICO","C1547"
"RED DE ANCHO METRICO","C1548"
"RED DE ANCHO METRICO","C1549"
"RED DE ANCHO METRICO","C1550"
"RED DE ANCHO METRICO","C1551"
"RED DE ANCHO METRICO","C1552"
"RED DE ANCHO METRICO","C1553"
"RED DE ANCHO METRICO","C1554"
"RED DE ANCHO METRICO","C1555"
"RED DE ANCHO METRICO","C1556"
"RED DE ANCHO METRICO","C1557"
"RED DE ANCHO METRICO","C1558"
"RED DE ANCHO METRICO","C1559"
"RED DE ANCHO METRICO","C1560"
"RED DE ANCHO METRICO","C1561"
"RED DE ANCHO METRICO","C1562"
"RED DE ANCHO METRICO","C1563"
"RED DE ANCHO METRICO","C1564"
"RED DE ANCHO METRICO","C1565"
"RED DE ANCHO METRICO","C1566"
"RED DE ANCHO METRICO","C1567"
"RED DE ANCHO METRICO","C1568"
"","C1569"
"RED DE ANCHO METRICO","C1570"
"RED DE ANCHO METRICO","C1571"
"RED DE ANCHO METRICO","C1572"
"RED DE ANCHO METRICO","C1573"
"RED DE ANCHO METRICO","C1574"
"RED DE ANCHO METRICO","C1575"
"RED DE ANCHO METRICO","C1576"
"RED DE ANCHO METRICO","C1577"
"RED DE ANCHO METRICO","C1578"
"RED DE ANCHO METRICO","C1579"
"RED DE ANCHO METRICO","C1580"
"RED DE ANCHO METRICO","C1581"
"RED DE ANCHO METRICO","C1582"
"RED DE ANCHO METRICO","C1583"
"RED DE ANCHO METRICO","C1584"
"RED DE ANCHO METRICO","C1585"
"RED DE ANCHO METRICO","C1586"
"RED DE ANCHO METRICO","C1587"
"RED DE ANCHO METRICO","C1588"
"RED DE ANCHO METRICO","C1589"
"RED DE ANCHO METRICO","C1590"
"RED DE ANCHO METRICO","C1591"
"RED DE ANCHO METRICO","C1592"
"RED DE ANCHO METRICO","C1593"
"RED DE ANCHO METRICO","C1594"
"RED DE ANCHO METRICO","C1595"
"RED DE ANCHO METRICO","C1596"
"RED DE ANCHO METRICO","C1597"
"RED DE ANCHO METRICO","C1598"
"RED DE ANCHO METRICO","C1599"
"RED DE ANCHO METRICO","C1600"
"RED DE ANCHO METRICO","C1601"
"RED DE ANCHO METRICO","C1602"
"RED DE ANCHO METRICO","C1603"
"RED DE ANCHO METRICO","C1604"
"RED DE ANCHO METRICO","C1605"
"RED DE ANCHO METRICO","C1606"
"RED DE ANCHO METRICO","C1607"
"RED DE ANCHO METRICO","C1608"
"RED DE ANCHO METRICO","C1609"
"RED DE ANCHO METRICO","C1610"
"RED DE ANCHO METRICO","C1611"
"RED DE ANCHO METRICO","C1612"
"RED DE ANCHO METRICO","C1613"
"RED DE ANCHO METRICO","C1614"
"RED DE ANCHO METRICO","C1615"
"RED DE ANCHO METRICO","C1616"
"RED DE ANCHO METRICO","C1617"
"RED DE ANCHO METRICO","C1618"
"RED DE ANCHO METRICO","C1619"
"RED DE ANCHO METRICO","C1620"
"RED DE ANCHO METRICO","C1621"
"RED DE ANCHO METRICO","C1622"
"RED DE ANCHO METRICO","C1623"
"RED DE ANCHO METRICO","C1624"
"RED DE ANCHO METRICO","C1625"
"RED DE ANCHO METRICO","C1626"
"RED DE ANCHO METRICO","C1627"
"RED DE ANCHO METRICO","C1628"
"RED DE ANCHO METRICO","C1629"
"RED DE ANCHO METRICO","C1630"
"RED DE ANCHO METRICO","C1631"
"RED DE ANCHO METRICO","C1632"
"RED DE ANCHO METRICO","C1633"
"RED DE ANCHO METRICO","C1634"
"RED DE ANCHO METRICO","C1635"
"RED DE ANCHO METRICO","C1636"
"RED DE ANCHO METRICO","C1637"
"RED DE ANCHO METRICO","C1638"
"RED DE ANCHO METRICO","C1639"
"RED DE ANCHO METRICO","C1640"
"RED DE ANCHO METRICO","C1641"
"RED DE ANCHO METRICO","C1642"
"RED DE ANCHO METRICO","C1643"
"RED DE ANCHO METRICO","C1644"
"RED DE ANCHO METRICO","C1645"
"RED DE ANCHO METRICO","C1646"
"RED DE ANCHO METRICO","C1647"
"RED DE ANCHO METRICO","C1648"
"RED DE ANCHO METRICO","C1649"
"RED DE ANCHO METRICO","C1650"
"RED DE ANCHO METRICO","C1651"
"RED DE ANCHO METRICO","C1652"
"RED DE ANCHO METRICO","C1653"
"RED DE ANCHO METRICO","C1654"
"RED DE ANCHO METRICO","C1655"
"RED DE ANCHO METRICO","C1656"
"RED DE ANCHO METRICO","C1657"
"RED DE ANCHO METRICO","C1658"
"RED DE ANCHO METRICO","C1659"
"RED DE ANCHO METRICO","C1660"
"RED DE ANCHO METRICO","C1661"
"RED DE ANCHO METRICO","C1662"
"RED DE ANCHO METRICO","C1663"
"RED DE ANCHO METRICO","C1664"
"RED DE ANCHO METRICO","C1665"
"RED DE ANCHO METRICO","C1666"
"RED DE ANCHO METRICO","C1667"
"RED DE ANCHO METRICO","C1668"
"RED DE ANCHO METRICO","C1669"
"RED DE ANCHO METRICO","C1670"
"RED DE ANCHO METRICO","C1671"
"RED DE ANCHO METRICO","C1672"
"RED DE ANCHO METRICO","C1673"
"RED DE ANCHO METRICO","C1674"
"RED DE ANCHO METRICO","C1675"
"RED DE ANCHO METRICO","C1676"
"","C1677"
"RED DE ANCHO METRICO","C1678"
"","C1679"
"RED DE ANCHO METRICO","C1680"
"RED DE ANCHO METRICO","C1681"
"RED DE ANCHO METRICO","C1682"
"RED DE ANCHO METRICO","C1683"
"RED DE ANCHO METRICO","C1684"
"RED DE ANCHO METRICO","C1685"
"RED DE ANCHO METRICO","C1686"
"RED DE ANCHO METRICO","C1687"
"RED DE ANCHO METRICO","C1688"
"RED DE ANCHO METRICO","C1689"
"RED DE ANCHO METRICO","C1690"
"RED DE ANCHO METRICO","C1691"
"RED DE ANCHO METRICO","C1692"
"RED DE ANCHO METRICO","C1693"
"RED DE ANCHO METRICO","C1694"
"RED DE ANCHO METRICO","C1695"
"RED DE ANCHO METRICO","C1696"
"RED DE ANCHO METRICO","C1697"
"RED DE ANCHO METRICO","C1698"
"RED DE ANCHO METRICO","C1699"
"RED DE ANCHO METRICO","C1700"
"RED DE ANCHO METRICO","C1701"
"","C1702"
"RED DE ANCHO METRICO","C1703"
"RED DE ANCHO METRICO","C1704"
"RED DE ANCHO METRICO","C1706"
"RED DE ANCHO METRICO","C1707"
"RED DE ANCHO METRICO","C1708"
"RED DE ANCHO METRICO","C1709"
"RED DE ANCHO METRICO","C1710"
"RED DE ANCHO METRICO","C1711"
"RED DE ANCHO METRICO","C1712"
"RED DE ANCHO METRICO","C1713"
"RED DE ANCHO METRICO","C1714"
"RED DE ANCHO METRICO","C1715"
"RED DE ANCHO METRICO","C1716"
"RED DE ANCHO METRICO","C1717"
"RED DE ANCHO METRICO","C1718"
"RED DE ANCHO METRICO","C1719"
"RED DE ANCHO METRICO","C1720"
"RC NORTE","C1721"
"RC NORTE","C1722"
"RED DE ANCHO METRICO","C1723"
"RED DE ANCHO METRICO","C1724"
"RED DE ANCHO METRICO","C1725"
"RED DE ANCHO METRICO","C1726"
"RED DE ANCHO METRICO","C1727"
"RED DE ANCHO METRICO","C1728"
"RED DE ANCHO METRICO","C1729"
"RED DE ANCHO METRICO","C1730"
"RED DE ANCHO METRICO","C1731"
"RED DE ANCHO METRICO","C1732"
"RED DE ANCHO METRICO","C1733"
"RED DE ANCHO METRICO","C1734"
"RED DE ANCHO METRICO","C1735"
"RED DE ANCHO METRICO","C1736"
"RED DE ANCHO METRICO","C1737"
"RED DE ANCHO METRICO","C1738"
"RED DE ANCHO METRICO","C1739"
"RED DE ANCHO METRICO","C1740"
"RED DE ANCHO METRICO","C1741"
"RED DE ANCHO METRICO","C1742"
"RED DE ANCHO METRICO","C1743"
"RED DE ANCHO METRICO","C1744"
"RED DE ANCHO METRICO","C1745"
"RED DE ANCHO METRICO","C1746"
"RED DE ANCHO METRICO","C1747"
"RED DE ANCHO METRICO","C1748"
"RED DE ANCHO METRICO","C1749"
"RED DE ANCHO METRICO","C1750"
"RED DE ANCHO METRICO","C1751"
"RED DE ANCHO METRICO","C1752"
"RED DE ANCHO METRICO","C1753"
"RED DE ANCHO METRICO","C1754"
"RED DE ANCHO METRICO","C1755"
"RED DE ANCHO METRICO","C1756"
"RED DE ANCHO METRICO","C1757"
"RED DE ANCHO METRICO","C1758"
"RED DE ANCHO METRICO","C1759"
"RED DE ANCHO METRICO","C1760"
"RED DE ANCHO METRICO","C1761"
"RED DE ANCHO METRICO","C1762"
"RED DE ANCHO METRICO","C1763"
"RED DE ANCHO METRICO","C1764"
"RED DE ANCHO METRICO","C1765"
"RED DE ANCHO METRICO","C1766"
"RED DE ANCHO METRICO","C1767"
"RED DE ANCHO METRICO","C1768"
"RED DE ANCHO METRICO","C1769"
"RED DE ANCHO METRICO","C1770"
"RED DE ANCHO METRICO","C1771"
"RED DE ANCHO METRICO","C1772"
"RED DE ANCHO METRICO","C1773"
"RED DE ANCHO METRICO","C1774"
"RED DE ANCHO METRICO","C1775"
"RED DE ANCHO METRICO","C1776"
"RED DE ANCHO METRICO","C5171"
"RED DE ANCHO METRICO","C5172"
"RED DE ANCHO METRICO","C5173"
"RED DE ANCHO METRICO","C5174"
"RED DE ANCHO METRICO","C5175"
"RED DE ANCHO METRICO","C5176"
"RED DE ANCHO METRICO","C5177"
"RED DE ANCHO METRICO","C5178"
"RED DE ANCHO METRICO","C5179"
"RED DE ANCHO METRICO","C5180"
"RED DE ANCHO METRICO","C5181"
"RED DE ANCHO METRICO","C5182"
"RED DE ANCHO METRICO","C5183"
"RED DE ANCHO METRICO","C5184"
"RED DE ANCHO METRICO","C5185"
"RED DE ANCHO METRICO","C5186"
"RED DE ANCHO METRICO","C5187"
"RED DE ANCHO METRICO","C5188"
"RED DE ANCHO METRICO","C5189"
"RED DE ANCHO METRICO","C5190"
"RED DE ANCHO METRICO","C5191"
"RED DE ANCHO METRICO","C5192"
"RED DE ANCHO METRICO","C5193"
"RED DE ANCHO METRICO","C5194"
"RED DE ANCHO METRICO","C5195"
"RED DE ANCHO METRICO","C5196"
"RED DE ANCHO METRICO","C5197"
"RED DE ANCHO METRICO","C5198"
"RED DE ANCHO METRICO","C5199"
"","C5200"
"RED DE ANCHO METRICO","C5201"
"RED DE ANCHO METRICO","C5202"
"RED DE ANCHO METRICO","C5203"
"RED DE ANCHO METRICO","C5204"
"RED DE ANCHO METRICO","C5205"
"RED DE ANCHO METRICO","C5206"
"RED DE ANCHO METRICO","C5207"
"RED DE ANCHO METRICO","C5208"
"RED DE ANCHO METRICO","C5209"
"RED DE ANCHO METRICO","C5210"
"RED DE ANCHO METRICO","C5211"
"RED DE ANCHO METRICO","C5212"
"RED DE ANCHO METRICO","C5213"
"RED DE ANCHO METRICO","C5214"
"RED DE ANCHO METRICO","C5215"
"RED DE ANCHO METRICO","C5216"
"RED DE ANCHO METRICO","C5217"
"RED DE ANCHO METRICO","C5218"
"RED DE ANCHO METRICO","C5219"
"RED DE ANCHO METRICO","C5220"
"RED DE ANCHO METRICO","C5221"
"RED DE ANCHO METRICO","C5222"
"RED DE ANCHO METRICO","C5223"
"RED DE ANCHO METRICO","C5224"
"RED DE ANCHO METRICO","C5225"
"RED DE ANCHO METRICO","C5226"
"RED DE ANCHO METRICO","C5227"
"RED DE ANCHO METRICO","C5228"
"RED DE ANCHO METRICO","C5229"
"RED DE ANCHO METRICO","C5230"
"RED DE ANCHO METRICO","C5231"
"RED DE ANCHO METRICO","C5232"
"RED DE ANCHO METRICO","C5233"
"RED DE ANCHO METRICO","C5234"
"RED DE ANCHO METRICO","C5235"
"RED DE ANCHO METRICO","C1777"
"RED DE ANCHO METRICO","C1778"
"RED DE ANCHO METRICO","C1779"
"RED DE ANCHO METRICO","C1780"
"RED DE ANCHO METRICO","C1781"
"RED DE ANCHO METRICO","C1782"
"RED DE ANCHO METRICO","C1783"
"RED DE ANCHO METRICO","C1784"
"RED DE ANCHO METRICO","C1785"
"RED DE ANCHO METRICO","C1786"
"RED DE ANCHO METRICO","C1787"
"RED DE ANCHO METRICO","C1788"
"RED DE ANCHO METRICO","C1789"
"RED DE ANCHO METRICO","C1790"
"RED DE ANCHO METRICO","C1791"
"RED DE ANCHO METRICO","C1792"
"RED DE ANCHO METRICO","C1793"
"RED DE ANCHO METRICO","C1794"
"RED DE ANCHO METRICO","C1795"
"RED DE ANCHO METRICO","C1796"
"RED DE ANCHO METRICO","C1797"
"RED DE ANCHO METRICO","C1799"
"RED DE ANCHO METRICO","C1800"
"RED DE ANCHO METRICO","C1801"
"RED DE ANCHO METRICO","C1802"
"RED DE ANCHO METRICO","C1803"
"RED DE ANCHO METRICO","C1804"
"RED DE ANCHO METRICO","C1805"
"RED DE ANCHO METRICO","C1806"
"RED DE ANCHO METRICO","C1807"
"RED DE ANCHO METRICO","C1808"
"RED DE ANCHO METRICO","C1809"
"RED DE ANCHO METRICO","C1810"
"RED DE ANCHO METRICO","C1811"
"RED DE ANCHO METRICO","C1812"
"RED DE ANCHO METRICO","C1813"
"RED DE ANCHO METRICO","C1814"
"RED DE ANCHO METRICO","C1815"
"RED DE ANCHO METRICO","C1816"
"RED DE ANCHO METRICO","C1817"
"RED DE ANCHO METRICO","C1818"
"RED DE ANCHO METRICO","C1819"
"RED DE ANCHO METRICO","C1820"
"RED DE ANCHO METRICO","C1821"
"RED DE ANCHO METRICO","C1822"
"RED DE ANCHO METRICO","C1823"
"RED DE ANCHO METRICO","C1824"
"RED DE ANCHO METRICO","C1825"
"RED DE ANCHO METRICO","C1826"
"RED DE ANCHO METRICO","C1827"
"RED DE ANCHO METRICO","C1828"
"RED DE ANCHO METRICO","C1829"
"RED DE ANCHO METRICO","C1830"
"RED DE ANCHO METRICO","C1831"
"RED DE ANCHO METRICO","C1832"
"RED DE ANCHO METRICO","C1833"
"RED DE ANCHO METRICO","C1834"
"RED DE ANCHO METRICO","C1835"
"RED DE ANCHO METRICO","C1836"
"RED DE ANCHO METRICO","C1837"
"RED DE ANCHO METRICO","C1838"
"RED DE ANCHO METRICO","C1839"
"RED DE ANCHO METRICO","C1840"
"RED DE ANCHO METRICO","C1841"
"RED DE ANCHO METRICO","C1842"
"RED DE ANCHO METRICO","C1843"
"RED DE ANCHO METRICO","C1844"
"RED DE ANCHO METRICO","C1845"
"RED DE ANCHO METRICO","C1846"
"RED DE ANCHO METRICO","C1847"
"RED DE ANCHO METRICO","C1848"
"RED DE ANCHO METRICO","C1849"
"RED DE ANCHO METRICO","C1850"
"RED DE ANCHO METRICO","C1851"
"RED DE ANCHO METRICO","C1852"
"RED DE ANCHO METRICO","C1853"
"RED DE ANCHO METRICO","C1854"
"RED DE ANCHO METRICO","C1855"
"RED DE ANCHO METRICO","C1856"
"RED DE ANCHO METRICO","C1857"
"RED DE ANCHO METRICO","C1858"
"RED DE ANCHO METRICO","C1859"
"RED DE ANCHO METRICO","C1860"
"RED DE ANCHO METRICO","C1861"
"RED DE ANCHO METRICO","C1862"
"RED DE ANCHO METRICO","C1863"
"RED DE ANCHO METRICO","C1864"
"RED DE ANCHO METRICO","C1865"
"RED DE ANCHO METRICO","C1866"
"RED DE ANCHO METRICO","C1867"
"RED DE ANCHO METRICO","C1868"
"RED DE ANCHO METRICO","C1869"
"RED DE ANCHO METRICO","C1870"
"RED DE ANCHO METRICO","C1871"
"RED DE ANCHO METRICO","C1872"
"RED DE ANCHO METRICO","C1873"
"RED DE ANCHO METRICO","C1874"
"RED DE ANCHO METRICO","C1875"
"RED DE ANCHO METRICO","C1876"
"RED DE ANCHO METRICO","C1877"
"RED DE ANCHO METRICO","C1878"
"RED DE ANCHO METRICO","C1879"
"RED DE ANCHO METRICO","C1880"
"RED DE ANCHO METRICO","C1881"
"RED DE ANCHO METRICO","C1882"
"RED DE ANCHO METRICO","C1883"
"RED DE ANCHO METRICO","C1884"
"RED DE ANCHO METRICO","C1885"
"RED DE ANCHO METRICO","C1886"
"RED DE ANCHO METRICO","C1887"
"RED DE ANCHO METRICO","C1888"
"RED DE ANCHO METRICO","C1889"
"RED DE ANCHO METRICO","C1890"
"RED DE ANCHO METRICO","C1891"
"RED DE ANCHO METRICO","C1892"
"RED DE ANCHO METRICO","C1893"
"RED DE ANCHO METRICO","C1894"
"RED DE ANCHO METRICO","C1895"
"RED DE ANCHO METRICO","C1896"
"RED DE ANCHO METRICO","C1897"
"RED DE ANCHO METRICO","C1898"
"RED DE ANCHO METRICO","C1899"
"RED DE ANCHO METRICO","C1900"
"RED DE ANCHO METRICO","C1901"
"RED DE ANCHO METRICO","C1902"
"RED DE ANCHO METRICO","C1904"
"RED DE ANCHO METRICO","C1905"
"RED DE ANCHO METRICO","C1906"
"RED DE ANCHO METRICO","C1907"
"RED DE ANCHO METRICO","C1908"
"RED DE ANCHO METRICO","C1909"
"RED DE ANCHO METRICO","C1910"
"RED DE ANCHO METRICO","C1911"
"RED DE ANCHO METRICO","C1912"
"RED DE ANCHO METRICO","C1913"
"RED DE ANCHO METRICO","C1914"
"RED DE ANCHO METRICO","C1915"
"RED DE ANCHO METRICO","C1916"
"RED DE ANCHO METRICO","C1917"
"RED DE ANCHO METRICO","C1918"
"RED DE ANCHO METRICO","C1919"
"RED DE ANCHO METRICO","C1920"
"RED DE ANCHO METRICO","C1921"
"RED DE ANCHO METRICO","C1922"
"RED DE ANCHO METRICO","C1923"
"RED DE ANCHO METRICO","C1924"
"RED DE ANCHO METRICO","C1925"
"RED DE ANCHO METRICO","C1926"
"RED DE ANCHO METRICO","C1927"
"RED DE ANCHO METRICO","C1928"
"RED DE ANCHO METRICO","C1929"
"RED DE ANCHO METRICO","C1930"
"RED DE ANCHO METRICO","C1931"
"RED DE ANCHO METRICO","C1932"
"RED DE ANCHO METRICO","C1933"
"RED DE ANCHO METRICO","C1934"
"RED DE ANCHO METRICO","C1935"
"RED DE ANCHO METRICO","C1936"
"RED DE ANCHO METRICO","C1937"
"RED DE ANCHO METRICO","C1938"
"RED DE ANCHO METRICO","C1939"
"RED DE ANCHO METRICO","C1940"
"RED DE ANCHO METRICO","C1941"
"RED DE ANCHO METRICO","C1942"
"RED DE ANCHO METRICO","C1943"
"RED DE ANCHO METRICO","C1944"
"RED DE ANCHO METRICO","C1945"
"RED DE ANCHO METRICO","C1946"
"RED DE ANCHO METRICO","C1947"
"RED DE ANCHO METRICO","C1948"
"RED DE ANCHO METRICO","C1949"
"RED DE ANCHO METRICO","C1950"
"RED DE ANCHO METRICO","C1951"
"RED DE ANCHO METRICO","C1952"
"RED DE ANCHO METRICO","C1953"
"RED DE ANCHO METRICO","C1954"
"RED DE ANCHO METRICO","C1955"
"RED DE ANCHO METRICO","C1956"
"RED DE ANCHO METRICO","C1957"
"RED DE ANCHO METRICO","C1958"
"RED DE ANCHO METRICO","C1959"
"RED DE ANCHO METRICO","C1960"
"RED DE ANCHO METRICO","C1961"
"RED DE ANCHO METRICO","C1962"
"RED DE ANCHO METRICO","C1963"
"RED DE ANCHO METRICO","C1964"
"RED DE ANCHO METRICO","C1965"
"RED DE ANCHO METRICO","C1966"
"RED DE ANCHO METRICO","C1967"
"RED DE ANCHO METRICO","C1968"
"RED DE ANCHO METRICO","C1969"
"RED DE ANCHO METRICO","C1970"
"RED DE ANCHO METRICO","C5236"
"RED DE ANCHO METRICO","C5237"
"RED DE ANCHO METRICO","C5238"
"RED DE ANCHO METRICO","C5239"
"RED DE ANCHO METRICO","C5240"
"RED DE ANCHO METRICO","C5241"
"RED DE ANCHO METRICO","C5242"
"RED DE ANCHO METRICO","C5243"
"RED DE ANCHO METRICO","C5244"
"RED DE ANCHO METRICO","C5245"
"RED DE ANCHO METRICO","C5246"
"RED DE ANCHO METRICO","C5247"
"RED DE ANCHO METRICO","C5248"
"RED DE ANCHO METRICO","C5249"
"RED DE ANCHO METRICO","C5250"
"RED DE ANCHO METRICO","C5251"
"RED DE ANCHO METRICO","C5252"
"RED DE ANCHO METRICO","C5253"
"RED DE ANCHO METRICO","C5254"
"RED DE ANCHO METRICO","C5255"
"RC NOROESTE","C5256"
"RED DE ANCHO METRICO","C5257"
"RED DE ANCHO METRICO","C5258"
"RC NOROESTE","C5259"
"RC NOROESTE","C5260"
"RED DE ANCHO METRICO","C5261"
"RED DE ANCHO METRICO","C5262"
"RED DE ANCHO METRICO","C5263"
"RED DE ANCHO METRICO","C5264"
"RED DE ANCHO METRICO","C5265"
"RED DE ANCHO METRICO","C5266"
"RED DE ANCHO METRICO","C5267"
"RED DE ANCHO METRICO","C5268"
"RED DE ANCHO METRICO","C5269"
"RED DE ANCHO METRICO","C5270"
"RED DE ANCHO METRICO","C5271"
"RED DE ANCHO METRICO","C5272"
"RED DE ANCHO METRICO","C5273"
"RED DE ANCHO METRICO","C5274"
"RED DE ANCHO METRICO","C1971"
"RED DE ANCHO METRICO","C1972"
"RED DE ANCHO METRICO","C1973"
"RED DE ANCHO METRICO","C1974"
"RED DE ANCHO METRICO","C1975"
"RED DE ANCHO METRICO","C1976"
"","C1977"
"","C1978"
"RED DE ANCHO METRICO","C1979"
"RED DE ANCHO METRICO","C1980"
"RED DE ANCHO METRICO","C1981"
"RED DE ANCHO METRICO","C1982"
"RC NOROESTE","A1983"
"RC NOROESTE","A1984"
"RED DE ANCHO METRICO","C4040"
"RED DE ANCHO METRICO","C4041"
"RC NOROESTE","A1703"
"RED DE ANCHO METRICO","C1401"
"RED DE ANCHO METRICO","C1402"
"RED DE ANCHO METRICO","C1983"
"RC NOROESTE","A1985"
"RC NOROESTE","A1986"
"RC NOROESTE","05295"
"RC NOROESTE","05301"
"RC NOROESTE","05319"
"RC NOROESTE","05355"
"RC NOROESTE","05377"
"RC NOROESTE","05387"
"RC NOROESTE","05413"
"RC NOROESTE","05431"
"RC NOROESTE","05441"
"RC NORTE","05471"
"RC NOROESTE","05785"
"RC NOROESTE","05790"
"RC NOROESTE","05797"
"RC ESTE","05953"
"RC ESTE","05967"
"RC NOROESTE","B2300"
"RC SUR","B5120"
"RC NORTE","C1160"
"RC NOROESTE","C3308"
"RC NORESTE","C7730"
"RC NORESTE","C7931"
"RC NORTE","C1161"
"RC NORESTE","C7932"
"RC ESTE","B6403"
"RC ESTE","B6405"
"RC ESTE","A6143"
"RC ESTE","B6406"
"RC NOROESTE","B1505"
"RC NORTE","B0602"
"RC NORTE","C8102"
"RED DE ALTA VELOCIDAD (RAV)","B0340"
"RED DE ALTA VELOCIDAD (RAV)","B0341"
"RED DE ALTA VELOCIDAD (RAV)","C0364"
"RED DE ALTA VELOCIDAD (RAV)","C0365"
"RED DE ALTA VELOCIDAD (RAV)","C0366"
"RED DE ALTA VELOCIDAD (RAV)","C0367"
"RED DE ALTA VELOCIDAD (RAV)","C6120"
"RED DE ALTA VELOCIDAD (RAV)","C6121"
"RED DE ALTA VELOCIDAD (RAV)","C6122"
"RED DE ALTA VELOCIDAD (RAV)","03410"
"RED DE ALTA VELOCIDAD (RAV)","03411"
"RED DE ALTA VELOCIDAD (RAV)","03412"
"RED DE ALTA VELOCIDAD (RAV)","03413"
"RED DE ALTA VELOCIDAD (RAV)","03414"
"RED DE ALTA VELOCIDAD (RAV)","C0748"
"RED DE ALTA VELOCIDAD (RAV)","C0743"
"RED DE ALTA VELOCIDAD (RAV)","C0744"
"RED DE ALTA VELOCIDAD (RAV)","C0745"
"RED DE ALTA VELOCIDAD (RAV)","C0746"
"RED DE ALTA VELOCIDAD (RAV)","C0747"
"RED DE ALTA VELOCIDAD (RAV)","C0800"
"RC NORTE","C1124"
"RED DE ALTA VELOCIDAD (RAV)","C4051"
"RED DE ALTA VELOCIDAD (RAV)","C4052"
"RED DE ALTA VELOCIDAD (RAV)","C4053"
"RED DE ALTA VELOCIDAD (RAV)","C4350"
"RED DE ALTA VELOCIDAD (RAV)","C4351"
"RED DE ALTA VELOCIDAD (RAV)","C4352"
"RED DE ALTA VELOCIDAD (RAV)","C4353"
"RED DE ALTA VELOCIDAD (RAV)","C4354"
"RED DE ALTA VELOCIDAD (RAV)","C4355"
"RED DE ALTA VELOCIDAD (RAV)","C4356"
"RED DE ALTA VELOCIDAD (RAV)","C4357"
"RED DE ALTA VELOCIDAD (RAV)","C4358"
"RED DE ALTA VELOCIDAD (RAV)","C4359"
"RED DE ALTA VELOCIDAD (RAV)","C4364"
"RED DE ALTA VELOCIDAD (RAV)","C4365"
"RED DE ALTA VELOCIDAD (RAV)","C4366"
"RED DE ALTA VELOCIDAD (RAV)","C4367"
"RED DE ALTA VELOCIDAD (RAV)","C4368"
"RED DE ALTA VELOCIDAD (RAV)","C4369"
"RED DE ALTA VELOCIDAD (RAV)","C0318"
"RED DE ALTA VELOCIDAD (RAV)","C0319"
"RC CENTRO","C0401"
"RC CENTRO","C0402"
"RC CENTRO","C0403"
"RED DE ALTA VELOCIDAD (RAV)","C3309"
"RED DE ALTA VELOCIDAD (RAV)","C3310"
"RED DE ALTA VELOCIDAD (RAV)","C3311"
"RED DE ALTA VELOCIDAD (RAV)","C3730"
"RED DE ALTA VELOCIDAD (RAV)","C4050"
"RC NORESTE","C7810"
"RC NORESTE","C7811"
"RC NORESTE","C7812"
"RC NORESTE","C7813"
"RC NORESTE","C7814"
"RC NORESTE","C7815"
"RC NORESTE","C7816"
"RC NORESTE","C7817"
"RC NORESTE","C7818"
"RC NORESTE","C7819"
"RC NORESTE","C7820"
"RED DE ALTA VELOCIDAD (RAV)","C8000"
"RED DE ALTA VELOCIDAD (RAV)","C8001"
"RED DE ALTA VELOCIDAD (RAV)","C9212"
"RED DE ALTA VELOCIDAD (RAV)","C9213"
"RED DE ALTA VELOCIDAD (RAV)","C9214"
"RC NOROESTE","C3320"
"RC NOROESTE","C3321"
"RC NOROESTE","C3322"
"RC NOROESTE","C3323"
"RC CENTRO","C1100"
"RC NORTE","C1110"
"RC NORTE","C1111"
"RC NORTE","C1112"
"RC NORTE","C1113"
"RC NORTE","C1114"
"RC NORTE","C1115"
"RC NORTE","C1116"
"RC NORTE","C1117"
"RC NORTE","C1118"
"RC NORTE","C1119"
"RC NORTE","C1120"
"RC NORTE","C1121"
"RC NORTE","C1122"
"RC NORTE","C1123"
"RC NOROESTE","C1450"
"RC NOROESTE","C1451"
"RC NOROESTE","C1452"
"RC NOROESTE","C1453"
"RC NOROESTE","C1454"
"RC NORTE","C1455"
"RC NOROESTE","C1456"
"RC NOROESTE","C1457"
"RC NOROESTE","C1458"
"RC NORTE","C1459"
"RC NOROESTE","C1460"
"RC NORTE","C1461"
"RC NORTE","C1462"
"RC NORTE","C1463"
"RC NORTE","C1464"
"RC NORTE","C1465"
"RC NORTE","C8010"
"RC NORTE","C8011"
"RC NORTE","C8012"
"RC NORTE","C8013"
"RC NORTE","C8014"
"RED DE ALTA VELOCIDAD (RAV)","C4361"
"RED DE ALTA VELOCIDAD (RAV)","C4362"
"RED DE ALTA VELOCIDAD (RAV)","C4363"
"RC NOROESTE","C2000"
"RC NOROESTE","C2001"
"RC NOROESTE","C2002"
"RC NOROESTE","C2003"
"RC NOROESTE","C2004"
"RC NOROESTE","C2005"
"RC NOROESTE","C2006"
"RC NOROESTE","C2007"
"RC NOROESTE","C2008"
"RC NOROESTE","C2009"
"RC NOROESTE","C2010"
"RC NOROESTE","C3100"
"RC NOROESTE","C3101"
"RC NOROESTE","C3102"
"RC NOROESTE","C3103"
"RC CENTRO","C3104"
"RC CENTRO","C3105"
"RC SUR","C0500"
"RC SUR","C0502"
"RC SUR","C0600"
"RC SUR","C0601"
"RC SUR","C0602"
"RC ESTE","C0610"
"RC ESTE","C0611"
"RC ESTE","C0612"
"RC CENTRO","C3502"
"RC CENTRO","C3503"
"RC CENTRO","C6001"
"RC CENTRO","C6010"
"RC CENTRO","C6013"
"RC CENTRO","C6014"
"RC ESTE","C6015"
"RC ESTE","C6016"
"RC ESTE","C6017"
"RC ESTE","C6018"
"RC ESTE","C6019"
"RC ESTE","C6020"
"RC ESTE","C6021"
"RC ESTE","C6022"
"RC ESTE","C6023"
"RC ESTE","C6024"
"RC ESTE","C6025"
"RC ESTE","C6026"
"RC ESTE","C6112"
"RC ESTE","C6113"
"RC ESTE","C6201"
"RC ESTE","C6202"
"RC ESTE","C6203"
"RC ESTE","C6204"
"RC ESTE","C6205"
"RC ESTE","C6206"
"RC ESTE","C6207"
"RC ESTE","C6208"
"RC ESTE","C6209"
"RC ESTE","C6210"
"RC ESTE","C6211"
"RC ESTE","C6214"
"RC ESTE","C6605"
"RC ESTE","C6901"
"RC ESTE","C6902"
"RC ESTE","C6903"
"RC ESTE","C6904"
"RC SUR","C0100"
"RC SUR","C0101"
"RC SUR","C0102"
"RC SUR","C0103"
"RC SUR","C0104"
"RC SUR","C0105"
"RC SUR","C0106"
"RC SUR","C0130"
"RC SUR","C0131"
"RC SUR","C0132"
"RC SUR","C0133"
"RC SUR","C0140"
"RC SUR","C0141"
"RC SUR","C0142"
"RC SUR","C0143"
"RC SUR","C0144"
"RC SUR","C0301"
"RC SUR","C0302"
"RC NORESTE","C7032"
"RC NORESTE","C7033"
"RC NORESTE","C7034"
"RC NORESTE","C7035"
"RC NORESTE","C7036"
"RC NORESTE","C7037"
"RC NORESTE","C7038"
"RC NORESTE","C7039"
"RC NORESTE","C7040"
"RC NORESTE","C7041"
"RC NORESTE","C7042"
"RC NORESTE","C7043"
"RC NORESTE","C7044"
"RC NORESTE","C7045"
"RC NORESTE","C7046"
"RC NORESTE","C7047"
"RC NORESTE","C7048"
"RC NORESTE","C7049"
"RC NORESTE","C7050"
"RC NORESTE","C7051"
"RC NORESTE","C7052"
"RC NORESTE","C7053"
"RC NORESTE","C7054"
"RC NORESTE","C7055"
"RC NORESTE","C7056"
"RC NORESTE","C7057"
"RC NORESTE","C7058"
"RC NORESTE","C7059"
"RC NORESTE","C7060"
"RC NORESTE","C7061"
"RC NORESTE","C7062"
"RC NORESTE","C7063"
"RC NORESTE","C7064"
"RC NORESTE","C7065"
"RC NORESTE","C7066"
"RC NORESTE","C7067"
"RC NORESTE","C7068"
"RC NORESTE","C7069"
"RC NORESTE","C7070"
"RC NORESTE","C7071"
"RC ESTE","C6502"
"RC ESTE","C6503"
"RC ESTE","C6504"
"RC ESTE","C6505"
"RC ESTE","C6506"
"RC ESTE","C6507"
"RC ESTE","C6508"
"RC ESTE","C6509"
"RC ESTE","C6510"
"RC ESTE","C6511"
"RC NORESTE","C6512"
"RC NORESTE","C6513"
"RC NORESTE","C6514"
"RC NORESTE","C6515"
"RC NORESTE","C6516"
"RC ESTE","C6528"
"RC ESTE","C6529"
"RC ESTE","C6530"
"RC CENTRO","C7020"
"RC CENTRO","C7021"
"RC CENTRO","C7022"
"RC NORESTE","C7025"
"RC NORESTE","C7026"
"RC NORESTE","C7027"
"RC NORESTE","C7028"
"RC NORESTE","C7029"
"RC NORESTE","C7030"
"RC NORESTE","C7031"
"RC ESTE","C6518"
"RC NORESTE","C6519"
"RC NORESTE","C6520"
"RC NORESTE","C6521"
"RC NORESTE","C6522"
"RC NORESTE","C6523"
"RC NORESTE","C6524"
"RC ESTE","C6525"
"RC ESTE","C6526"
"RC ESTE","C6527"
"RC SUR","C4400"
"RC SUR","C4401"
"RC SUR","C7000"
"RC SUR","C7001"
"RC SUR","C7002"
"RC SUR","C0603"
"RC SUR","C0604"
"RC SUR","C0605"
"RC SUR","C0606"
"RC SUR","C0607"
"RC SUR","C0608"
"RC SUR","C0609"
"RC CENTRO","C3500"
"RC CENTRO","C3501"
"RC SUR","C3600"
"RC SUR","C3601"
"RC SUR","C3603"
"RC CENTRO","C3700"
"RC SUR","C5500"
"RC SUR","C5502"
"RC SUR","C5510"
"RC SUR","C5511"
"RC CENTRO","C9832"
"RC SUR","D3604"
"RC SUR","C0005"
"RC SUR","C0006"
"RC SUR","C0007"
"RC SUR","C0008"
"RC SUR","C4010"
"RC SUR","C4011"
"RC SUR","C4012"
"RC CENTRO","C3701"
"RC CENTRO","C3702"
"RC CENTRO","C3703"
"RC CENTRO","C3704"
"RC CENTRO","C3705"
"RC SUR","C3706"
"RC SUR","C3707"
"RC SUR","C3708"
"RC SUR","C3709"
"RC SUR","C3740"
"RC SUR","C3763"
"RC CENTRO","C9400"
"RC NOROESTE","B1513"
"RC CENTRO","C3504"
"RC NORTE","C1466"
"RC SUR","C4013"
"RC NORESTE","C7072"
"RED DE ALTA VELOCIDAD (RAV)","C5441"
"RC SUR","C5442"
"RED DE ALTA VELOCIDAD (RAV)","B0821"
"RED DE ALTA VELOCIDAD (RAV)","B0822"
"RED DE ALTA VELOCIDAD (RAV)","C0819"
"RED DE ALTA VELOCIDAD (RAV)","C0838"
"RED DE ALTA VELOCIDAD (RAV)","C0839"
"RC NOROESTE","A2301"
"RC NOROESTE","C3106"
"RC NOROESTE","B2301"
"RC NOROESTE","C3107"
"RC NOROESTE","C3108"
"RC NOROESTE","C3109"
"RC ESTE","C6531"
"RED DE ALTA VELOCIDAD (RAV)","B0813"
"RED DE ALTA VELOCIDAD (RAV)","B0814"
"RED DE ALTA VELOCIDAD (RAV)","B0815"
"RED DE ALTA VELOCIDAD (RAV)","B0816"
"RED DE ALTA VELOCIDAD (RAV)","B0817"
"RC NOROESTE","B0818"
"RC NOROESTE","B0819"
"RC NOROESTE","B0823"
"RC NOROESTE","B0824"
"RC NOROESTE","C3110"
"RC NOROESTE","23023"
"RC NOROESTE","C2230"
"RC NOROESTE","C2231"
"RC NOROESTE","08223"
"RC NOROESTE","08224"
"RC NORTE","B0825"
"RC NOROESTE","B0826"
"RED DE ALTA VELOCIDAD (RAV)","B0810"
"RED DE ALTA VELOCIDAD (RAV)","C0848"
"RED DE ALTA VELOCIDAD (RAV)","C0849"
"RED DE ALTA VELOCIDAD (RAV)","08014"
"RED DE ALTA VELOCIDAD (RAV)","08015"
"RED DE ALTA VELOCIDAD (RAV)","08016"
"RED DE ALTA VELOCIDAD (RAV)","08017"
"RED DE ALTA VELOCIDAD (RAV)","08018"
"RED DE ALTA VELOCIDAD (RAV)","08019"
"RED DE ALTA VELOCIDAD (RAV)","08206"
"RED DE ALTA VELOCIDAD (RAV)","08020"
"RED DE ALTA VELOCIDAD (RAV)","C0349"
"RED DE ALTA VELOCIDAD (RAV)","C8200"
"RED DE ALTA VELOCIDAD (RAV)","C0852"
"RED DE ALTA VELOCIDAD (RAV)","C0853"
"RED DE ALTA VELOCIDAD (RAV)","C0854"
"RC NOROESTE","22301"
"RC NOROESTE","22310"
"RC NORESTE","B7945"
"RC NOROESTE","B2302"
"RC NOROESTE","C3111"
"RED DE ALTA VELOCIDAD (RAV)","08003"
"RED DE ALTA VELOCIDAD (RAV)","B0201"
"RC ESTE","C6027"
"RC NOROESTE","B2230"
"RC NOROESTE","C2232"
"RED DE ALTA VELOCIDAD (RAV)","A0810"
"RED DE ALTA VELOCIDAD (RAV)","C0870"
"RED DE ALTA VELOCIDAD (RAV)","C0871"
"RED DE ALTA VELOCIDAD (RAV)","C0872"
"RED DE ALTA VELOCIDAD (RAV)","C0873"
"RC CENTRO","C8103"
"RC NORESTE","C7510"
"RC NORESTE","C7511"
"RED DE ALTA VELOCIDAD (RAV)","B0840"
"RED DE ALTA VELOCIDAD (RAV)","C3020"
"RED DE ALTA VELOCIDAD (RAV)","02030"
"RED DE ALTA VELOCIDAD (RAV)","02031"
"RED DE ALTA VELOCIDAD (RAV)","02035"
"RED DE ALTA VELOCIDAD (RAV)","08240"
"RED DE ALTA VELOCIDAD (RAV)","08241"
"RED DE ALTA VELOCIDAD (RAV)","08242"
"RED DE ALTA VELOCIDAD (RAV)","08243"
"RED DE ALTA VELOCIDAD (RAV)","B0105"
"RED DE ALTA VELOCIDAD (RAV)","B0107"
"RED DE ALTA VELOCIDAD (RAV)","B0109"
"RED DE ALTA VELOCIDAD (RAV)","B0110"
"RC NOROESTE","B3200"
"RED DE ALTA VELOCIDAD (RAV)","B0104"
"RC NORTE","C2400"
"RC NORTE","C2401"
"RC NORTE","C2402"
"RC NORTE","C2403"
"RC NORTE","C2404"
"RC NORTE","C2405"
"RC NORTE","C2406"
"RC NORTE","C2407"
"RC NORTE","C2408"
"RC NORTE","C2409"
"RC NORTE","C2410"
"RC NORTE","C2411"
"RC NORTE","C2412"
"RC NORTE","C2413"
"RC NORTE","C2414"
"RC NORTE","C2415"
"RC NORTE","C2416"
"RC NORTE","C2417"
"RC NORTE","C2418"
"RC NORTE","C2419"
"RC NORTE","C2420"
"RC NORTE","C2421"
"RC NORTE","C2422"
"RC NORTE","C2423"
"RC NORTE","C2424"
"RC NORTE","C2425"
"RC NORTE","C2426"
"RC NORTE","C2427"
"RC NORTE","C2428"
"RC NORTE","C2429"
"RC NORTE","C2430"
"RC NORTE","C2431"
"RC NORTE","C2432"
"RC NORTE","C2433"
"RC NORTE","C2434"
"RC NORTE","C2435"
"RC CENTRO","70112"
"RC CENTRO","97200"
"RC NORTE","C1413"
"RC SUR","C3750"
"RC SUR","C3751"
"RC NOROESTE","C3112"
"RC NORESTE","C6535"
"RC NOROESTE","C2301"
"RC NOROESTE","C2302"
"RC NOROESTE","C2303"
"RC NOROESTE","C2304"
"RC NOROESTE","C2305"
"RC NOROESTE","C2306"
"RC NOROESTE","C2307"
"RC NOROESTE","C2436"
"RC NOROESTE","C2437"
"RC NOROESTE","C2438"
"RC NOROESTE","C2443"
"RC NOROESTE","C2444"
"RC NOROESTE","C2445"
"RC NOROESTE","C2446"
"RC NOROESTE","C2440"
"RC NOROESTE","C2441"
"RC NOROESTE","C2442"
"RC NOROESTE","23020"
"RC NOROESTE","23021"
"RC NOROESTE","A0823"
"RC NOROESTE","A1410"
"RED DE ALTA VELOCIDAD (RAV)","C8201"
"RED DE ALTA VELOCIDAD (RAV)","C8202"
"RED DE ALTA VELOCIDAD (RAV)","C8203"
"RED DE ALTA VELOCIDAD (RAV)","C8204"
"RED DE ALTA VELOCIDAD (RAV)","C8205"
"RED DE ALTA VELOCIDAD (RAV)","C8206"
"RED DE ALTA VELOCIDAD (RAV)","C8207"
"RED DE ALTA VELOCIDAD (RAV)","C8208"
"RED DE ALTA VELOCIDAD (RAV)","C8209"
"RED DE ALTA VELOCIDAD (RAV)","C8210"
"RED DE ALTA VELOCIDAD (RAV)","C8212"
"RED DE ALTA VELOCIDAD (RAV)","C8213"
"RED DE ALTA VELOCIDAD (RAV)","C8214"
"RED DE ALTA VELOCIDAD (RAV)","C8215"
"RC NORESTE","C7073"
"RED DE ALTA VELOCIDAD (RAV)","A8240"
"RED DE ALTA VELOCIDAD (RAV)","C3021"
"RED DE ALTA VELOCIDAD (RAV)","C3022"
"RED DE ALTA VELOCIDAD (RAV)","C3023"
"RED DE ALTA VELOCIDAD (RAV)","C8216"
"RED DE ALTA VELOCIDAD (RAV)","C8217"
"RED DE ALTA VELOCIDAD (RAV)","C8218"
"RC CENTRO","70113"
"RED DE ALTA VELOCIDAD (RAV)","C8219"
"RC NORESTE","A7510"
"RC SUR","C0107"
"RED DE ALTA VELOCIDAD (RAV)","C8220"
"RC SUR","C0108"
"RC SUR","C0109"
"RC SUR","51113"
"RC NORESTE","A5410"
"RC ESTE","B5407"
"RC ESTE","B5408"
"RC ESTE","B5409"
"RC ESTE","B5410"
"RC NORESTE","B7510"
"RED DE ALTA VELOCIDAD (RAV)","C3024"
"RC NOROESTE","C3025"
"RED DE ALTA VELOCIDAD (RAV)","B3020"
"RC NOROESTE","C3113"
"RC NOROESTE","C3114"
"RC NOROESTE","C3115"
"RED DE ALTA VELOCIDAD (RAV)","C8221"
"RC NOROESTE","C3026"
"RED DE ALTA VELOCIDAD (RAV)","C8222"
"RED DE ALTA VELOCIDAD (RAV)","90002"
"RED DE ALTA VELOCIDAD (RAV)","90003"
"RED DE ALTA VELOCIDAD (RAV)","90004"
"RED DE ALTA VELOCIDAD (RAV)","90005"
"RED DE ALTA VELOCIDAD (RAV)","C0429"
"RED DE ALTA VELOCIDAD (RAV)","C0430"
"RC NOROESTE","A1650"
"RC NOROESTE","A3142"
"RC SUR","A5110"
"RC SUR","A5111"
"RC ESTE","A6410"
"RC ESTE","A6504"
"RC ESTE","A6505"
"RC NOROESTE","C3116"
"RC NORTE","C7201"
"RC NORTE","C7203"
"RC NORTE","C7204"
"RC ESTE","C6540"
"RC ESTE","C6541"
"RC ESTE","C6517"
"RC NORESTE","C7821"
"RC NORESTE","C7822"
"RED DE ALTA VELOCIDAD (RAV)","B4105"
"RC ESTE","B5411"
"RC NORESTE","C6532"
"RC NORESTE","C6533"
"RC NORESTE","C6534"
"RED DE ALTA VELOCIDAD (RAV)","C6536"
"RED DE ALTA VELOCIDAD (RAV)","C6537"
"RED DE ALTA VELOCIDAD (RAV)","C6538"
"RED DE ALTA VELOCIDAD (RAV)","C6539"
"RED DE ALTA VELOCIDAD (RAV)","C6542"
"RED DE ALTA VELOCIDAD (RAV)","C6543"
"RED DE ALTA VELOCIDAD (RAV)","C6544"
"RED DE ALTA VELOCIDAD (RAV)","B4106"
"RC SUR","C5443"
"RC SUR","C5444"
"RC SUR","C5445"
"RED DE ALTA VELOCIDAD (RAV)","C6545"
"RED DE ALTA VELOCIDAD (RAV)","C0347"
"RC ESTE","A6422"
"RED DE ALTA VELOCIDAD (RAV)","B0323"
"RED DE ALTA VELOCIDAD (RAV)","C0874"
"RED DE ALTA VELOCIDAD (RAV)","C0875"
"RED DE ALTA VELOCIDAD (RAV)","C0876"
"RED DE ALTA VELOCIDAD (RAV)","C0877"
"RC NORESTE","C7402"
"RC NORESTE","C7404"
"RC NORESTE","C7406"
"RC NORESTE","C7408"
"RC NORESTE","C7410"
"RED DE ALTA VELOCIDAD (RAV)","B0841"
"RED DE ALTA VELOCIDAD (RAV)","B0842"
"RED DE ALTA VELOCIDAD (RAV)","B0843"
"RED DE ALTA VELOCIDAD (RAV)","C0878"
"RED DE ALTA VELOCIDAD (RAV)","C0880"
"RED DE ALTA VELOCIDAD (RAV)","C0881"
"RED DE ALTA VELOCIDAD (RAV)","C0882"
"RED DE ALTA VELOCIDAD (RAV)","C0884"
"RED DE ALTA VELOCIDAD (RAV)","C0885"
"RED DE ALTA VELOCIDAD (RAV)","C0886"
"RED DE ALTA VELOCIDAD (RAV)","C0887"
"RED DE ALTA VELOCIDAD (RAV)","C0888"
"RED DE ALTA VELOCIDAD (RAV)","C0889"
"RED DE ALTA VELOCIDAD (RAV)","C0890"
"RED DE ALTA VELOCIDAD (RAV)","0878"
"RC CENTRO","C7304"
"RC NORESTE","C7081"
"RC NORTE","C1403"
"RC CENTRO","C3180"
"RC CENTRO","C3181"
"RC NORESTE","C7310"
"RC NORESTE","C7943"
"RC ESTE","C6418"
"RC NORTE","10620"
"RED DE ALTA VELOCIDAD (RAV)","A8241"
"RC NOROESTE","C2202"
"RC NOROESTE","C2203"
"RC NOROESTE","C2204"
"RED DE ALTA VELOCIDAD (RAV)","A8243"
"RED DE ALTA VELOCIDAD (RAV)","A8244"
"RED DE ALTA VELOCIDAD (RAV)","A8245"
"RED DE ALTA VELOCIDAD (RAV)","A8246"
"RED DE ALTA VELOCIDAD (RAV)","A8247"
"RED DE ALTA VELOCIDAD (RAV)","A8248"
"RC ESTE","C6419"
"RC ESTE","C6420"
"RC ESTE","C6421"
"RC ESTE","C6422"
"RC ESTE","C6423"
"RC ESTE","C6425"
"RC NORTE","C1125"
"RC NOROESTE","C2011"
"RC NOROESTE","20324"
"RED DE ALTA VELOCIDAD (RAV)","B0885"
"RED DE ALTA VELOCIDAD (RAV)","B0886"
"RED DE ALTA VELOCIDAD (RAV)","B0887"
"RED DE ALTA VELOCIDAD (RAV)","B0888"
"RED DE ALTA VELOCIDAD (RAV)","B0889"
"RC NORESTE","C7802"
"RC NORESTE","C7401"
"RC ESTE","C6424"
"RC ESTE","64205"
"RC ESTE","65420"
"RC ESTE","65421"
"RC ESTE","65422"
"RED DE ALTA VELOCIDAD (RAV)","A0843"
"RC NOROESTE","B3019"
"RC NOROESTE","B3021"
"RED DE ALTA VELOCIDAD (RAV)","B3120"
"RED DE ALTA VELOCIDAD (RAV)","C0505"
"RC SUR","B0100"
"RC ESTE","C6074"
"RC NOROESTE","31101"
"RC NORESTE","C7945"
"RC ESTE","C6105"
"RC NOROESTE","B3122"
"RC SUR","C0110"
"RC ESTE","A6133"
"RC ESTE","A6135"
"RC ESTE","A6137"
"RC ESTE","C6123"
"RED DE ALTA VELOCIDAD (RAV)","C0111"
"RED DE ALTA VELOCIDAD (RAV)","03200"
"RC CENTRO","B1803"
"RED DE ALTA VELOCIDAD (RAV)","04120"
"RC NORESTE","B7183"
"RED DE ALTA VELOCIDAD (RAV)","08244"
"RED DE ALTA VELOCIDAD (RAV)","08245"
"RED DE ALTA VELOCIDAD (RAV)","08246"
"RED DE ALTA VELOCIDAD (RAV)","08247"
"RED DE ALTA VELOCIDAD (RAV)","08248"
"RED DE ALTA VELOCIDAD (RAV)","C6200"
"RED DE ALTA VELOCIDAD (RAV)","C8020"
"RC SUR","B3750"
"RC SUR","B3760"
"RC NOROESTE","A8249"
"RED DE ALTA VELOCIDAD (RAV)","08253"
"RED DE ALTA VELOCIDAD (RAV)","08255"
"RC NOROESTE","A8250"
"RED DE ALTA VELOCIDAD (RAV)","08250"
"RED DE ALTA VELOCIDAD (RAV)","08251"
"RED DE ALTA VELOCIDAD (RAV)","08252"
"RC NOROESTE","A1510"
"RC NORTE","A0825"
"RED DE ALTA VELOCIDAD (RAV)","B3500"
"RC SUR","B3501"
"RC SUR","A3540"
"RC SUR","B3503"
"RC SUR","B3502"
"RC SUR","B3600"
"RC SUR","B3601"
"RC SUR","B3602"
"","C3602"
"RC SUR","03500"
"RC SUR","03501"
"RC SUR","03602"
"RC NOROESTE","Z0046"
"RED DE ALTA VELOCIDAD (RAV)","Z0139"
"RED DE ALTA VELOCIDAD (RAV)","Z0021"
"RED DE ALTA VELOCIDAD (RAV)","Z0061"
"RED DE ALTA VELOCIDAD (RAV)","Z0002"
"RED DE ALTA VELOCIDAD (RAV)","Z0302"
"RED DE ALTA VELOCIDAD (RAV)","Z0331"
"RED DE ALTA VELOCIDAD (RAV)","Z0264"
"RED DE ALTA VELOCIDAD (RAV)","Z0165"
"RED DE ALTA VELOCIDAD (RAV)","Z0083"
"RED DE ALTA VELOCIDAD (RAV)","Z0096"
"RED DE ALTA VELOCIDAD (RAV)","Z0127"
"RED DE ALTA VELOCIDAD (RAV)","Z0020"
"RED DE ALTA VELOCIDAD (RAV)","Z0093"
"RED DE ALTA VELOCIDAD (RAV)","Z0166"
"RED DE ALTA VELOCIDAD (RAV)","Z0031"
"RED DE ALTA VELOCIDAD (RAV)","Z0176"
"RED DE ALTA VELOCIDAD (RAV)","Z0078"
"RED DE ALTA VELOCIDAD (RAV)","C0816"
"RED DE ALTA VELOCIDAD (RAV)","ZN816"
"RED DE ALTA VELOCIDAD (RAV)","Z0125"
"RED DE ALTA VELOCIDAD (RAV)","Z0064"
"RED DE ALTA VELOCIDAD (RAV)","Z0121"
"RED DE ALTA VELOCIDAD (RAV)","Z0003"
"RED DE ALTA VELOCIDAD (RAV)","Z0076"
"RED DE ALTA VELOCIDAD (RAV)","Z0043"
"RED DE ALTA VELOCIDAD (RAV)","Z0110"
"RED DE ALTA VELOCIDAD (RAV)","Z0142"
"RED DE ALTA VELOCIDAD (RAV)","Z0026"
"RED DE ALTA VELOCIDAD (RAV)","Z0068"
"RED DE ALTA VELOCIDAD (RAV)","Z1147"
"RED DE ALTA VELOCIDAD (RAV)","Z0100"
"RED DE ALTA VELOCIDAD (RAV)","Z0101"
"RED DE ALTA VELOCIDAD (RAV)","Z0042"
"RED DE ALTA VELOCIDAD (RAV)","Z0070"
"RED DE ALTA VELOCIDAD (RAV)","Z0007"
"RED DE ALTA VELOCIDAD (RAV)","Z0129"
"RED DE ALTA VELOCIDAD (RAV)","Z0011"
"RED DE ALTA VELOCIDAD (RAV)","Z0136"
"RED DE ALTA VELOCIDAD (RAV)","Z0016"
"RED DE ALTA VELOCIDAD (RAV)","ZN002"
"RED DE ALTA VELOCIDAD (RAV)","ZN003"
"RED DE ALTA VELOCIDAD (RAV)","ZN001"
"RC NOROESTE","Z0155"
"RED DE ALTA VELOCIDAD (RAV)","Z0072"
"RED DE ALTA VELOCIDAD (RAV)","Z0052"
"RED DE ALTA VELOCIDAD (RAV)","Z0124"
"RED DE ALTA VELOCIDAD (RAV)","Z0132"
"RED DE ALTA VELOCIDAD (RAV)","Z0053"
"RED DE ALTA VELOCIDAD (RAV)","Z0156"
"RED DE ALTA VELOCIDAD (RAV)","Z0107"
"RED DE ALTA VELOCIDAD (RAV)","Z0025"
"RED DE ALTA VELOCIDAD (RAV)","Z0103"
"RED DE ALTA VELOCIDAD (RAV)","Z0112"
"RED DE ALTA VELOCIDAD (RAV)","Z0148"
"RED DE ALTA VELOCIDAD (RAV)","Z0114"
"RED DE ALTA VELOCIDAD (RAV)","Z0066"
"RC NOROESTE","Z0153"
"RED DE ALTA VELOCIDAD (RAV)","Z0163"
"RED DE ALTA VELOCIDAD (RAV)","Z0009"
"RED DE ALTA VELOCIDAD (RAV)","Z0082"
"RC NOROESTE","Z0157"
"RED DE ALTA VELOCIDAD (RAV)","Z0059"
"RED DE ALTA VELOCIDAD (RAV)","Z0170"
"RED DE ALTA VELOCIDAD (RAV)","Z0060"
"RC NOROESTE","Z0152"
"RED DE ALTA VELOCIDAD (RAV)","Z0149"
"RED DE ALTA VELOCIDAD (RAV)","Z0062"
"RED DE ALTA VELOCIDAD (RAV)","Z0085"
"RED DE ALTA VELOCIDAD (RAV)","Z0172"
"RED DE ALTA VELOCIDAD (RAV)","Z0080"
"RED DE ALTA VELOCIDAD (RAV)","Z0073"
"RED DE ALTA VELOCIDAD (RAV)","Z0116"
"RED DE ALTA VELOCIDAD (RAV)","Z0169"
"RED DE ALTA VELOCIDAD (RAV)","Z0174"
"RED DE ALTA VELOCIDAD (RAV)","Z0131"
"RED DE ALTA VELOCIDAD (RAV)","Z0141"
"RED DE ALTA VELOCIDAD (RAV)","Z0150"
"RED DE ALTA VELOCIDAD (RAV)","Z0178"
"RED DE ALTA VELOCIDAD (RAV)","Z0118"
"RC NOROESTE","Z0159"
"RED DE ALTA VELOCIDAD (RAV)","Z0089"
"RED DE ALTA VELOCIDAD (RAV)","Z0090"
"RED DE ALTA VELOCIDAD (RAV)","Z0105"
"RED DE ALTA VELOCIDAD (RAV)","Z0018"
"RED DE ALTA VELOCIDAD (RAV)","Z0134"
"RED DE ALTA VELOCIDAD (RAV)","Z0135"
"RC NOROESTE","Z0024"
"RED DE ALTA VELOCIDAD (RAV)","Z0036"
"RED DE ALTA VELOCIDAD (RAV)","Z0087"
"RC NOROESTE","Z0045"
"RC NORESTE","72508"
"RC SUR","A3760"
"","ZN801"
"","C3540"
"","ZN501"
"","ZN502"
"","C6132"
"RC NORESTE","A8401"
"","ZN461"
"","ZN462"
"","ZN463"
"RC ESTE","64010"
"RC ESTE","B6411"
"RC ESTE","B6410"
"RC NOROESTE","08208"
"RC NOROESTE","08207"
"","C8825"
"","ZN984"
"RC NOROESTE","C8818"
"RC NOROESTE","C8819"
"RC NOROESTE","C8817"
"RC NOROESTE","A0851"
"RC NOROESTE","A0849"
"RC NOROESTE","C8821"
"RC NOROESTE","C8822"
"RC NOROESTE","C8820"
"RC ESTE","61404"
"RC ESTE","B6140"
"RC CENTRO","A7003"
"RC NORTE","A3144"
"RC NOROESTE","A3143"
"RC SUR","A4309"
"RC SUR","B4310"
"RC SUR","43030"
"RC ESTE","64210"
"","Z5341"
"","Z0261"
"","Z0262"
"","Z5181"
"","Z6261"
"RC CENTRO","66019"
"RC CENTRO","66020"
"RC SUR","B5702"
"RC SUR","B5703"
"RED DE ALTA VELOCIDAD (RAV)","05021"
"RC NOROESTE","B2003"
"RC ESTE","64110"
"","Z9261"
"RC SUR","B3603"
"RC SUR","37612"
"RED DE ALTA VELOCIDAD (RAV)","04320"
"RC NOROESTE","05427"
"RC NOROESTE","05426"
"RC NORTE","B1053"
"RC NORTE","C1062"
"RC CENTRO","B3730"
"RC NOROESTE","C0868"
"","C1410"
"RC NORTE","C5740"
